name,gst_number,email,phone,address,_test_case
Everest Office Supplies,29NPYDH7535Q1ZI,vendor0@vendormail.test,9650453226,"816 Industrial Estate, Karnataka",
Meridian Logistics,36BQJDA6596G8ZE,vendor1@vendormail.test,9793072184,"529 Commercial Complex, Telangana",
BlueWave Hosting,36SOAFR7576M5Z4,vendor2@vendormail.test,9719794377,"859 Commercial Complex, Telangana",
Silverline Stationery,21PEDET5300E9ZX,vendor3@vendormail.test,9355789337,"383 Market Road, Odisha",
Crestline Advertising,19UCPZO5287R1Z7,vendor4@vendormail.test,9572437898,"3 Market Road, West Bengal",
Nimbus Electricals,33NSKWC3794B8Z3,vendor5@vendormail.test,9796712673,"106 Market Road, Tamil Nadu",
BlueWave IT Services,10BFLOJ8252T7Z2,vendor6@vendormail.test,9850962066,"156 Market Road, Bihar",
Anchor Packaging,03RIBAV1008B8ZD,vendor7@vendormail.test,9975359484,"109 Commercial Complex, Punjab",
Orbit Freight,,vendor8@vendormail.test,9880087137,"181 Industrial Estate, Jammu and Kashmir",
Fusion Security Services,18ROETQ3877B2ZA,vendor9@vendormail.test,9824326118,"177 Market Road, Assam",
Meridian Print Works,,vendor10@vendormail.test,9770412502,"810 Market Road, Assam",
Vertex Textiles,21RRWIF7918K8ZT,vendor11@vendormail.test,9373165202,"852 Industrial Estate, Odisha",
Fusion Consultants,32RQTRE5608C7ZS,vendor12@vendormail.test,9221339048,"358 Market Road, Kerala",
Metro Engineering,02YUWCX4074H8ZO,vendor13@vendormail.test,9576890143,"809 Commercial Complex, Himachal Pradesh",
Emerald Distributors,,vendor14@vendormail.test,9715714375,"790 Market Road, Telangana",
Northstar Office Supplies,24CRJXV6246K8ZF,vendor15@vendormail.test,9967942555,"815 Commercial Complex, Gujarat",
Skyline Logistics,02UNPKN5506I1Z6,vendor16@vendormail.test,9162612110,"217 Commercial Complex, Himachal Pradesh",
Zenith Hosting,10TRLGA8155G3ZQ,vendor17@vendormail.test,9501456357,"784 Industrial Estate, Bihar",
Reliable Stationery,21TCXCZ9488L2Z8,vendor18@vendormail.test,9368741801,"421 Market Road, Odisha",
Horizon Advertising,,vendor19@vendormail.test,9694748831,"685 Market Road, Karnataka",
Reliable Electricals,06BJODR1857V8ZM,vendor20@vendormail.test,9798828107,"282 Market Road, Haryana",
Anchor IT Services,,vendor21@vendormail.test,9915356141,"41 Industrial Estate, Jammu and Kashmir",
Golden Harvest Packaging,,vendor22@vendormail.test,9384216486,"159 Commercial Complex, Jharkhand",
Northstar Freight,,vendor23@vendormail.test,9811566329,"955 Industrial Estate, Chhattisgarh",
Sunrise Security Services,11HVVNW8934Z9ZG,vendor24@vendormail.test,9871227566,"625 Industrial Estate, Sikkim",
Everest Print Works,,vendor25@vendormail.test,9605174444,"996 Market Road, Bihar",
Prime Textiles,,vendor26@vendormail.test,9400691579,"458 Commercial Complex, Gujarat",
Greenfield Consultants,06PYYMO5129V8ZL,vendor27@vendormail.test,9186547952,"269 Commercial Complex, Haryana",
Everest Engineering,22IBHUQ3964N8Z1,vendor28@vendormail.test,9765369356,"942 Market Road, Chhattisgarh",
Zenith Distributors,,vendor29@vendormail.test,9733164377,"555 Market Road, Odisha",
Delta Office Supplies,,vendor30@vendormail.test,9414814722,"286 Commercial Complex, Sikkim",
Zenith Logistics,21TZGAX3231X4Z0,vendor31@vendormail.test,9103501567,"708 Commercial Complex, Odisha",
Northstar Hosting,33LRBSF7174H9ZB,vendor32@vendormail.test,9219056404,"157 Commercial Complex, Tamil Nadu",
Falcon Stationery,,vendor33@vendormail.test,9945706949,"302 Commercial Complex, Bihar",
Northstar Advertising,36UJDXZ7710R7ZI,vendor34@vendormail.test,9857257491,"136 Market Road, Telangana",
Anchor Electricals,02ZVAKP9494A6ZO,vendor35@vendormail.test,9209669955,"388 Industrial Estate, Himachal Pradesh",
Golden Harvest IT Services,,vendor36@vendormail.test,9782540783,"946 Commercial Complex, Odisha",
CloudNet Packaging,07VYEXQ9061C9Z0,vendor37@vendormail.test,9782620320,"665 Industrial Estate, Delhi",
Skyline Freight,18KWUCQ4435R1Z5,vendor38@vendormail.test,9684685474,"868 Industrial Estate, Assam",
Orbit Security Services,,vendor39@vendormail.test,9914214275,"818 Industrial Estate, Gujarat",
Meridian Print Works,03IWJWI7575M4ZW,vendor40@vendormail.test,9564939239,"334 Market Road, Punjab",
Falcon Textiles,23YEWRE3285C3Z7,vendor41@vendormail.test,9856873004,"554 Commercial Complex, Madhya Pradesh",
Horizon Consultants,11VPKXP6081F9Z6,vendor42@vendormail.test,9267846357,"710 Market Road, Sikkim",
Skyline Engineering,02IBCFR9853R8ZF,vendor43@vendormail.test,9951122269,"752 Industrial Estate, Himachal Pradesh",
Metro Distributors,,vendor44@vendormail.test,9323322360,"889 Commercial Complex, Jammu and Kashmir",
Greenfield Office Supplies,10DLWMK8003R6ZL,vendor45@vendormail.test,9605945277,"148 Market Road, Bihar",
Delta Logistics,,vendor46@vendormail.test,9875644496,"250 Industrial Estate, Jammu and Kashmir",
Sunrise Hosting,22LFGZY1118N3Z8,vendor47@vendormail.test,9344336379,"844 Industrial Estate, Chhattisgarh",
Prime Stationery,,vendor48@vendormail.test,9973237528,"891 Market Road, Assam",
Ironclad Advertising,08ILFQW8420P1ZD,vendor49@vendormail.test,9373470815,"339 Industrial Estate, Rajasthan",
Reliable Electricals,33PFYUF3073F9ZW,vendor50@vendormail.test,9975974370,"947 Commercial Complex, Tamil Nadu",
Anchor IT Services,,vendor51@vendormail.test,9861482442,"168 Commercial Complex, Bihar",
BlueWave Packaging,,vendor52@vendormail.test,9455480893,"351 Commercial Complex, Uttarakhand",
Skyline Freight,,vendor53@vendormail.test,9748144052,"744 Market Road, Madhya Pradesh",
Crestline Security Services,27UXZQH2703N8Z9,vendor54@vendormail.test,9677068615,"875 Industrial Estate, Maharashtra",
Fusion Print Works,,vendor55@vendormail.test,9784651936,"804 Commercial Complex, Jharkhand",
Greenfield Textiles,,vendor56@vendormail.test,9350017211,"541 Commercial Complex, Odisha",
Falcon Consultants,,vendor57@vendormail.test,9508143904,"624 Industrial Estate, Sikkim",
Skyline Engineering,,vendor58@vendormail.test,9652868878,"688 Commercial Complex, Uttar Pradesh",
Bluepeak Distributors,,vendor59@vendormail.test,9901130413,"234 Industrial Estate, Chhattisgarh",
Apex Office Supplies,,vendor60@vendormail.test,9175755817,"988 Market Road, Karnataka",
Apex Logistics,29INXLA7934F4ZQ,vendor61@vendormail.test,9435851135,"597 Market Road, Karnataka",
Crestline Hosting,,vendor62@vendormail.test,9552846118,"282 Industrial Estate, Haryana",
Vertex Stationery,30OIBDS4692H9ZB,vendor63@vendormail.test,9844971832,"121 Industrial Estate, Goa",
Bluepeak Advertising,,vendor64@vendormail.test,9197836569,"888 Commercial Complex, Chhattisgarh",
Golden Harvest Electricals,08JOBXO2240B9ZB,vendor65@vendormail.test,9225593408,"375 Industrial Estate, Rajasthan",
Metro IT Services,07ILDRM9380Y8ZE,vendor66@vendormail.test,9442276817,"949 Commercial Complex, Delhi",
Fusion Packaging,,vendor67@vendormail.test,9766788228,"377 Commercial Complex, Kerala",
Ironclad Freight,,vendor68@vendormail.test,9417629070,"362 Commercial Complex, Kerala",
Reliable Security Services,29OZAIX4932W7ZI,vendor69@vendormail.test,9704672358,"728 Market Road, Karnataka",
Everest Print Works,10NWYHB4674T6ZK,vendor70@vendormail.test,9840536977,"321 Industrial Estate, Bihar",
Bluepeak Textiles,,vendor71@vendormail.test,9253987655,"829 Industrial Estate, Assam",
Delta Consultants,,vendor72@vendormail.test,9668646696,"661 Market Road, Andhra Pradesh",
Apex Engineering,,vendor73@vendormail.test,9523438238,"666 Commercial Complex, Punjab",
Nimbus Distributors,,vendor74@vendormail.test,9775547178,"727 Industrial Estate, Karnataka",
Everest Office Supplies,18MSIBF3220P7ZQ,vendor75@vendormail.test,9597388789,"208 Industrial Estate, Assam",
Zenith Logistics,,vendor76@vendormail.test,9251930765,"308 Industrial Estate, Gujarat",
Metro Hosting,,vendor77@vendormail.test,9833582557,"879 Industrial Estate, Assam",
Apex Stationery,,vendor78@vendormail.test,9943718307,"173 Market Road, Punjab",
Skyline Advertising,,vendor79@vendormail.test,9110315353,"755 Market Road, Bihar",
Apex Electricals,37LHVUO2478F2Z9,vendor80@vendormail.test,9141645293,"371 Market Road, Andhra Pradesh",
Falcon IT Services,,vendor81@vendormail.test,9613458191,"586 Commercial Complex, Assam",
Pioneer Packaging,33AYMXC4877E6ZT,vendor82@vendormail.test,9536622406,"9 Industrial Estate, Tamil Nadu",
Orbit Freight,,vendor83@vendormail.test,9939374575,"117 Industrial Estate, Punjab",
Emerald Security Services,36ZGNJB4511T7ZL,vendor84@vendormail.test,9595725891,"438 Market Road, Telangana",
Horizon Print Works,22GVDDA3710T2ZN,vendor85@vendormail.test,9639556123,"86 Industrial Estate, Chhattisgarh",
BlueWave Textiles,27WOENP9929U9ZE,vendor86@vendormail.test,9721047638,"389 Market Road, Maharashtra",
Horizon Consultants,18EDORW1591Q3ZE,vendor87@vendormail.test,9820159873,"223 Industrial Estate, Assam",
Reliable Engineering,24SSCYG8062U7Z5,vendor88@vendormail.test,9157804379,"308 Market Road, Gujarat",
Meridian Distributors,,vendor89@vendormail.test,9619962837,"88 Industrial Estate, Punjab",
Titan Office Supplies,,vendor90@vendormail.test,9688255707,"924 Market Road, Tamil Nadu",
Everest Logistics,,vendor91@vendormail.test,9951674289,"782 Commercial Complex, Madhya Pradesh",
Skyline Hosting,01CSUAX5079I5ZX,vendor92@vendormail.test,9561555795,"29 Commercial Complex, Jammu and Kashmir",
Everest Stationery,23MKBSL3514L8ZJ,vendor93@vendormail.test,9342766208,"78 Commercial Complex, Madhya Pradesh",
Redwood Advertising,,vendor94@vendormail.test,9523455793,"27 Industrial Estate, Chandigarh",
Crestline Electricals,30NBQWT1898K8ZB,vendor95@vendormail.test,9301824104,"778 Market Road, Goa",
Northstar IT Services,37FLWAI5602M7ZZ,vendor96@vendormail.test,9837036636,"620 Industrial Estate, Andhra Pradesh",
Titan Packaging,,vendor97@vendormail.test,9366093190,"224 Market Road, Andhra Pradesh",
Delta Freight,22CRNAA9117C5ZD,vendor98@vendormail.test,9700686670,"431 Industrial Estate, Chhattisgarh",
CloudNet Security Services,10FATIN9043J5Z8,vendor99@vendormail.test,9844628716,"539 Market Road, Bihar",
Metro Print Works,,vendor100@vendormail.test,9283716704,"250 Commercial Complex, Goa",
Reliable Textiles,01VMDWI9875W3ZX,vendor101@vendormail.test,9690997836,"969 Commercial Complex, Jammu and Kashmir",
Bluepeak Consultants,11ZCQCO7894Z1ZN,vendor102@vendormail.test,9433734018,"532 Industrial Estate, Sikkim",
Redwood Engineering,,vendor103@vendormail.test,9632156157,"556 Market Road, Jharkhand",
Anchor Distributors,33MKOQD4940R1ZC,vendor104@vendormail.test,9377130207,"712 Industrial Estate, Tamil Nadu",
Horizon Office Supplies,18NKXHL8857W5ZG,vendor105@vendormail.test,9521867614,"237 Commercial Complex, Assam",
Redwood Logistics,02KCIXO8877M1ZH,vendor106@vendormail.test,9379331896,"367 Market Road, Himachal Pradesh",
Skyline Hosting,04CUGCL9913D5ZN,vendor107@vendormail.test,9854891556,"389 Industrial Estate, Chandigarh",
Everest Stationery,19DHXWW2247C9ZK,vendor108@vendormail.test,9529140922,"767 Market Road, West Bengal",
Sunrise Advertising,,vendor109@vendormail.test,9464841558,"727 Market Road, Sikkim",
Prime Electricals,18XEKZJ5185Y4Z5,vendor110@vendormail.test,9585414012,"92 Commercial Complex, Assam",
Emerald IT Services,10WRQIZ6802V7Z1,vendor111@vendormail.test,9130775818,"10 Industrial Estate, Bihar",
Sunrise Packaging,,vendor112@vendormail.test,9745290561,"979 Commercial Complex, Punjab",
Silverline Freight,,vendor113@vendormail.test,9633159020,"795 Industrial Estate, Uttarakhand",
CloudNet Security Services,,vendor114@vendormail.test,9958845073,"602 Commercial Complex, West Bengal",
Anchor Print Works,05RQSTT4402M9ZO,vendor115@vendormail.test,9674537025,"377 Market Road, Uttarakhand",
Emerald Textiles,,vendor116@vendormail.test,9448798700,"858 Market Road, Maharashtra",
Silverline Consultants,27FASOK6909B9ZH,vendor117@vendormail.test,9174768068,"194 Commercial Complex, Maharashtra",
Emerald Engineering,,vendor118@vendormail.test,9909190079,"793 Industrial Estate, Uttar Pradesh",
CloudNet Distributors,23QOETM8592B1Z0,vendor119@vendormail.test,9285457263,"830 Commercial Complex, Madhya Pradesh",
Anchor Office Supplies,33RISHE6822I5ZY,vendor120@vendormail.test,9559289592,"590 Commercial Complex, Tamil Nadu",
Skyline Logistics,03ZTMSZ8129E8ZV,vendor121@vendormail.test,9280985702,"513 Industrial Estate, Punjab",
Sunrise Hosting,36XXSBZ4353I5Z3,vendor122@vendormail.test,9722725479,"679 Commercial Complex, Telangana",
Ironclad Stationery,,vendor123@vendormail.test,9297702269,"240 Commercial Complex, Maharashtra",
Crestline Advertising,20SOVKX9427T8ZF,vendor124@vendormail.test,9837501242,"979 Market Road, Jharkhand",
Titan Electricals,03LMZCR5650U6Z2,vendor125@vendormail.test,9534903775,"975 Industrial Estate, Punjab",
Bluepeak IT Services,,vendor126@vendormail.test,9390537402,"895 Market Road, Himachal Pradesh",
Skyline Packaging,03SWESQ5017K6ZJ,vendor127@vendormail.test,9945223230,"909 Market Road, Punjab",
Metro Freight,,vendor128@vendormail.test,9281443023,"691 Market Road, Chhattisgarh",
Emerald Security Services,18WROOR1790E7ZU,vendor129@vendormail.test,9506257861,"281 Market Road, Assam",
Delta Print Works,,vendor130@vendormail.test,9202924922,"848 Industrial Estate, Chhattisgarh",
Reliable Textiles,05WSBNZ8679B9ZR,vendor131@vendormail.test,9178366314,"955 Market Road, Uttarakhand",
Anchor Consultants,36ODKBY5223I7ZF,vendor132@vendormail.test,9210671759,"597 Market Road, Telangana",
CloudNet Engineering,27LUETW9019G9Z8,vendor133@vendormail.test,9799580120,"784 Commercial Complex, Maharashtra",
Ironclad Distributors,22ZRZOV9119O1ZD,vendor134@vendormail.test,9603323120,"574 Market Road, Chhattisgarh",
Meridian Office Supplies,05IEYET1504R3ZK,vendor135@vendormail.test,9536131305,"495 Market Road, Uttarakhand",
Pioneer Logistics,20RKAOJ4330R4ZX,vendor136@vendormail.test,9593249310,"65 Commercial Complex, Jharkhand",
Skyline Hosting,32NZTAA8739A1Z2,vendor137@vendormail.test,9150082701,"831 Industrial Estate, Kerala",
Vertex Stationery,02NNTXS8121Y4ZK,vendor138@vendormail.test,9139282259,"511 Market Road, Himachal Pradesh",
BlueWave Advertising,23GNPRR9056X5Z8,vendor139@vendormail.test,9572723510,"886 Commercial Complex, Madhya Pradesh",
Anchor Electricals,,vendor140@vendormail.test,9540068626,"356 Industrial Estate, Karnataka",
Titan IT Services,10RGIID8715M6ZR,vendor141@vendormail.test,9196435175,"792 Market Road, Bihar",
Zenith Packaging,04LPMPA1661G5ZV,vendor142@vendormail.test,9921105612,"136 Industrial Estate, Chandigarh",
BlueWave Freight,06KZFFV7372V5ZW,vendor143@vendormail.test,9284501587,"976 Commercial Complex, Haryana",
Delta Security Services,01PSAZT5225Y1ZY,vendor144@vendormail.test,9343847080,"344 Industrial Estate, Jammu and Kashmir",
Horizon Print Works,05QHKMD6613W9ZM,vendor145@vendormail.test,9617745101,"779 Market Road, Uttarakhand",
Pioneer Textiles,01BUVWK7687T4ZM,vendor146@vendormail.test,9246032119,"505 Commercial Complex, Jammu and Kashmir",
CloudNet Consultants,09DNJKU9513H8ZI,vendor147@vendormail.test,9944522788,"853 Industrial Estate, Uttar Pradesh",
Vertex Engineering,,vendor148@vendormail.test,9461870954,"769 Market Road, Haryana",
Metro Distributors,08VSVTS1871A9ZT,vendor149@vendormail.test,9253088660,"671 Industrial Estate, Rajasthan",
Prime Office Supplies,,vendor150@vendormail.test,9319487821,"761 Commercial Complex, Himachal Pradesh",
Sunrise Logistics,07GTRQN9431G9ZR,vendor151@vendormail.test,9494207503,"409 Market Road, Delhi",
Redwood Hosting,,vendor152@vendormail.test,9486597918,"662 Commercial Complex, Uttarakhand",
Meridian Stationery,01HFCNS7089Y2Z4,vendor153@vendormail.test,9552009325,"586 Market Road, Jammu and Kashmir",
Greenfield Advertising,30QHVJH3360D6Z5,vendor154@vendormail.test,9814776831,"714 Market Road, Goa",
Emerald Electricals,29RLAFD8377G7Z7,vendor155@vendormail.test,9668352436,"372 Market Road, Karnataka",
Metro IT Services,05NOQOF8484T8Z7,vendor156@vendormail.test,9333745915,"694 Industrial Estate, Uttarakhand",
Everest Packaging,,vendor157@vendormail.test,9355574722,"169 Industrial Estate, Jammu and Kashmir",
Northstar Freight,37PRZUU1489E6ZA,vendor158@vendormail.test,9525333374,"447 Commercial Complex, Andhra Pradesh",
Meridian Security Services,,vendor159@vendormail.test,9662649417,"415 Market Road, Goa",
Crestline Print Works,,vendor160@vendormail.test,9793886707,"469 Industrial Estate, West Bengal",
Skyline Textiles,22CHORL3331R6ZF,vendor161@vendormail.test,9884597284,"1 Industrial Estate, Chhattisgarh",
Zenith Consultants,10DMECJ7560H8ZS,vendor162@vendormail.test,9321081537,"587 Market Road, Bihar",
Horizon Engineering,29GIPAO6699K5Z0,vendor163@vendormail.test,9489010069,"446 Market Road, Karnataka",
Silverline Distributors,03MNFBT2491A3Z3,vendor164@vendormail.test,9319068996,"390 Market Road, Punjab",
Greenfield Office Supplies,36ZJKUF4045F4ZS,vendor165@vendormail.test,9642231175,"463 Commercial Complex, Telangana",
Pioneer Logistics,03LKUPA1170J9Z7,vendor166@vendormail.test,9562558731,"406 Market Road, Punjab",
Bluepeak Hosting,21FWEIY8328Y9ZM,vendor167@vendormail.test,9813473052,"481 Market Road, Odisha",
Fusion Stationery,,vendor168@vendormail.test,9399996111,"94 Commercial Complex, Goa",
Horizon Advertising,,vendor169@vendormail.test,9820368347,"24 Market Road, Karnataka",
Metro Electricals,20HYSRQ2760A5ZW,vendor170@vendormail.test,9906624002,"503 Industrial Estate, Jharkhand",
Ironclad IT Services,20YVGMF4830R8Z9,vendor171@vendormail.test,9161159674,"763 Market Road, Jharkhand",
Reliable Packaging,27AILXC4135O9ZT,vendor172@vendormail.test,9894730104,"461 Commercial Complex, Maharashtra",
Everest Freight,37OGLGG1711T7Z6,vendor173@vendormail.test,9442428473,"634 Industrial Estate, Andhra Pradesh",
Zenith Security Services,06TBGNO7388I7ZK,vendor174@vendormail.test,9384775347,"953 Industrial Estate, Haryana",
Skyline Print Works,,vendor175@vendormail.test,9484750773,"258 Market Road, Rajasthan",
Greenfield Textiles,06ZECJA4852Q8ZE,vendor176@vendormail.test,9105485787,"534 Market Road, Haryana",
BlueWave Consultants,10KHLXP1960G8ZZ,vendor177@vendormail.test,9378697232,"452 Commercial Complex, Bihar",
Delta Engineering,27DTCCE6538B4ZZ,vendor178@vendormail.test,9850279813,"321 Commercial Complex, Maharashtra",
Orbit Distributors,,vendor179@vendormail.test,9639779084,"729 Market Road, Tamil Nadu",
Everest Office Supplies,,vendor180@vendormail.test,9147689668,"44 Commercial Complex, Goa",
Nimbus Logistics,29FFDOS7571A2ZO,vendor181@vendormail.test,9653648045,"322 Commercial Complex, Karnataka",
Bluepeak Hosting,01EIWFN2735A2ZL,vendor182@vendormail.test,9416005786,"831 Commercial Complex, Jammu and Kashmir",
Titan Stationery,24CJBTR2484T5ZH,vendor183@vendormail.test,9303681054,"936 Commercial Complex, Gujarat",
Silverline Advertising,,vendor184@vendormail.test,9138850168,"899 Commercial Complex, Assam",
Reliable Electricals,04RTPVO9720O2Z6,vendor185@vendormail.test,9565037034,"815 Market Road, Chandigarh",
Vertex IT Services,01NQPDW3669Y9ZX,vendor186@vendormail.test,9118546302,"503 Market Road, Jammu and Kashmir",
Nimbus Packaging,,vendor187@vendormail.test,9265032227,"986 Market Road, Punjab",
CloudNet Freight,05BFOED5344B1ZN,vendor188@vendormail.test,9613249108,"894 Market Road, Uttarakhand",
Everest Security Services,,vendor189@vendormail.test,9632604618,"372 Market Road, Chhattisgarh",
Orbit Print Works,05SGAKB3970N3ZC,vendor190@vendormail.test,9797574141,"236 Industrial Estate, Uttarakhand",
Greenfield Textiles,18YLMCC8071B2Z8,vendor191@vendormail.test,9187905943,"921 Industrial Estate, Assam",
Crestline Consultants,,vendor192@vendormail.test,9862845891,"661 Industrial Estate, Kerala",
Titan Engineering,,vendor193@vendormail.test,9337997028,"201 Industrial Estate, Karnataka",
Apex Distributors,27WNMSD8031Z3ZO,vendor194@vendormail.test,9223504047,"810 Commercial Complex, Maharashtra",
Falcon Office Supplies,,vendor195@vendormail.test,9562218803,"569 Market Road, Karnataka",
Ironclad Logistics,29ZVVWS2765S7Z9,vendor196@vendormail.test,9151971549,"991 Commercial Complex, Karnataka",
Fusion Hosting,06CDBFK9501D7ZR,vendor197@vendormail.test,9933195802,"106 Market Road, Haryana",
Meridian Stationery,01GTUVW2234W8ZG,vendor198@vendormail.test,9375580530,"40 Market Road, Jammu and Kashmir",
Falcon Advertising,20OGOJV1189S6Z6,vendor199@vendormail.test,9137292677,"424 Industrial Estate, Jharkhand",
Ironclad Electricals,,vendor200@vendormail.test,9465587918,"408 Commercial Complex, Uttar Pradesh",
Northstar IT Services,32QOVOB5225E5ZF,vendor201@vendormail.test,9427543978,"147 Market Road, Kerala",
Northstar Packaging,,vendor202@vendormail.test,9766039941,"368 Commercial Complex, Bihar",
Anchor Freight,,vendor203@vendormail.test,9575734839,"930 Commercial Complex, Goa",
Apex Security Services,07RQHKK2402T6ZM,vendor204@vendormail.test,9148206967,"99 Commercial Complex, Delhi",
Titan Print Works,,vendor205@vendormail.test,9249232874,"538 Market Road, Chhattisgarh",
Greenfield Textiles,10RJNPA7347E8ZY,vendor206@vendormail.test,9191055832,"124 Commercial Complex, Bihar",
Greenfield Consultants,36OLTIN5424Z7Z9,vendor207@vendormail.test,9738335244,"940 Market Road, Telangana",
Emerald Engineering,,vendor208@vendormail.test,9798433531,"48 Industrial Estate, Chhattisgarh",
Greenfield Distributors,06VTVHE6962P3ZN,vendor209@vendormail.test,9193133084,"735 Industrial Estate, Haryana",
Reliable Office Supplies,06YIITV1011Q6Z7,vendor210@vendormail.test,9999458190,"635 Commercial Complex, Haryana",
Northstar Logistics,03LCYBU1135U6ZO,vendor211@vendormail.test,9454826523,"204 Industrial Estate, Punjab",
Metro Hosting,,vendor212@vendormail.test,9392267264,"381 Commercial Complex, Madhya Pradesh",
Sunrise Stationery,29FRGDS3024A2ZJ,vendor213@vendormail.test,9721323101,"278 Commercial Complex, Karnataka",
Meridian Advertising,,vendor214@vendormail.test,9217040924,"812 Commercial Complex, Telangana",
Anchor Electricals,,vendor215@vendormail.test,9401761622,"883 Industrial Estate, Punjab",
Emerald IT Services,,vendor216@vendormail.test,9649749055,"228 Commercial Complex, Chhattisgarh",
Ironclad Packaging,,vendor217@vendormail.test,9831125753,"864 Market Road, Delhi",
Delta Freight,,vendor218@vendormail.test,9735376927,"781 Market Road, Chhattisgarh",
Golden Harvest Security Services,,vendor219@vendormail.test,9148460572,"775 Industrial Estate, Bihar",
Nimbus Print Works,,vendor220@vendormail.test,9670053486,"151 Industrial Estate, Jharkhand",
Everest Textiles,29YWXNN1253B7ZJ,vendor221@vendormail.test,9433646237,"167 Commercial Complex, Karnataka",
Fusion Consultants,,vendor222@vendormail.test,9929311906,"632 Commercial Complex, Madhya Pradesh",
Emerald Engineering,11JMZUW3088N4ZT,vendor223@vendormail.test,9639306845,"536 Market Road, Sikkim",
Golden Harvest Distributors,37ZVDIT3101U6ZM,vendor224@vendormail.test,9451044421,"120 Industrial Estate, Andhra Pradesh",
Meridian Office Supplies,23RTOIZ5124K6ZO,vendor225@vendormail.test,9694873293,"754 Market Road, Madhya Pradesh",
Apex Logistics,22EZLMJ7207W1Z8,vendor226@vendormail.test,9237980211,"554 Market Road, Chhattisgarh",
Vertex Hosting,33SNCRB8743K4ZE,vendor227@vendormail.test,9834454829,"863 Industrial Estate, Tamil Nadu",
Ironclad Stationery,,vendor228@vendormail.test,9486447984,"619 Industrial Estate, Gujarat",
Nimbus Advertising,37SKCRM5842W2ZQ,vendor229@vendormail.test,9948634273,"978 Commercial Complex, Andhra Pradesh",
CloudNet Electricals,04AKHHD7257J6Z3,vendor230@vendormail.test,9434887732,"278 Industrial Estate, Chandigarh",
Metro IT Services,29WCDWF4981I8ZK,vendor231@vendormail.test,9768104981,"443 Market Road, Karnataka",
Delta Packaging,01TTUHH9131L9ZW,vendor232@vendormail.test,9973728353,"565 Market Road, Jammu and Kashmir",
Horizon Freight,,vendor233@vendormail.test,9669816581,"537 Market Road, Telangana",
Everest Security Services,,vendor234@vendormail.test,9649471677,"414 Industrial Estate, Chhattisgarh",
Ironclad Print Works,,vendor235@vendormail.test,9224128440,"376 Market Road, Uttarakhand",
Pioneer Textiles,29GLZFD5726S1ZN,vendor236@vendormail.test,9330195549,"121 Industrial Estate, Karnataka",
Apex Consultants,29IOYLH4387V2ZT,vendor237@vendormail.test,9885802741,"965 Market Road, Karnataka",
Meridian Engineering,,vendor238@vendormail.test,9956369026,"406 Market Road, Delhi",
Delta Distributors,22SMAAK7735Y6ZZ,vendor239@vendormail.test,9113445088,"4 Market Road, Chhattisgarh",
Delta Office Supplies,33DWOEW3965Z9ZI,vendor240@vendormail.test,9229839271,"595 Industrial Estate, Tamil Nadu",
Titan Logistics,,vendor241@vendormail.test,9676797964,"169 Commercial Complex, Jharkhand",
Orbit Hosting,,vendor242@vendormail.test,9572837189,"137 Commercial Complex, Andhra Pradesh",
Prime Stationery,,vendor243@vendormail.test,9742845741,"211 Industrial Estate, Delhi",
Titan Advertising,10SJPVO1601M7ZZ,vendor244@vendormail.test,9134855314,"909 Commercial Complex, Bihar",
Orbit Electricals,08CFQGZ9536Z5Z9,vendor245@vendormail.test,9198325058,"116 Market Road, Rajasthan",
Crestline IT Services,20JEGDW4850O9ZF,vendor246@vendormail.test,9608781512,"776 Market Road, Jharkhand",
Sunrise Packaging,33SFJQN2362W7ZV,vendor247@vendormail.test,9722109051,"359 Commercial Complex, Tamil Nadu",
Bluepeak Freight,,vendor248@vendormail.test,9965962558,"641 Market Road, Gujarat",
Fusion Security Services,09EQMTX4417Y7ZM,vendor249@vendormail.test,9840181220,"404 Commercial Complex, Uttar Pradesh",
Pioneer Print Works,22KLMMO6912Z9Z1,vendor250@vendormail.test,9177204835,"214 Commercial Complex, Chhattisgarh",
Everest Textiles,29BIUZA9973U9ZT,vendor251@vendormail.test,9292367500,"443 Commercial Complex, Karnataka",
Titan Consultants,07PAVWC1451B2ZE,vendor252@vendormail.test,9188044197,"230 Market Road, Delhi",
Nimbus Engineering,23ZIEFZ9182T3ZE,vendor253@vendormail.test,9380835568,"600 Market Road, Madhya Pradesh",
Sunrise Distributors,36NKUJV5097O1ZT,vendor254@vendormail.test,9775212408,"820 Market Road, Telangana",
Northstar Office Supplies,03IXFRA8441T7Z3,vendor255@vendormail.test,9815441398,"237 Commercial Complex, Punjab",
Delta Logistics,02PKBEF3968N5ZO,vendor256@vendormail.test,9824374964,"178 Industrial Estate, Himachal Pradesh",
Fusion Hosting,19OLEGJ8683D6ZX,vendor257@vendormail.test,9832317814,"455 Market Road, West Bengal",
Metro Stationery,22MDRIQ8643V8ZN,vendor258@vendormail.test,9771464871,"828 Industrial Estate, Chhattisgarh",
Bluepeak Advertising,,vendor259@vendormail.test,9104941743,"837 Market Road, Jharkhand",
Horizon Electricals,20NRWRK2029B9ZV,vendor260@vendormail.test,9823219092,"620 Commercial Complex, Jharkhand",
Metro IT Services,,vendor261@vendormail.test,9506413674,"992 Commercial Complex, Madhya Pradesh",
Titan Packaging,,vendor262@vendormail.test,9414974643,"850 Industrial Estate, Maharashtra",
Ironclad Freight,,vendor263@vendormail.test,9393997658,"279 Commercial Complex, Jharkhand",
BlueWave Security Services,07DKMLU6745T7ZQ,vendor264@vendormail.test,9889578075,"343 Market Road, Delhi",
Delta Print Works,,vendor265@vendormail.test,9513402278,"634 Commercial Complex, West Bengal",
Falcon Textiles,09ZTJVV4909I8ZQ,vendor266@vendormail.test,9443292739,"664 Industrial Estate, Uttar Pradesh",
Ironclad Consultants,,vendor267@vendormail.test,9125252144,"794 Commercial Complex, Uttar Pradesh",
CloudNet Engineering,06PASRT7526K4ZQ,vendor268@vendormail.test,9457304940,"899 Industrial Estate, Haryana",
CloudNet Distributors,18HWAZN7137H9ZN,vendor269@vendormail.test,9313375756,"747 Market Road, Assam",
Fusion Office Supplies,,vendor270@vendormail.test,9302388445,"192 Market Road, Maharashtra",
Northstar Logistics,20PHTBX1478P4Z3,vendor271@vendormail.test,9324446300,"57 Commercial Complex, Jharkhand",
Everest Hosting,36WFVSV6148D1ZJ,vendor272@vendormail.test,9537669307,"370 Market Road, Telangana",
CloudNet Stationery,,vendor273@vendormail.test,9778217992,"596 Commercial Complex, Odisha",
Metro Advertising,10YMQGZ7456N1ZP,vendor274@vendormail.test,9334516508,"872 Industrial Estate, Bihar",
Meridian Electricals,27QGIDB5647C1ZF,vendor275@vendormail.test,9122707819,"184 Market Road, Maharashtra",
Vertex IT Services,22UCWIK9482I8Z4,vendor276@vendormail.test,9707503230,"650 Commercial Complex, Chhattisgarh",
Metro Packaging,08WACGX8326U6ZR,vendor277@vendormail.test,9857862554,"970 Commercial Complex, Rajasthan",
Zenith Freight,11AVITQ4005N1ZL,vendor278@vendormail.test,9916608943,"479 Industrial Estate, Sikkim",
Bluepeak Security Services,23MLMMQ9876V2ZK,vendor279@vendormail.test,9743938244,"187 Industrial Estate, Madhya Pradesh",
Meridian Print Works,,vendor280@vendormail.test,9334528187,"584 Industrial Estate, Chandigarh",
Golden Harvest Textiles,21GPPZY2678W4ZP,vendor281@vendormail.test,9634969738,"422 Market Road, Odisha",
Delta Consultants,33NZMBB7626U6ZH,vendor282@vendormail.test,9132171958,"839 Commercial Complex, Tamil Nadu",
Prime Engineering,02ZNTRH9698X5Z6,vendor283@vendormail.test,9310751561,"825 Industrial Estate, Himachal Pradesh",
CloudNet Distributors,37JFYIH1118J5ZI,vendor284@vendormail.test,9614546594,"190 Market Road, Andhra Pradesh",
BlueWave Office Supplies,,vendor285@vendormail.test,9226362320,"888 Commercial Complex, Delhi",
Orbit Logistics,,vendor286@vendormail.test,9362914413,"811 Market Road, Madhya Pradesh",
Emerald Hosting,09GYLTI9234I5ZR,vendor287@vendormail.test,9144717075,"565 Market Road, Uttar Pradesh",
Crestline Stationery,11ZPAZZ1551O6Z1,vendor288@vendormail.test,9105453392,"866 Market Road, Sikkim",
Falcon Advertising,20QUDJF1618E7ZY,vendor289@vendormail.test,9310274770,"225 Industrial Estate, Jharkhand",
Northstar Electricals,,vendor290@vendormail.test,9364019916,"367 Commercial Complex, Haryana",
Fusion IT Services,01ZAPPU5508Z1ZL,vendor291@vendormail.test,9832954777,"475 Industrial Estate, Jammu and Kashmir",
Anchor Packaging,04DZPFO6347A1ZS,vendor292@vendormail.test,9237463485,"206 Industrial Estate, Chandigarh",
Crestline Freight,,vendor293@vendormail.test,9851386610,"40 Market Road, Uttarakhand",
Titan Security Services,23DXHWU1533S4ZD,vendor294@vendormail.test,9472148341,"305 Market Road, Madhya Pradesh",
Skyline Print Works,,vendor295@vendormail.test,9654271220,"368 Commercial Complex, Delhi",
Redwood Textiles,,vendor296@vendormail.test,9580038719,"907 Industrial Estate, Karnataka",
Pioneer Consultants,,vendor297@vendormail.test,9261448822,"278 Market Road, Telangana",
Reliable Engineering,,vendor298@vendormail.test,9354157021,"539 Industrial Estate, Sikkim",
Fusion Distributors,,vendor299@vendormail.test,9268377799,"498 Industrial Estate, Gujarat",
Titan Office Supplies,,vendor300@vendormail.test,9653213111,"892 Industrial Estate, Andhra Pradesh",
Horizon Logistics,,vendor301@vendormail.test,9730159262,"364 Industrial Estate, Uttarakhand",
Zenith Hosting,18JMKNN2298K6ZC,vendor302@vendormail.test,9361647651,"55 Market Road, Assam",
Nimbus Stationery,36SVIHT8429M2ZV,vendor303@vendormail.test,9115991195,"845 Market Road, Telangana",
Redwood Advertising,24HTXVT9362S3ZQ,vendor304@vendormail.test,9409352366,"417 Market Road, Gujarat",
Skyline Electricals,11AYKYJ6772T4ZX,vendor305@vendormail.test,9457170837,"521 Market Road, Sikkim",
Everest IT Services,,vendor306@vendormail.test,9912427717,"729 Industrial Estate, Madhya Pradesh",
Crestline Packaging,21UHTLM9079I6ZL,vendor307@vendormail.test,9497217154,"291 Market Road, Odisha",
Nimbus Freight,23LWTVG8699T1ZB,vendor308@vendormail.test,9629848444,"64 Market Road, Madhya Pradesh",
Skyline Security Services,,vendor309@vendormail.test,9744079110,"292 Market Road, Assam",
Falcon Print Works,33TMGSX8149N3ZM,vendor310@vendormail.test,9827722519,"578 Commercial Complex, Tamil Nadu",
Emerald Textiles,22DIPIA3764Y8Z1,vendor311@vendormail.test,9579695761,"270 Market Road, Chhattisgarh",
Bluepeak Consultants,,vendor312@vendormail.test,9423331410,"127 Industrial Estate, West Bengal",
Anchor Engineering,,vendor313@vendormail.test,9627012964,"152 Market Road, Uttarakhand",
Vertex Distributors,07UYVYS4308I2Z5,vendor314@vendormail.test,9783940790,"839 Industrial Estate, Delhi",
BlueWave Office Supplies,18IGHJZ6956N3ZH,vendor315@vendormail.test,9555226448,"572 Market Road, Assam",
Metro Logistics,32MZTKB6834Y1ZT,vendor316@vendormail.test,9962786869,"762 Market Road, Kerala",
Everest Hosting,20TBFMJ6400V8Z9,vendor317@vendormail.test,9444735546,"785 Industrial Estate, Jharkhand",
Everest Stationery,,vendor318@vendormail.test,9590476272,"598 Industrial Estate, Maharashtra",
CloudNet Advertising,19XUQZW7885B9Z7,vendor319@vendormail.test,9643508113,"560 Commercial Complex, West Bengal",
Silverline Electricals,,vendor320@vendormail.test,9135875791,"378 Commercial Complex, Punjab",
Emerald IT Services,,vendor321@vendormail.test,9741257157,"81 Industrial Estate, Delhi",
Nimbus Packaging,07EEHAS4888W4Z1,vendor322@vendormail.test,9360912577,"512 Market Road, Delhi",
BlueWave Freight,01RXOQN2028R9ZN,vendor323@vendormail.test,9667164753,"305 Commercial Complex, Jammu and Kashmir",
Delta Security Services,37TULGW3213X1Z8,vendor324@vendormail.test,9349736907,"307 Market Road, Andhra Pradesh",
Ironclad Print Works,10ETLMD7767J5ZB,vendor325@vendormail.test,9376657292,"475 Market Road, Bihar",
Orbit Textiles,32TTPLG6361Q2Z9,vendor326@vendormail.test,9609352524,"455 Commercial Complex, Kerala",
Prime Consultants,,vendor327@vendormail.test,9434041171,"398 Market Road, Haryana",
Delta Engineering,,vendor328@vendormail.test,9376213495,"394 Market Road, Bihar",
Metro Distributors,,vendor329@vendormail.test,9762074048,"721 Commercial Complex, Maharashtra",
CloudNet Office Supplies,11ILIDP1167E7ZA,vendor330@vendormail.test,9696484327,"962 Market Road, Sikkim",
Emerald Logistics,37YKKZN2994V9ZL,vendor331@vendormail.test,9249363071,"591 Industrial Estate, Andhra Pradesh",
CloudNet Hosting,,vendor332@vendormail.test,9776612575,"999 Market Road, Goa",
Golden Harvest Stationery,24MEBMF5421B7ZE,vendor333@vendormail.test,9318777716,"528 Commercial Complex, Gujarat",
Vertex Advertising,,vendor334@vendormail.test,9659233308,"987 Commercial Complex, Tamil Nadu",
Vertex Electricals,02YUIKU6333V8ZZ,vendor335@vendormail.test,9799785602,"840 Market Road, Himachal Pradesh",
Anchor IT Services,,vendor336@vendormail.test,9986561461,"821 Commercial Complex, Assam",
Zenith Packaging,32AXIWD7481U8Z1,vendor337@vendormail.test,9380395086,"655 Commercial Complex, Kerala",
Northstar Freight,20XEAKG8117L4ZQ,vendor338@vendormail.test,9958602751,"260 Industrial Estate, Jharkhand",
BlueWave Security Services,05CRLGS7040E1ZP,vendor339@vendormail.test,9449822007,"85 Market Road, Uttarakhand",
Pioneer Print Works,23JYAIJ2659H4ZU,vendor340@vendormail.test,9687691267,"328 Industrial Estate, Madhya Pradesh",
Orbit Textiles,09ZXVSN8795N7ZN,vendor341@vendormail.test,9299895048,"875 Commercial Complex, Uttar Pradesh",
Crestline Consultants,33BHFOA1664X9ZE,vendor342@vendormail.test,9891002576,"844 Commercial Complex, Tamil Nadu",
BlueWave Engineering,05DCGLV5841S7ZX,vendor343@vendormail.test,9763716959,"613 Industrial Estate, Uttarakhand",
Reliable Distributors,,vendor344@vendormail.test,9120342649,"721 Industrial Estate, Chhattisgarh",
Fusion Office Supplies,,vendor345@vendormail.test,9202738319,"981 Industrial Estate, Jharkhand",
Emerald Logistics,11XNFIW8929P6ZH,vendor346@vendormail.test,9337109354,"42 Commercial Complex, Sikkim",
Everest Hosting,37DXDKP5710K4Z3,vendor347@vendormail.test,9218359728,"290 Commercial Complex, Andhra Pradesh",
CloudNet Stationery,,vendor348@vendormail.test,9146951676,"291 Industrial Estate, Uttarakhand",
Everest Advertising,,vendor349@vendormail.test,9402799302,"255 Industrial Estate, Odisha",
Apex Electricals,20JWEFC7780L6Z6,vendor350@vendormail.test,9123805564,"429 Industrial Estate, Jharkhand",
Prime IT Services,11IKYXR7638U8ZD,vendor351@vendormail.test,9254590257,"466 Market Road, Sikkim",
Reliable Packaging,01XJTVR8153R8ZC,vendor352@vendormail.test,9557699570,"593 Industrial Estate, Jammu and Kashmir",
Reliable Freight,03UZCNW8432W4ZL,vendor353@vendormail.test,9358694431,"374 Industrial Estate, Punjab",
Pioneer Security Services,,vendor354@vendormail.test,9847605342,"942 Industrial Estate, Andhra Pradesh",
Sunrise Print Works,,vendor355@vendormail.test,9392748563,"543 Commercial Complex, Assam",
Bluepeak Textiles,11ZWKMB8247S5ZM,vendor356@vendormail.test,9255993454,"882 Industrial Estate, Sikkim",
Ironclad Consultants,02DERKN6477U6ZH,vendor357@vendormail.test,9715830727,"26 Industrial Estate, Himachal Pradesh",
Bluepeak Engineering,03WQBSO1537Y6ZG,vendor358@vendormail.test,9153583561,"622 Industrial Estate, Punjab",
Metro Distributors,37JGZFG6172P6ZT,vendor359@vendormail.test,9307777400,"477 Market Road, Andhra Pradesh",
Titan Office Supplies,27VXDUG8386O1ZJ,vendor360@vendormail.test,9202963381,"806 Commercial Complex, Maharashtra",
Sunrise Logistics,,vendor361@vendormail.test,9389431937,"452 Industrial Estate, Telangana",
Nimbus Hosting,,vendor362@vendormail.test,9855660492,"717 Market Road, Sikkim",
Apex Stationery,32VFFXV8711C8Z8,vendor363@vendormail.test,9501699721,"390 Market Road, Kerala",
Nimbus Advertising,29LAPMT4915A2ZD,vendor364@vendormail.test,9836190949,"356 Market Road, Karnataka",
Fusion Electricals,,vendor365@vendormail.test,9190153750,"794 Commercial Complex, Maharashtra",
Northstar IT Services,,vendor366@vendormail.test,9365588669,"735 Market Road, Delhi",
Everest Packaging,07ZJQAP5222X5ZC,vendor367@vendormail.test,9514149837,"359 Market Road, Delhi",
Ironclad Freight,,vendor368@vendormail.test,9481117417,"848 Industrial Estate, Bihar",
Bluepeak Security Services,07YJAMY7261L1ZQ,vendor369@vendormail.test,9520861268,"185 Industrial Estate, Delhi",
Vertex Print Works,30IDYEC3623N1ZI,vendor370@vendormail.test,9991414827,"647 Market Road, Goa",
Greenfield Textiles,,vendor371@vendormail.test,9230224536,"575 Commercial Complex, Punjab",
Zenith Consultants,,vendor372@vendormail.test,9894036203,"121 Industrial Estate, Jammu and Kashmir",
Northstar Engineering,,vendor373@vendormail.test,9568157126,"859 Industrial Estate, Rajasthan",
Pioneer Distributors,,vendor374@vendormail.test,9398863300,"865 Market Road, Maharashtra",
Sunrise Office Supplies,,vendor375@vendormail.test,9801884099,"479 Industrial Estate, Punjab",
BlueWave Logistics,,vendor376@vendormail.test,9636435123,"707 Commercial Complex, Uttarakhand",
Crestline Hosting,01IVRRM9043P1ZF,vendor377@vendormail.test,9397995800,"688 Market Road, Jammu and Kashmir",
Delta Stationery,19NWCOL7573J7ZB,vendor378@vendormail.test,9627053793,"461 Industrial Estate, West Bengal",
Silverline Advertising,29JSOCP3740E1ZW,vendor379@vendormail.test,9976124543,"924 Industrial Estate, Karnataka",
Metro Electricals,08WSOTL5625X9ZL,vendor380@vendormail.test,9477641261,"46 Industrial Estate, Rajasthan",
Vertex IT Services,20MGVNQ4098L9ZH,vendor381@vendormail.test,9691628232,"134 Market Road, Jharkhand",
Nimbus Packaging,22GLZMP7124T6Z9,vendor382@vendormail.test,9429525932,"222 Market Road, Chhattisgarh",
CloudNet Freight,29PMDJU2314T4ZD,vendor383@vendormail.test,9848428419,"390 Commercial Complex, Karnataka",
Horizon Security Services,,vendor384@vendormail.test,9259669538,"391 Commercial Complex, Chandigarh",
Nimbus Print Works,27KPEJR4487U2ZP,vendor385@vendormail.test,9921042556,"569 Commercial Complex, Maharashtra",
Orbit Textiles,11QNNTU7126H4ZV,vendor386@vendormail.test,9455926974,"183 Commercial Complex, Sikkim",
Ironclad Consultants,05PHOMM3029D3Z9,vendor387@vendormail.test,9269268527,"413 Market Road, Uttarakhand",
Titan Engineering,,vendor388@vendormail.test,9411796187,"764 Commercial Complex, Delhi",
Nimbus Distributors,27ZUDFL8538Q7ZV,vendor389@vendormail.test,9108670337,"813 Industrial Estate, Maharashtra",
Pioneer Office Supplies,,vendor390@vendormail.test,9874405253,"831 Commercial Complex, Kerala",
Fusion Logistics,,vendor391@vendormail.test,9796184758,"57 Commercial Complex, Goa",
Reliable Hosting,,vendor392@vendormail.test,9808848635,"507 Market Road, Tamil Nadu",
Vertex Stationery,,vendor393@vendormail.test,9184694178,"470 Commercial Complex, Maharashtra",
Metro Advertising,05RFQFG2253C6Z5,vendor394@vendormail.test,9477654756,"33 Market Road, Uttarakhand",
Golden Harvest Electricals,,vendor395@vendormail.test,9269566521,"52 Market Road, Odisha",
Prime IT Services,36UJSJQ7843F5ZM,vendor396@vendormail.test,9314176345,"591 Industrial Estate, Telangana",
Horizon Packaging,21ZUNIK5460H5ZR,vendor397@vendormail.test,9960996510,"109 Industrial Estate, Odisha",
Emerald Freight,,vendor398@vendormail.test,9421952849,"150 Commercial Complex, Jammu and Kashmir",
Redwood Security Services,,vendor399@vendormail.test,9379648060,"638 Industrial Estate, Chhattisgarh",
Fusion Print Works,27DXAWU9272R7ZH,vendor400@vendormail.test,9329918068,"983 Industrial Estate, Maharashtra",
Redwood Textiles,,vendor401@vendormail.test,9729452861,"252 Commercial Complex, Goa",
Delta Consultants,,vendor402@vendormail.test,9325633104,"542 Commercial Complex, Sikkim",
Emerald Engineering,30CCSAE8504L7ZD,vendor403@vendormail.test,9790443575,"95 Commercial Complex, Goa",
Skyline Distributors,,vendor404@vendormail.test,9273271378,"394 Industrial Estate, Kerala",
Skyline Office Supplies,,vendor405@vendormail.test,9447177631,"291 Commercial Complex, Sikkim",
Apex Logistics,06YVIGK3779E4ZS,vendor406@vendormail.test,9104258484,"502 Industrial Estate, Haryana",
Redwood Hosting,32HHJBY6579I8ZD,vendor407@vendormail.test,9873891172,"678 Industrial Estate, Kerala",
Horizon Stationery,08YNZBP6856D7ZM,vendor408@vendormail.test,9462169922,"137 Industrial Estate, Rajasthan",
Prime Advertising,,vendor409@vendormail.test,9191705757,"758 Industrial Estate, Telangana",
Sunrise Electricals,,vendor410@vendormail.test,9412528858,"649 Industrial Estate, Haryana",
Vertex IT Services,03JBPLR2407Q6ZR,vendor411@vendormail.test,9230831595,"197 Industrial Estate, Punjab",
Crestline Packaging,19JUDIY2103K7ZU,vendor412@vendormail.test,9692625230,"120 Commercial Complex, West Bengal",
Silverline Freight,,vendor413@vendormail.test,9500731537,"745 Commercial Complex, Kerala",
Orbit Security Services,02SEUPE2902U2ZS,vendor414@vendormail.test,9271833466,"585 Market Road, Himachal Pradesh",
Anchor Print Works,,vendor415@vendormail.test,9221228727,"298 Industrial Estate, Madhya Pradesh",
Skyline Textiles,03FNJSX4105S2ZS,vendor416@vendormail.test,9280827188,"423 Commercial Complex, Punjab",
Golden Harvest Consultants,04VVALX3492B9ZT,vendor417@vendormail.test,9853595916,"315 Commercial Complex, Chandigarh",
Northstar Engineering,,vendor418@vendormail.test,9658959902,"401 Commercial Complex, Madhya Pradesh",
Fusion Distributors,,vendor419@vendormail.test,9179567328,"708 Market Road, Gujarat",
Golden Harvest Office Supplies,29DRLRY2667N5ZR,vendor420@vendormail.test,9845014360,"655 Market Road, Karnataka",
Nimbus Logistics,,vendor421@vendormail.test,9305502109,"815 Industrial Estate, Sikkim",
Bluepeak Hosting,30ACENW4567D6ZZ,vendor422@vendormail.test,9989940130,"899 Market Road, Goa",
Redwood Stationery,08HOYZS3417X5ZZ,vendor423@vendormail.test,9286997896,"966 Commercial Complex, Rajasthan",
Vertex Advertising,,vendor424@vendormail.test,9360593000,"800 Industrial Estate, Goa",
Sunrise Electricals,,vendor425@vendormail.test,9365103659,"960 Commercial Complex, Sikkim",
Apex IT Services,20LBLKI3205T4Z8,vendor426@vendormail.test,9629884390,"656 Market Road, Jharkhand",
Anchor Packaging,,vendor427@vendormail.test,9524277316,"932 Commercial Complex, Tamil Nadu",
Skyline Freight,24SXMWB8353U6ZL,vendor428@vendormail.test,9952005232,"300 Market Road, Gujarat",
BlueWave Security Services,07SWJBR9078E5Z3,vendor429@vendormail.test,9963639451,"999 Industrial Estate, Delhi",
Fusion Print Works,20JXLVZ4397S3Z5,vendor430@vendormail.test,9566435538,"771 Market Road, Jharkhand",
Redwood Textiles,,vendor431@vendormail.test,9723768951,"565 Commercial Complex, Rajasthan",
Ironclad Consultants,24RUEYO7247U4ZK,vendor432@vendormail.test,9934368587,"855 Commercial Complex, Gujarat",
Orbit Engineering,,vendor433@vendormail.test,9122915519,"490 Market Road, Madhya Pradesh",
Anchor Distributors,06QGXLQ2295Q6ZP,vendor434@vendormail.test,9175995706,"841 Industrial Estate, Haryana",
Bluepeak Office Supplies,27PRQII8660X1ZW,vendor435@vendormail.test,9107340687,"835 Commercial Complex, Maharashtra",
Titan Logistics,,vendor436@vendormail.test,9632166023,"491 Commercial Complex, Jammu and Kashmir",
Sunrise Hosting,,vendor437@vendormail.test,9931426861,"925 Commercial Complex, Gujarat",
Pioneer Stationery,27PUKUL9266N7ZI,vendor438@vendormail.test,9925382070,"73 Industrial Estate, Maharashtra",
Orbit Advertising,,vendor439@vendormail.test,9721482834,"368 Industrial Estate, Sikkim",
Northstar Electricals,,vendor440@vendormail.test,9693183260,"287 Market Road, Uttar Pradesh",
Fusion IT Services,06EJICV4095W1ZU,vendor441@vendormail.test,9757488292,"69 Commercial Complex, Haryana",
Skyline Packaging,20FRCTY2630A7Z5,vendor442@vendormail.test,9431380837,"351 Industrial Estate, Jharkhand",
Crestline Freight,20FTTAW1498I2Z5,vendor443@vendormail.test,9354853727,"509 Industrial Estate, Jharkhand",
Golden Harvest Security Services,05KSVUM1647W4ZL,vendor444@vendormail.test,9332442897,"649 Market Road, Uttarakhand",
Nimbus Print Works,03LXWVQ4769L5Z2,vendor445@vendormail.test,9896419624,"699 Market Road, Punjab",
Reliable Textiles,,vendor446@vendormail.test,9175812697,"925 Industrial Estate, Chandigarh",
Delta Consultants,,vendor447@vendormail.test,9554312613,"251 Commercial Complex, Maharashtra",
Meridian Engineering,,vendor448@vendormail.test,9194145177,"314 Market Road, Punjab",
Falcon Distributors,,vendor449@vendormail.test,9212909536,"920 Industrial Estate, Rajasthan",
Orbit Office Supplies,06ZBLTU5250V1ZB,vendor450@vendormail.test,9352196601,"834 Market Road, Haryana",
Nimbus Logistics,01GKOJC1613B3ZE,vendor451@vendormail.test,9637729723,"157 Commercial Complex, Jammu and Kashmir",
Everest Hosting,,vendor452@vendormail.test,9684086952,"90 Commercial Complex, Jammu and Kashmir",
BlueWave Stationery,09ZBQML4138F2ZS,vendor453@vendormail.test,9709747925,"622 Market Road, Uttar Pradesh",
Vertex Advertising,,vendor454@vendormail.test,9325082540,"681 Industrial Estate, Jammu and Kashmir",
Sunrise Electricals,30IMFFH2711B7ZX,vendor455@vendormail.test,9171235647,"892 Industrial Estate, Goa",
Emerald IT Services,19AAHFG7002K8ZT,vendor456@vendormail.test,9242977307,"49 Market Road, West Bengal",
Vertex Packaging,,vendor457@vendormail.test,9835118578,"698 Industrial Estate, Uttarakhand",
Crestline Freight,18LWSDC7189Z2Z7,vendor458@vendormail.test,9959785328,"783 Market Road, Assam",
Meridian Security Services,,vendor459@vendormail.test,9695191883,"509 Market Road, Maharashtra",
Orbit Print Works,,vendor460@vendormail.test,9627321617,"434 Commercial Complex, Odisha",
Bluepeak Textiles,18WFMRD4491T9ZF,vendor461@vendormail.test,9672337763,"995 Market Road, Assam",
CloudNet Consultants,,vendor462@vendormail.test,9782750612,"820 Industrial Estate, Goa",
BlueWave Engineering,22FHDGI9213N9ZF,vendor463@vendormail.test,9792778695,"755 Commercial Complex, Chhattisgarh",
Falcon Distributors,,vendor464@vendormail.test,9221836641,"552 Market Road, Uttar Pradesh",
Meridian Office Supplies,,vendor465@vendormail.test,9721416216,"674 Commercial Complex, Chhattisgarh",
Redwood Logistics,32BQUJM6226Q6ZM,vendor466@vendormail.test,9710666938,"109 Market Road, Kerala",
Silverline Hosting,32KDJHH4132Y4ZL,vendor467@vendormail.test,9581098931,"84 Market Road, Kerala",
Pioneer Stationery,01YFIKL3298B8ZE,vendor468@vendormail.test,9924341941,"364 Industrial Estate, Jammu and Kashmir",
Delta Advertising,09ERJRJ6514Y4ZU,vendor469@vendormail.test,9386667664,"290 Industrial Estate, Uttar Pradesh",
Delta Electricals,,vendor470@vendormail.test,9860430837,"608 Market Road, Madhya Pradesh",
Horizon IT Services,33ZWNUY3699U3ZG,vendor471@vendormail.test,9918498363,"948 Industrial Estate, Tamil Nadu",
Bluepeak Packaging,37DRYAT6084P2ZH,vendor472@vendormail.test,9939978716,"178 Commercial Complex, Andhra Pradesh",
Greenfield Freight,21JMSXH1376W5Z9,vendor473@vendormail.test,9559049713,"419 Commercial Complex, Odisha",
Everest Security Services,09YDLUH9152B5Z9,vendor474@vendormail.test,9544988762,"482 Industrial Estate, Uttar Pradesh",
Nimbus Print Works,,vendor475@vendormail.test,9639105020,"475 Commercial Complex, Chandigarh",
Redwood Textiles,08EMBHH1477O4ZI,vendor476@vendormail.test,9430667097,"861 Commercial Complex, Rajasthan",
Crestline Consultants,23OPMXP1980Y4ZD,vendor477@vendormail.test,9380012613,"818 Industrial Estate, Madhya Pradesh",
Zenith Engineering,,vendor478@vendormail.test,9574927264,"640 Market Road, Odisha",
Meridian Distributors,,vendor479@vendormail.test,9715700359,"147 Commercial Complex, Maharashtra",
Greenfield Office Supplies,,vendor480@vendormail.test,9404545182,"479 Industrial Estate, Haryana",
Skyline Logistics,,vendor481@vendormail.test,9213045799,"952 Market Road, Chandigarh",
Metro Hosting,23LZGGV6853W7ZX,vendor482@vendormail.test,9204042745,"523 Industrial Estate, Madhya Pradesh",
Apex Stationery,29CVBGG8541I4ZJ,vendor483@vendormail.test,9480211687,"910 Commercial Complex, Karnataka",
Emerald Advertising,,vendor484@vendormail.test,9130423862,"996 Market Road, Bihar",
Reliable Electricals,05IWRFB6514I2ZE,vendor485@vendormail.test,9221915485,"607 Industrial Estate, Uttarakhand",
Silverline IT Services,19ACTQF1541L3ZL,vendor486@vendormail.test,9180946577,"692 Commercial Complex, West Bengal",
Prime Packaging,20ULZGT4279R5ZI,vendor487@vendormail.test,9439262602,"794 Commercial Complex, Jharkhand",
Nimbus Freight,20CRRQS6096I3Z0,vendor488@vendormail.test,9950517555,"719 Industrial Estate, Jharkhand",
Orbit Security Services,11ILUWN3526M9ZI,vendor489@vendormail.test,9872918716,"657 Market Road, Sikkim",
Fusion Print Works,04HPVRZ3997Z4ZI,vendor490@vendormail.test,9309222487,"356 Market Road, Chandigarh",
Fusion Textiles,18NSYTQ3808Q9ZB,vendor491@vendormail.test,9460845174,"29 Commercial Complex, Assam",
Reliable Consultants,22SNPWQ8390Z4ZX,vendor492@vendormail.test,9378364399,"808 Commercial Complex, Chhattisgarh",
Anchor Engineering,06HSMMH5480S7ZQ,vendor493@vendormail.test,9952898555,"602 Industrial Estate, Haryana",
BlueWave Distributors,10UBAOW3223M5Z8,vendor494@vendormail.test,9566422980,"129 Market Road, Bihar",
Crestline Office Supplies,18UMPUV6761U5ZY,vendor495@vendormail.test,9122223990,"597 Industrial Estate, Assam",
Golden Harvest Logistics,09AEJVJ4245T7ZC,vendor496@vendormail.test,9199406859,"774 Commercial Complex, Uttar Pradesh",
BlueWave Hosting,29WVDQG1509O3ZZ,vendor497@vendormail.test,9246110415,"370 Market Road, Karnataka",
Meridian Stationery,,vendor498@vendormail.test,9612093361,"304 Industrial Estate, Tamil Nadu",
Nimbus Advertising,,vendor499@vendormail.test,9160958150,"223 Industrial Estate, Andhra Pradesh",
Fusion Electricals,08TZUHR9331Q5ZR,vendor500@vendormail.test,9265951968,"471 Market Road, Rajasthan",
Pioneer IT Services,32YLUMX7785X5ZV,vendor501@vendormail.test,9957316735,"314 Market Road, Kerala",
Ironclad Packaging,,vendor502@vendormail.test,9863703626,"639 Commercial Complex, Assam",
Falcon Freight,23WESSM5716V3Z2,vendor503@vendormail.test,9883130904,"110 Market Road, Madhya Pradesh",
CloudNet Security Services,05YHAFZ7457V3Z4,vendor504@vendormail.test,9516035118,"105 Commercial Complex, Uttarakhand",
Horizon Print Works,,vendor505@vendormail.test,9862885079,"32 Market Road, Uttar Pradesh",
Prime Textiles,,vendor506@vendormail.test,9882114555,"946 Commercial Complex, Uttar Pradesh",
Reliable Consultants,,vendor507@vendormail.test,9186724931,"168 Market Road, Chandigarh",
Greenfield Engineering,03YZJYS3150R3ZC,vendor508@vendormail.test,9611990049,"794 Market Road, Punjab",
Skyline Distributors,,vendor509@vendormail.test,9730997843,"366 Industrial Estate, Sikkim",
Emerald Office Supplies,,vendor510@vendormail.test,9871126089,"971 Industrial Estate, Madhya Pradesh",
Delta Logistics,,vendor511@vendormail.test,9626528785,"494 Commercial Complex, Jharkhand",
Apex Hosting,07IGXFQ8484G3Z2,vendor512@vendormail.test,9658377550,"987 Industrial Estate, Delhi",
Northstar Stationery,36PCYDA7215A8Z2,vendor513@vendormail.test,9912382694,"170 Industrial Estate, Telangana",
Prime Advertising,30QYSKW7269Z6ZN,vendor514@vendormail.test,9633347270,"70 Commercial Complex, Goa",
Meridian Electricals,08CAEOO2073R8ZO,vendor515@vendormail.test,9132557140,"682 Market Road, Rajasthan",
Fusion IT Services,29FGLVF3132T8ZM,vendor516@vendormail.test,9395447681,"964 Industrial Estate, Karnataka",
Bluepeak Packaging,11BZERR7113T1Z7,vendor517@vendormail.test,9260393003,"422 Market Road, Sikkim",
Ironclad Freight,29BDARM3566Y2Z7,vendor518@vendormail.test,9727433754,"866 Commercial Complex, Karnataka",
Fusion Security Services,29ZSOUD4435C6Z7,vendor519@vendormail.test,9874791915,"476 Commercial Complex, Karnataka",
Nimbus Print Works,21UAEAY9614R1Z1,vendor520@vendormail.test,9103248317,"908 Market Road, Odisha",
Skyline Textiles,,vendor521@vendormail.test,9461013706,"13 Industrial Estate, Odisha",
Emerald Consultants,,vendor522@vendormail.test,9337334607,"956 Industrial Estate, Chandigarh",
BlueWave Engineering,30OMJSM6581V9ZV,vendor523@vendormail.test,9105246305,"602 Commercial Complex, Goa",
Pioneer Distributors,,vendor524@vendormail.test,9459980516,"45 Commercial Complex, Bihar",
Northstar Office Supplies,,vendor525@vendormail.test,9288952266,"923 Industrial Estate, Odisha",
Greenfield Logistics,10RDELI9850D5ZI,vendor526@vendormail.test,9142262603,"316 Industrial Estate, Bihar",
Silverline Hosting,37RXRRX3395D8ZY,vendor527@vendormail.test,9380021480,"679 Industrial Estate, Andhra Pradesh",
Anchor Stationery,07WXCUX7187O5ZC,vendor528@vendormail.test,9574185635,"570 Market Road, Delhi",
Orbit Advertising,,vendor529@vendormail.test,9550397332,"578 Market Road, Tamil Nadu",
Bluepeak Electricals,,vendor530@vendormail.test,9997572471,"970 Commercial Complex, Tamil Nadu",
Orbit IT Services,09QYCKV8155O3Z1,vendor531@vendormail.test,9411059680,"973 Industrial Estate, Uttar Pradesh",
Zenith Packaging,08QLPIL1858C3ZR,vendor532@vendormail.test,9717391893,"218 Industrial Estate, Rajasthan",
Horizon Freight,,vendor533@vendormail.test,9825622493,"687 Market Road, Assam",
Zenith Security Services,,vendor534@vendormail.test,9365050792,"959 Commercial Complex, Uttar Pradesh",
Orbit Print Works,21ABQFI9338O6ZZ,vendor535@vendormail.test,9944356404,"594 Industrial Estate, Odisha",
Horizon Textiles,,vendor536@vendormail.test,9249853307,"776 Industrial Estate, Maharashtra",
Falcon Consultants,,vendor537@vendormail.test,9336841622,"685 Market Road, Andhra Pradesh",
Apex Engineering,07ZUDJX4024C3ZP,vendor538@vendormail.test,9105218031,"28 Market Road, Delhi",
Redwood Distributors,32NOUCG5996F6ZY,vendor539@vendormail.test,9508727827,"21 Industrial Estate, Kerala",
Pioneer Office Supplies,36WWIMN7672U1ZN,vendor540@vendormail.test,9133099332,"208 Commercial Complex, Telangana",
Everest Logistics,,vendor541@vendormail.test,9982416447,"653 Commercial Complex, Rajasthan",
Reliable Hosting,,vendor542@vendormail.test,9731689620,"528 Commercial Complex, Uttarakhand",
Horizon Stationery,,vendor543@vendormail.test,9386654264,"632 Market Road, Gujarat",
Northstar Advertising,,vendor544@vendormail.test,9873230763,"822 Commercial Complex, Odisha",
Falcon Electricals,,vendor545@vendormail.test,9635083147,"821 Industrial Estate, Telangana",
Horizon IT Services,22HJVUG8293B1ZR,vendor546@vendormail.test,9887327252,"606 Industrial Estate, Chhattisgarh",
Bluepeak Packaging,,vendor547@vendormail.test,9431648951,"914 Commercial Complex, Chhattisgarh",
Metro Freight,21CSVXG8510N3ZF,vendor548@vendormail.test,9484171280,"914 Commercial Complex, Odisha",
Ironclad Security Services,10VTGJN8030D9ZJ,vendor549@vendormail.test,9411889752,"779 Market Road, Bihar",
Bluepeak Print Works,03HMJGB2783X9Z6,vendor550@vendormail.test,9604793890,"178 Commercial Complex, Punjab",
Metro Textiles,,vendor551@vendormail.test,9714130329,"177 Industrial Estate, Kerala",
Silverline Consultants,07SOPUX3608D6ZB,vendor552@vendormail.test,9115352915,"473 Market Road, Delhi",
Falcon Engineering,05RASYG6752N8Z4,vendor553@vendormail.test,9176312110,"373 Market Road, Uttarakhand",
Prime Distributors,21QJAIO4779S2ZG,vendor554@vendormail.test,9531503961,"703 Market Road, Odisha",
Skyline Office Supplies,30KXVYT7545L8Z1,vendor555@vendormail.test,9513247671,"411 Commercial Complex, Goa",
Vertex Logistics,,vendor556@vendormail.test,9703591914,"362 Industrial Estate, Himachal Pradesh",
Sunrise Hosting,36YWDLI6253F2Z5,vendor557@vendormail.test,9490580868,"64 Commercial Complex, Telangana",
Pioneer Stationery,,vendor558@vendormail.test,9631618068,"542 Industrial Estate, Madhya Pradesh",
Pioneer Advertising,22ZMHHE8063C9ZX,vendor559@vendormail.test,9843396189,"42 Commercial Complex, Chhattisgarh",
Meridian Electricals,,vendor560@vendormail.test,9987844224,"550 Commercial Complex, Karnataka",
Emerald IT Services,,vendor561@vendormail.test,9664988484,"443 Market Road, Goa",
Prime Packaging,19UDKYF1613H3ZF,vendor562@vendormail.test,9375890588,"254 Industrial Estate, West Bengal",
Metro Freight,33EOXGA2294D2Z6,vendor563@vendormail.test,9382227795,"685 Industrial Estate, Tamil Nadu",
Greenfield Security Services,23NIMJS6824E7ZG,vendor564@vendormail.test,9468940707,"77 Commercial Complex, Madhya Pradesh",
Metro Print Works,21YJSNI8423S9ZM,vendor565@vendormail.test,9798111415,"514 Commercial Complex, Odisha",
Ironclad Textiles,,vendor566@vendormail.test,9359347196,"337 Commercial Complex, Kerala",
Greenfield Consultants,,vendor567@vendormail.test,9563884572,"997 Industrial Estate, Karnataka",
Crestline Engineering,,vendor568@vendormail.test,9864555926,"825 Market Road, Gujarat",
Fusion Distributors,,vendor569@vendormail.test,9676812187,"448 Market Road, Telangana",
Prime Office Supplies,30NDYKB3009T2Z1,vendor570@vendormail.test,9238415075,"271 Commercial Complex, Goa",
Anchor Logistics,,vendor571@vendormail.test,9605224449,"432 Market Road, Goa",
Apex Hosting,19URNDN6929D8Z3,vendor572@vendormail.test,9305341645,"445 Commercial Complex, West Bengal",
Pioneer Stationery,,vendor573@vendormail.test,9152196350,"93 Industrial Estate, Karnataka",
Golden Harvest Advertising,,vendor574@vendormail.test,9973156351,"79 Market Road, Chhattisgarh",
Redwood Electricals,29ISRDA9847V8ZK,vendor575@vendormail.test,9208296789,"938 Industrial Estate, Karnataka",
Nimbus IT Services,,vendor576@vendormail.test,9783910980,"78 Market Road, Assam",
BlueWave Packaging,,vendor577@vendormail.test,9884915670,"816 Commercial Complex, Assam",
Apex Freight,,vendor578@vendormail.test,9390621046,"428 Market Road, Telangana",
Apex Security Services,04KLFUP6780B9ZJ,vendor579@vendormail.test,9409182728,"194 Market Road, Chandigarh",
Golden Harvest Print Works,11GNYAB9102K6Z7,vendor580@vendormail.test,9999993379,"291 Industrial Estate, Sikkim",
Crestline Textiles,06BWNEY1807P5ZX,vendor581@vendormail.test,9115550637,"779 Market Road, Haryana",
Northstar Consultants,08YNWQW8628A3ZQ,vendor582@vendormail.test,9389727501,"5 Commercial Complex, Rajasthan",
Anchor Engineering,,vendor583@vendormail.test,9125821893,"930 Market Road, Punjab",
Sunrise Distributors,04RERSG3117Y8Z4,vendor584@vendormail.test,9776027617,"659 Industrial Estate, Chandigarh",
Vertex Office Supplies,11GKLLM4690K6ZT,vendor585@vendormail.test,9698521163,"949 Industrial Estate, Sikkim",
Skyline Logistics,04EKLIR4557Z3ZR,vendor586@vendormail.test,9292448999,"474 Market Road, Chandigarh",
BlueWave Hosting,,vendor587@vendormail.test,9471241687,"61 Market Road, Punjab",
Nimbus Stationery,09VFGBE9840T6Z6,vendor588@vendormail.test,9294278086,"914 Commercial Complex, Uttar Pradesh",
Emerald Advertising,07FWOVP1711H8ZH,vendor589@vendormail.test,9839438643,"615 Industrial Estate, Delhi",
Golden Harvest Electricals,,vendor590@vendormail.test,9743659218,"249 Market Road, Assam",
Ironclad IT Services,,vendor591@vendormail.test,9596025257,"684 Industrial Estate, Sikkim",
Skyline Packaging,,vendor592@vendormail.test,9948009804,"758 Industrial Estate, Punjab",
Horizon Freight,,vendor593@vendormail.test,9290347938,"35 Market Road, Haryana",
Greenfield Security Services,,vendor594@vendormail.test,9822600960,"334 Market Road, Telangana",
Everest Print Works,33HGKWK5753I4ZK,vendor595@vendormail.test,9903962799,"797 Market Road, Tamil Nadu",
Emerald Textiles,,vendor596@vendormail.test,9199755676,"259 Industrial Estate, Maharashtra",
Apex Consultants,,vendor597@vendormail.test,9108005286,"647 Industrial Estate, Tamil Nadu",
Delta Engineering,,vendor598@vendormail.test,9573989048,"408 Market Road, Haryana",
Zenith Distributors,06MBQXX9935K8ZG,vendor599@vendormail.test,9160535640,"617 Industrial Estate, Haryana",
Metro Office Supplies,18FAPXR4468U3ZV,vendor600@vendormail.test,9652417581,"749 Commercial Complex, Assam",
Silverline Logistics,,vendor601@vendormail.test,9455092440,"291 Commercial Complex, Odisha",
Fusion Hosting,04MOIMA5739I7ZN,vendor602@vendormail.test,9336458702,"189 Market Road, Chandigarh",
Skyline Stationery,,vendor603@vendormail.test,9796329331,"808 Market Road, Assam",
Horizon Advertising,,vendor604@vendormail.test,9406065475,"961 Industrial Estate, Madhya Pradesh",
Reliable Electricals,20TIMMI2113Q6ZG,vendor605@vendormail.test,9945687666,"747 Commercial Complex, Jharkhand",
Greenfield IT Services,19JVJPI7747A1ZO,vendor606@vendormail.test,9857352096,"225 Commercial Complex, West Bengal",
Bluepeak Packaging,06OKHGD1142S3ZL,vendor607@vendormail.test,9237312286,"334 Industrial Estate, Haryana",
Bluepeak Freight,18MPJSL3137H8ZZ,vendor608@vendormail.test,9543683774,"47 Commercial Complex, Assam",
Everest Security Services,20HBQMO4615Z8ZJ,vendor609@vendormail.test,9292133052,"605 Market Road, Jharkhand",
Golden Harvest Print Works,29UJTIZ4116T3ZK,vendor610@vendormail.test,9752143052,"654 Commercial Complex, Karnataka",
BlueWave Textiles,32RYOXO1419O7ZV,vendor611@vendormail.test,9312747491,"618 Industrial Estate, Kerala",
Anchor Consultants,24YRRTK1393B8Z6,vendor612@vendormail.test,9267320168,"319 Commercial Complex, Gujarat",
Greenfield Engineering,19JIOLR1079V5ZN,vendor613@vendormail.test,9656241751,"419 Market Road, West Bengal",
Apex Distributors,,vendor614@vendormail.test,9482231680,"928 Market Road, Telangana",
Sunrise Office Supplies,11PIQEM4020M7ZJ,vendor615@vendormail.test,9326253648,"827 Industrial Estate, Sikkim",
Reliable Logistics,06MQHVK9852W3Z4,vendor616@vendormail.test,9158897124,"746 Market Road, Haryana",
Prime Hosting,07URGGW8052N7ZG,vendor617@vendormail.test,9149362970,"362 Industrial Estate, Delhi",
Anchor Stationery,,vendor618@vendormail.test,9882615711,"762 Commercial Complex, Karnataka",
Everest Advertising,19WKNOT9518W9Z4,vendor619@vendormail.test,9761504340,"991 Industrial Estate, West Bengal",
Prime Electricals,,vendor620@vendormail.test,9373612665,"911 Industrial Estate, Karnataka",
Redwood IT Services,37QXJNL6308N2ZO,vendor621@vendormail.test,9816423089,"307 Commercial Complex, Andhra Pradesh",
BlueWave Packaging,,vendor622@vendormail.test,9344660795,"713 Market Road, Gujarat",
CloudNet Freight,,vendor623@vendormail.test,9365830519,"558 Industrial Estate, Gujarat",
Nimbus Security Services,36EMPUQ4333P8ZP,vendor624@vendormail.test,9778215899,"994 Market Road, Telangana",
Orbit Print Works,,vendor625@vendormail.test,9933111576,"690 Industrial Estate, Punjab",
Apex Textiles,,vendor626@vendormail.test,9182440689,"395 Industrial Estate, Jammu and Kashmir",
Nimbus Consultants,18EADPJ4543C4ZP,vendor627@vendormail.test,9973691555,"846 Commercial Complex, Assam",
Silverline Engineering,,vendor628@vendormail.test,9828951829,"69 Commercial Complex, Delhi",
Redwood Distributors,24EEBGO7986P3ZC,vendor629@vendormail.test,9995225644,"116 Industrial Estate, Gujarat",
Northstar Office Supplies,01XYCUM6246M1ZA,vendor630@vendormail.test,9850713307,"6 Market Road, Jammu and Kashmir",
Nimbus Logistics,,vendor631@vendormail.test,9907256669,"767 Industrial Estate, Goa",
Delta Hosting,11VWVEH6061Q4ZQ,vendor632@vendormail.test,9334847209,"803 Market Road, Sikkim",
Anchor Stationery,,vendor633@vendormail.test,9500202951,"936 Industrial Estate, Chandigarh",
Reliable Advertising,22HQCZB8408A3Z4,vendor634@vendormail.test,9251002019,"546 Industrial Estate, Chhattisgarh",
Meridian Electricals,09BQRTN9934X4ZS,vendor635@vendormail.test,9773342925,"731 Market Road, Uttar Pradesh",
Silverline IT Services,07EJRAW4517F5ZE,vendor636@vendormail.test,9686675851,"240 Industrial Estate, Delhi",
Crestline Packaging,,vendor637@vendormail.test,9300684753,"729 Commercial Complex, Assam",
Greenfield Freight,05RBEFC8656S6ZS,vendor638@vendormail.test,9277837745,"542 Market Road, Uttarakhand",
Metro Security Services,19MATCL2815D7Z3,vendor639@vendormail.test,9953265568,"850 Market Road, West Bengal",
Orbit Print Works,05YAIIN5203Y3Z1,vendor640@vendormail.test,9575048594,"240 Industrial Estate, Uttarakhand",
Apex Textiles,29OCRYI1379J1ZX,vendor641@vendormail.test,9950340040,"203 Industrial Estate, Karnataka",
Northstar Consultants,37BRAII9644I9ZU,vendor642@vendormail.test,9275896782,"561 Commercial Complex, Andhra Pradesh",
Horizon Engineering,,vendor643@vendormail.test,9166877736,"239 Commercial Complex, Odisha",
Zenith Distributors,21PBARF1388U8ZZ,vendor644@vendormail.test,9392703826,"676 Commercial Complex, Odisha",
Falcon Office Supplies,23GIXCX8239F8Z2,vendor645@vendormail.test,9360247776,"953 Market Road, Madhya Pradesh",
Golden Harvest Logistics,27AWOGA2768C3ZE,vendor646@vendormail.test,9987358543,"198 Commercial Complex, Maharashtra",
Sunrise Hosting,07WNBQB1482F5ZC,vendor647@vendormail.test,9530817164,"323 Industrial Estate, Delhi",
Everest Stationery,,vendor648@vendormail.test,9865854030,"852 Commercial Complex, Goa",
Titan Advertising,,vendor649@vendormail.test,9872036727,"91 Commercial Complex, Punjab",
BlueWave Electricals,,vendor650@vendormail.test,9680646452,"361 Commercial Complex, Uttar Pradesh",
Pioneer IT Services,23OYQCX5171B8ZB,vendor651@vendormail.test,9430611102,"650 Commercial Complex, Madhya Pradesh",
Orbit Packaging,,vendor652@vendormail.test,9682406935,"674 Market Road, Rajasthan",
Nimbus Freight,04CTVVI7666P7Z3,vendor653@vendormail.test,9571349167,"427 Industrial Estate, Chandigarh",
Pioneer Security Services,,vendor654@vendormail.test,9387735248,"579 Commercial Complex, Uttarakhand",
Bluepeak Print Works,22BDCKI8916O1ZI,vendor655@vendormail.test,9263821226,"682 Industrial Estate, Chhattisgarh",
Orbit Textiles,33ZYHNE8543V3ZU,vendor656@vendormail.test,9303577731,"747 Industrial Estate, Tamil Nadu",
BlueWave Consultants,,vendor657@vendormail.test,9783018958,"603 Market Road, Assam",
Ironclad Engineering,09NOUJN3861O3ZM,vendor658@vendormail.test,9330811883,"644 Market Road, Uttar Pradesh",
Reliable Distributors,,vendor659@vendormail.test,9773253189,"17 Industrial Estate, Kerala",
Ironclad Office Supplies,,vendor660@vendormail.test,9975719571,"628 Industrial Estate, Jammu and Kashmir",
Pioneer Logistics,32LSUIJ9744J5ZI,vendor661@vendormail.test,9827276599,"466 Industrial Estate, Kerala",
Pioneer Hosting,11SKRDG2268R9Z0,vendor662@vendormail.test,9810294650,"465 Commercial Complex, Sikkim",
Apex Stationery,,vendor663@vendormail.test,9608224725,"255 Commercial Complex, Uttarakhand",
Titan Advertising,08WXYQB2709N7ZM,vendor664@vendormail.test,9363972145,"277 Industrial Estate, Rajasthan",
Nimbus Electricals,05CKFWZ3900N4ZZ,vendor665@vendormail.test,9283961257,"819 Market Road, Uttarakhand",
Orbit IT Services,07FLHGJ2920X5ZN,vendor666@vendormail.test,9390871424,"893 Commercial Complex, Delhi",
Anchor Packaging,03CIXGZ6446P5ZK,vendor667@vendormail.test,9921744542,"833 Industrial Estate, Punjab",
Silverline Freight,33HWTJN7014C3ZH,vendor668@vendormail.test,9232087847,"932 Commercial Complex, Tamil Nadu",
Prime Security Services,,vendor669@vendormail.test,9755466531,"178 Commercial Complex, Goa",
Crestline Print Works,06PWZEL4347K4Z7,vendor670@vendormail.test,9632406749,"384 Market Road, Haryana",
Pioneer Textiles,,vendor671@vendormail.test,9357553591,"875 Industrial Estate, Assam",
BlueWave Consultants,04GZQUF5554P3ZP,vendor672@vendormail.test,9152309121,"348 Commercial Complex, Chandigarh",
Falcon Engineering,,vendor673@vendormail.test,9379253831,"333 Market Road, Haryana",
Metro Distributors,,vendor674@vendormail.test,9877623261,"516 Industrial Estate, Jammu and Kashmir",
Golden Harvest Office Supplies,10XGMQV7290F5ZN,vendor675@vendormail.test,9899698371,"49 Market Road, Bihar",
Everest Logistics,,vendor676@vendormail.test,9546421804,"14 Commercial Complex, Goa",
Horizon Hosting,,vendor677@vendormail.test,9517960959,"117 Market Road, Maharashtra",
Sunrise Stationery,29QGLIC3409Z2Z7,vendor678@vendormail.test,9627297973,"613 Market Road, Karnataka",
Silverline Advertising,11ACULJ1147D2ZK,vendor679@vendormail.test,9441902058,"3 Industrial Estate, Sikkim",
Bluepeak Electricals,,vendor680@vendormail.test,9545940964,"46 Industrial Estate, Punjab",
Anchor IT Services,02EZEYQ7809Z9ZO,vendor681@vendormail.test,9785983266,"137 Industrial Estate, Himachal Pradesh",
Anchor Packaging,24KCTQH7093B8ZZ,vendor682@vendormail.test,9919114609,"390 Market Road, Gujarat",
Northstar Freight,,vendor683@vendormail.test,9586038493,"518 Commercial Complex, Andhra Pradesh",
Apex Security Services,02QHHHG1226U8ZO,vendor684@vendormail.test,9624348514,"174 Industrial Estate, Himachal Pradesh",
Ironclad Print Works,,vendor685@vendormail.test,9172724219,"736 Commercial Complex, Jharkhand",
Pioneer Textiles,23SVTSP8486K8Z1,vendor686@vendormail.test,9329072165,"917 Commercial Complex, Madhya Pradesh",
Ironclad Consultants,,vendor687@vendormail.test,9283004805,"608 Industrial Estate, Madhya Pradesh",
Sunrise Engineering,22MMVQW4423M8Z1,vendor688@vendormail.test,9117039293,"481 Commercial Complex, Chhattisgarh",
Bluepeak Distributors,,vendor689@vendormail.test,9496180468,"601 Industrial Estate, Himachal Pradesh",
Northstar Office Supplies,32NIUVF1912H6Z1,vendor690@vendormail.test,9896796545,"27 Industrial Estate, Kerala",
Zenith Logistics,24QQZLA7867G6ZT,vendor691@vendormail.test,9826400572,"480 Commercial Complex, Gujarat",
Sunrise Hosting,,vendor692@vendormail.test,9187926139,"817 Industrial Estate, Sikkim",
Everest Stationery,23HKRJV5681D9ZB,vendor693@vendormail.test,9942946260,"134 Commercial Complex, Madhya Pradesh",
Fusion Advertising,02NZPGK4938K3ZR,vendor694@vendormail.test,9788171616,"251 Commercial Complex, Himachal Pradesh",
Redwood Electricals,36YIVSK6939Y6Z3,vendor695@vendormail.test,9339990980,"498 Commercial Complex, Telangana",
Orbit IT Services,,vendor696@vendormail.test,9478622614,"745 Market Road, Telangana",
Golden Harvest Packaging,06EIVOH8503Z1ZF,vendor697@vendormail.test,9808317018,"504 Commercial Complex, Haryana",
Redwood Freight,06WPQEH8014K3ZN,vendor698@vendormail.test,9944538917,"640 Commercial Complex, Haryana",
Vertex Security Services,27YOBBF9470K5ZC,vendor699@vendormail.test,9569930253,"1 Industrial Estate, Maharashtra",
Orbit Print Works,03ISYHK6240P6ZO,vendor700@vendormail.test,9998890040,"712 Market Road, Punjab",
Reliable Textiles,07RPMSI5658N2ZT,vendor701@vendormail.test,9240489447,"741 Commercial Complex, Delhi",
Bluepeak Consultants,09BJAUF7678C2Z7,vendor702@vendormail.test,9742976274,"511 Market Road, Uttar Pradesh",
Vertex Engineering,05NQXZX4089V4Z6,vendor703@vendormail.test,9144095195,"294 Industrial Estate, Uttarakhand",
Ironclad Distributors,,vendor704@vendormail.test,9616430225,"88 Commercial Complex, Punjab",
BlueWave Office Supplies,,vendor705@vendormail.test,9989350324,"756 Market Road, Delhi",
CloudNet Logistics,18HCQGQ8043B3ZB,vendor706@vendormail.test,9776952522,"620 Industrial Estate, Assam",
Everest Hosting,24OTRBP7807P7Z5,vendor707@vendormail.test,9591435775,"802 Commercial Complex, Gujarat",
Delta Stationery,20IYJJH1953G5Z6,vendor708@vendormail.test,9218999313,"629 Commercial Complex, Jharkhand",
Emerald Advertising,,vendor709@vendormail.test,9316941329,"367 Market Road, Uttar Pradesh",
Bluepeak Electricals,02DQOJG1807R3ZM,vendor710@vendormail.test,9842113962,"256 Industrial Estate, Himachal Pradesh",
Silverline IT Services,,vendor711@vendormail.test,9320949219,"374 Market Road, Punjab",
Bluepeak Packaging,,vendor712@vendormail.test,9803113223,"533 Commercial Complex, Bihar",
Reliable Freight,,vendor713@vendormail.test,9598763885,"24 Industrial Estate, Jammu and Kashmir",
Greenfield Security Services,20DUALS6240U2ZT,vendor714@vendormail.test,9428253240,"835 Market Road, Jharkhand",
Vertex Print Works,04YXKHZ5177V3Z3,vendor715@vendormail.test,9848680727,"900 Market Road, Chandigarh",
Delta Textiles,06PBOVX6650F1ZK,vendor716@vendormail.test,9345768553,"759 Commercial Complex, Haryana",
Zenith Consultants,,vendor717@vendormail.test,9596172863,"787 Industrial Estate, Odisha",
Apex Engineering,06NNTPC5917T6ZF,vendor718@vendormail.test,9512416787,"695 Market Road, Haryana",
Reliable Distributors,,vendor719@vendormail.test,9904383052,"724 Market Road, Punjab",
Pioneer Office Supplies,19RHHGI4903S1ZB,vendor720@vendormail.test,9376840209,"75 Commercial Complex, West Bengal",
Apex Logistics,05ZWTJN6410I8ZA,vendor721@vendormail.test,9945531967,"71 Market Road, Uttarakhand",
Pioneer Hosting,22PJBXH8396B4Z1,vendor722@vendormail.test,9626232869,"147 Market Road, Chhattisgarh",
Reliable Stationery,,vendor723@vendormail.test,9237626631,"930 Market Road, Telangana",
Ironclad Advertising,33IBMSV9114H5Z1,vendor724@vendormail.test,9146055904,"690 Industrial Estate, Tamil Nadu",
Nimbus Electricals,08RAMQU2438M5ZW,vendor725@vendormail.test,9616933097,"332 Industrial Estate, Rajasthan",
Vertex IT Services,30ENXWW7547P9ZV,vendor726@vendormail.test,9196969363,"983 Commercial Complex, Goa",
Crestline Packaging,19NNJTC6326L7Z0,vendor727@vendormail.test,9186920316,"881 Commercial Complex, West Bengal",
Horizon Freight,27XZOKT7357I7ZA,vendor728@vendormail.test,9466827916,"583 Commercial Complex, Maharashtra",
Reliable Security Services,20DXFPK4078F3ZQ,vendor729@vendormail.test,9498841556,"954 Industrial Estate, Jharkhand",
Zenith Print Works,19PBDYQ8039S8ZT,vendor730@vendormail.test,9699194084,"860 Market Road, West Bengal",
Meridian Textiles,22ONOVQ7690X4ZF,vendor731@vendormail.test,9713808290,"436 Industrial Estate, Chhattisgarh",
BlueWave Consultants,22QGFOV4001F6ZF,vendor732@vendormail.test,9553072103,"257 Industrial Estate, Chhattisgarh",
CloudNet Engineering,04DHPSA8993M4ZG,vendor733@vendormail.test,9908684142,"621 Industrial Estate, Chandigarh",
Pioneer Distributors,,vendor734@vendormail.test,9361689140,"478 Market Road, Jharkhand",
Silverline Office Supplies,23JIVAU3847G1Z0,vendor735@vendormail.test,9302468113,"357 Commercial Complex, Madhya Pradesh",
Vertex Logistics,36JLKTE9533J2ZA,vendor736@vendormail.test,9958198165,"306 Industrial Estate, Telangana",
Falcon Hosting,,vendor737@vendormail.test,9333096437,"876 Market Road, Himachal Pradesh",
Apex Stationery,01FDTEL7241G6ZI,vendor738@vendormail.test,9833914003,"743 Industrial Estate, Jammu and Kashmir",
Emerald Advertising,20CORDZ9848A7ZV,vendor739@vendormail.test,9642857862,"683 Commercial Complex, Jharkhand",
Golden Harvest Electricals,,vendor740@vendormail.test,9459532593,"205 Market Road, Gujarat",
Crestline IT Services,,vendor741@vendormail.test,9210568272,"97 Market Road, Tamil Nadu",
Anchor Packaging,37CMPVF7411N7ZZ,vendor742@vendormail.test,9345387783,"402 Market Road, Andhra Pradesh",
Bluepeak Freight,,vendor743@vendormail.test,9615569354,"180 Market Road, Bihar",
Everest Security Services,,vendor744@vendormail.test,9544685658,"975 Commercial Complex, Haryana",
Pioneer Print Works,11AFRPS5556A4Z5,vendor745@vendormail.test,9487864545,"224 Commercial Complex, Sikkim",
Silverline Textiles,,vendor746@vendormail.test,9897002129,"111 Market Road, Kerala",
Metro Consultants,09TDRYI8399D6ZD,vendor747@vendormail.test,9973265174,"826 Market Road, Uttar Pradesh",
CloudNet Engineering,19NOLBS7521K3ZS,vendor748@vendormail.test,9768495898,"300 Market Road, West Bengal",
Northstar Distributors,18ESYGN3772A2ZU,vendor749@vendormail.test,9229712244,"284 Market Road, Assam",
Delta Office Supplies,20GCKCW8216N6ZI,vendor750@vendormail.test,9645615386,"924 Industrial Estate, Jharkhand",
Golden Harvest Logistics,,vendor751@vendormail.test,9515247157,"112 Market Road, Andhra Pradesh",
Silverline Hosting,09SOVXY5995R5ZS,vendor752@vendormail.test,9303701582,"688 Market Road, Uttar Pradesh",
Falcon Stationery,11LVZWB4894R9Z1,vendor753@vendormail.test,9468573991,"641 Commercial Complex, Sikkim",
Sunrise Advertising,,vendor754@vendormail.test,9859171828,"917 Market Road, Himachal Pradesh",
Titan Electricals,18PSTND4412S6ZM,vendor755@vendormail.test,9511912319,"827 Industrial Estate, Assam",
Anchor IT Services,37HELKC6360V4Z0,vendor756@vendormail.test,9136869789,"723 Market Road, Andhra Pradesh",
Vertex Packaging,21DRAWF4517R9ZG,vendor757@vendormail.test,9171609406,"162 Industrial Estate, Odisha",
Redwood Freight,,vendor758@vendormail.test,9558405523,"406 Commercial Complex, Karnataka",
Horizon Security Services,,vendor759@vendormail.test,9275977454,"967 Industrial Estate, Odisha",
Metro Print Works,,vendor760@vendormail.test,9417009484,"793 Commercial Complex, Rajasthan",
Zenith Textiles,19JMLCQ1041L7ZU,vendor761@vendormail.test,9626545405,"825 Commercial Complex, West Bengal",
Falcon Consultants,,vendor762@vendormail.test,9732383729,"418 Commercial Complex, Delhi",
Vertex Engineering,09KLPBG1092S6ZR,vendor763@vendormail.test,9557099491,"916 Market Road, Uttar Pradesh",
Silverline Distributors,36ZSBJZ8024R2ZD,vendor764@vendormail.test,9272687740,"339 Industrial Estate, Telangana",
Nimbus Office Supplies,27UKWDH9115Y9ZD,vendor765@vendormail.test,9837038603,"34 Market Road, Maharashtra",
Reliable Logistics,10ACHDI8648Y1ZC,vendor766@vendormail.test,9127461375,"73 Market Road, Bihar",
Crestline Hosting,02LNYGL4797U5Z5,vendor767@vendormail.test,9403930401,"250 Commercial Complex, Himachal Pradesh",
Redwood Stationery,27QAPCC9702K7Z5,vendor768@vendormail.test,9172674671,"537 Industrial Estate, Maharashtra",
Golden Harvest Advertising,01JDRQR3869L2ZG,vendor769@vendormail.test,9192971592,"990 Market Road, Jammu and Kashmir",
Silverline Electricals,37JHTPE5631C3ZU,vendor770@vendormail.test,9706360296,"460 Market Road, Andhra Pradesh",
Northstar IT Services,,vendor771@vendormail.test,9139032038,"747 Market Road, Maharashtra",
CloudNet Packaging,,vendor772@vendormail.test,9365109581,"572 Market Road, Uttarakhand",
Ironclad Freight,20ZKLZK3708X9ZU,vendor773@vendormail.test,9999291482,"73 Industrial Estate, Jharkhand",
Redwood Security Services,,vendor774@vendormail.test,9117926251,"664 Industrial Estate, Bihar",
Pioneer Print Works,,vendor775@vendormail.test,9690679656,"224 Market Road, Chhattisgarh",
Delta Textiles,32SFNNK3639W4Z2,vendor776@vendormail.test,9857679445,"9 Industrial Estate, Kerala",
Greenfield Consultants,,vendor777@vendormail.test,9647392943,"171 Industrial Estate, Rajasthan",
Vertex Engineering,10OODFW2272P9Z0,vendor778@vendormail.test,9160645359,"350 Commercial Complex, Bihar",
Falcon Distributors,21MPZUV3208Y1ZO,vendor779@vendormail.test,9163431843,"944 Industrial Estate, Odisha",
Zenith Office Supplies,,vendor780@vendormail.test,9443156880,"824 Commercial Complex, Odisha",
Prime Logistics,23QXGVF1212M8Z5,vendor781@vendormail.test,9668937601,"494 Industrial Estate, Madhya Pradesh",
Northstar Hosting,,vendor782@vendormail.test,9385925003,"778 Market Road, Haryana",
Vertex Stationery,,vendor783@vendormail.test,9505879849,"332 Commercial Complex, Haryana",
Redwood Advertising,,vendor784@vendormail.test,9303305360,"946 Commercial Complex, Punjab",
Skyline Electricals,20MGJSI4749O6ZL,vendor785@vendormail.test,9481655175,"455 Market Road, Jharkhand",
Skyline IT Services,,vendor786@vendormail.test,9827914076,"831 Market Road, Bihar",
Orbit Packaging,11DKVPZ2843Q6ZG,vendor787@vendormail.test,9918081277,"948 Industrial Estate, Sikkim",
Falcon Freight,36LXUOI6239O7ZS,vendor788@vendormail.test,9890304671,"431 Commercial Complex, Telangana",
BlueWave Security Services,,vendor789@vendormail.test,9809763483,"424 Market Road, Himachal Pradesh",
Sunrise Print Works,,vendor790@vendormail.test,9317189640,"517 Market Road, Gujarat",
Metro Textiles,,vendor791@vendormail.test,9339808863,"266 Commercial Complex, Maharashtra",
Reliable Consultants,,vendor792@vendormail.test,9915401870,"497 Commercial Complex, Haryana",
Zenith Engineering,,vendor793@vendormail.test,9366958091,"944 Market Road, Himachal Pradesh",
Skyline Distributors,,vendor794@vendormail.test,9504609925,"208 Market Road, Assam",
CloudNet Office Supplies,,vendor795@vendormail.test,9680336112,"592 Industrial Estate, Andhra Pradesh",
CloudNet Logistics,18DULII6525X8Z7,vendor796@vendormail.test,9785012869,"137 Commercial Complex, Assam",
Metro Hosting,01VFEHR3381O2ZY,vendor797@vendormail.test,9218220798,"682 Market Road, Jammu and Kashmir",
Bluepeak Stationery,,vendor798@vendormail.test,9272555444,"733 Market Road, Andhra Pradesh",
Zenith Advertising,,vendor799@vendormail.test,9722776274,"958 Commercial Complex, West Bengal",
Bluepeak Electricals,20SEXFM4426V9ZW,vendor800@vendormail.test,9799491798,"286 Commercial Complex, Jharkhand",
Orbit IT Services,,vendor801@vendormail.test,9846319503,"190 Commercial Complex, Andhra Pradesh",
Zenith Packaging,07XUESY2479Y3ZO,vendor802@vendormail.test,9249784752,"523 Market Road, Delhi",
Sunrise Freight,,vendor803@vendormail.test,9520646484,"190 Commercial Complex, Andhra Pradesh",
CloudNet Security Services,,vendor804@vendormail.test,9886348989,"98 Market Road, Uttar Pradesh",
Fusion Print Works,18HVPIX4916C5ZA,vendor805@vendormail.test,9154939027,"912 Industrial Estate, Assam",
Fusion Textiles,01FXNLE5960T1ZT,vendor806@vendormail.test,9579723355,"594 Market Road, Jammu and Kashmir",
Greenfield Consultants,04LUPLD4189E6ZD,vendor807@vendormail.test,9663187307,"428 Industrial Estate, Chandigarh",
Titan Engineering,24IHQHK9582R3ZN,vendor808@vendormail.test,9121780551,"591 Industrial Estate, Gujarat",
Titan Distributors,21EPQHM4497M4ZE,vendor809@vendormail.test,9525873615,"208 Industrial Estate, Odisha",
Sunrise Office Supplies,,vendor810@vendormail.test,9516015801,"43 Industrial Estate, Bihar",
Vertex Logistics,19ZDUGF7639J1Z6,vendor811@vendormail.test,9986235770,"830 Commercial Complex, West Bengal",
Emerald Hosting,,vendor812@vendormail.test,9402030360,"585 Industrial Estate, Chhattisgarh",
Silverline Stationery,08GQFZA2556B2ZY,vendor813@vendormail.test,9542433848,"241 Commercial Complex, Rajasthan",
Horizon Advertising,37ZNJIB1043R6Z3,vendor814@vendormail.test,9760696350,"936 Commercial Complex, Andhra Pradesh",
Golden Harvest Electricals,27JTCAI7995C1ZY,vendor815@vendormail.test,9885028033,"793 Commercial Complex, Maharashtra",
Bluepeak IT Services,32UEKAK1288U2Z2,vendor816@vendormail.test,9381155732,"628 Market Road, Kerala",
Reliable Packaging,30QXSXD6116I2ZB,vendor817@vendormail.test,9547120248,"399 Market Road, Goa",
Vertex Freight,10IMYWD2247N6ZD,vendor818@vendormail.test,9290803802,"934 Market Road, Bihar",
Prime Security Services,07UOJTW1229O2ZE,vendor819@vendormail.test,9789598976,"948 Industrial Estate, Delhi",
Crestline Print Works,06QJERA6669U1Z1,vendor820@vendormail.test,9565704491,"456 Industrial Estate, Haryana",
Prime Textiles,08YRUMC8456S6ZW,vendor821@vendormail.test,9374306340,"754 Industrial Estate, Rajasthan",
Apex Consultants,24SHTEA3947Q9ZE,vendor822@vendormail.test,9482829667,"806 Market Road, Gujarat",
Apex Engineering,27WRDVW9970A2ZK,vendor823@vendormail.test,9547809896,"622 Commercial Complex, Maharashtra",
Apex Distributors,02WTMFS5563X2ZO,vendor824@vendormail.test,9745087513,"303 Industrial Estate, Himachal Pradesh",
BlueWave Office Supplies,33TJTEG7511E4Z9,vendor825@vendormail.test,9347340513,"518 Commercial Complex, Tamil Nadu",
Skyline Logistics,32VMKGP5358E9ZW,vendor826@vendormail.test,9891752873,"538 Industrial Estate, Kerala",
Metro Hosting,01NQVHK5027E1Z6,vendor827@vendormail.test,9442870855,"832 Industrial Estate, Jammu and Kashmir",
Reliable Stationery,,vendor828@vendormail.test,9991070068,"279 Market Road, Andhra Pradesh",
Zenith Advertising,,vendor829@vendormail.test,9213610085,"343 Market Road, Kerala",
Sunrise Electricals,,vendor830@vendormail.test,9698174872,"129 Industrial Estate, Chandigarh",
Delta IT Services,04BBGGO4792S2ZE,vendor831@vendormail.test,9606447005,"128 Commercial Complex, Chandigarh",
Prime Packaging,,vendor832@vendormail.test,9131742693,"206 Market Road, Jammu and Kashmir",
Prime Freight,23RNHYK8975Y4Z4,vendor833@vendormail.test,9415434639,"800 Commercial Complex, Madhya Pradesh",
Northstar Security Services,19YLFJB5787Z8ZQ,vendor834@vendormail.test,9211171913,"152 Industrial Estate, West Bengal",
Orbit Print Works,01FNFQJ3175Z9ZS,vendor835@vendormail.test,9105097201,"314 Industrial Estate, Jammu and Kashmir",
Pioneer Textiles,18DAKUI8227L3Z1,vendor836@vendormail.test,9549614024,"575 Commercial Complex, Assam",
Orbit Consultants,,vendor837@vendormail.test,9815583842,"759 Industrial Estate, Delhi",
Horizon Engineering,22NLDVO5071K4Z5,vendor838@vendormail.test,9513899217,"908 Commercial Complex, Chhattisgarh",
Apex Distributors,,vendor839@vendormail.test,9347000851,"775 Market Road, Madhya Pradesh",
CloudNet Office Supplies,29TJPDS7506B9Z8,vendor840@vendormail.test,9471220371,"193 Industrial Estate, Karnataka",
Northstar Logistics,,vendor841@vendormail.test,9354197434,"298 Market Road, Odisha",
Titan Hosting,03GVMSL6391I8ZM,vendor842@vendormail.test,9821513962,"891 Market Road, Punjab",
Delta Stationery,,vendor843@vendormail.test,9395772324,"780 Market Road, Himachal Pradesh",
Northstar Advertising,20LBIVK6511S8Z2,vendor844@vendormail.test,9350197278,"625 Commercial Complex, Jharkhand",
Nimbus Electricals,,vendor845@vendormail.test,9812238261,"206 Market Road, Himachal Pradesh",
Prime IT Services,22FXOWP1838Q1ZS,vendor846@vendormail.test,9970115276,"113 Market Road, Chhattisgarh",
Crestline Packaging,11LQXAW3646Z2Z6,vendor847@vendormail.test,9808923100,"813 Market Road, Sikkim",
Delta Freight,,vendor848@vendormail.test,9827385043,"737 Commercial Complex, Punjab",
Anchor Security Services,04KNEKI2149D1ZQ,vendor849@vendormail.test,9677703875,"880 Commercial Complex, Chandigarh",
Delta Print Works,,vendor850@vendormail.test,9550519817,"461 Industrial Estate, Tamil Nadu",
Golden Harvest Textiles,22SOBZV2927F8Z9,vendor851@vendormail.test,9769792321,"657 Market Road, Chhattisgarh",
Zenith Consultants,30EPRBW1423U9ZS,vendor852@vendormail.test,9207288908,"737 Market Road, Goa",
Fusion Engineering,,vendor853@vendormail.test,9935786494,"343 Commercial Complex, Gujarat",
Metro Distributors,08BUFXF9677K6ZZ,vendor854@vendormail.test,9630448840,"23 Commercial Complex, Rajasthan",
Falcon Office Supplies,37QGOXC6004A1ZD,vendor855@vendormail.test,9901383060,"752 Commercial Complex, Andhra Pradesh",
BlueWave Logistics,,vendor856@vendormail.test,9540553567,"47 Industrial Estate, Assam",
CloudNet Hosting,,vendor857@vendormail.test,9154670793,"745 Commercial Complex, Chandigarh",
Skyline Stationery,,vendor858@vendormail.test,9577313663,"788 Market Road, Himachal Pradesh",
Vertex Advertising,20NETNX6005E8ZN,vendor859@vendormail.test,9897404377,"274 Commercial Complex, Jharkhand",
Pioneer Electricals,,vendor860@vendormail.test,9983510474,"759 Market Road, Maharashtra",
Golden Harvest IT Services,,vendor861@vendormail.test,9223380893,"817 Market Road, Assam",
Anchor Packaging,33FKQWZ8296X6Z6,vendor862@vendormail.test,9997446251,"473 Market Road, Tamil Nadu",
Ironclad Freight,,vendor863@vendormail.test,9880651854,"250 Market Road, Kerala",
Vertex Security Services,,vendor864@vendormail.test,9852533654,"331 Industrial Estate, Himachal Pradesh",
Pioneer Print Works,,vendor865@vendormail.test,9480755542,"664 Market Road, Uttarakhand",
Pioneer Textiles,20SMDIS1033Y2Z4,vendor866@vendormail.test,9410822239,"951 Industrial Estate, Jharkhand",
Ironclad Consultants,02ZEJUB2981G2Z0,vendor867@vendormail.test,9832374976,"407 Commercial Complex, Himachal Pradesh",
Delta Engineering,22UACEL8679D8Z1,vendor868@vendormail.test,9328697114,"760 Commercial Complex, Chhattisgarh",
Sunrise Distributors,37HZLOP1385W5ZN,vendor869@vendormail.test,9649456052,"561 Market Road, Andhra Pradesh",
Nimbus Office Supplies,36KKYEW1567E6ZT,vendor870@vendormail.test,9364757544,"974 Industrial Estate, Telangana",
Greenfield Logistics,,vendor871@vendormail.test,9716922435,"69 Commercial Complex, Rajasthan",
Zenith Hosting,20HMIBH8657Q3ZC,vendor872@vendormail.test,9832349194,"210 Commercial Complex, Jharkhand",
Northstar Stationery,33XIUJR4027M2ZP,vendor873@vendormail.test,9376345021,"31 Market Road, Tamil Nadu",
Northstar Advertising,,vendor874@vendormail.test,9343132816,"96 Industrial Estate, Chhattisgarh",
Golden Harvest Electricals,,vendor875@vendormail.test,9159509830,"836 Market Road, Kerala",
Horizon IT Services,20KIRIT3928I3ZH,vendor876@vendormail.test,9842606380,"884 Commercial Complex, Jharkhand",
Pioneer Packaging,11FEZTX8640R1ZX,vendor877@vendormail.test,9694875011,"911 Industrial Estate, Sikkim",
CloudNet Freight,,vendor878@vendormail.test,9134383585,"977 Commercial Complex, Madhya Pradesh",
Delta Security Services,04FULOY7305J6ZV,vendor879@vendormail.test,9993523720,"382 Industrial Estate, Chandigarh",
Horizon Print Works,04AATRZ1137L3ZX,vendor880@vendormail.test,9138781299,"576 Commercial Complex, Chandigarh",
Orbit Textiles,09HDEYP9948S7ZL,vendor881@vendormail.test,9441410952,"575 Commercial Complex, Uttar Pradesh",
Northstar Consultants,19GLAQI6666C6ZF,vendor882@vendormail.test,9618154085,"820 Market Road, West Bengal",
Titan Engineering,,vendor883@vendormail.test,9490016974,"78 Market Road, Tamil Nadu",
Metro Distributors,23GIBZL4242I5ZV,vendor884@vendormail.test,9669040630,"662 Industrial Estate, Madhya Pradesh",
Crestline Office Supplies,22LEFGT7499I7ZE,vendor885@vendormail.test,9443429475,"153 Market Road, Chhattisgarh",
Emerald Logistics,,vendor886@vendormail.test,9460118295,"255 Industrial Estate, Andhra Pradesh",
Emerald Hosting,32UXUBR2552A2ZR,vendor887@vendormail.test,9666963041,"708 Industrial Estate, Kerala",
Apex Stationery,21BOHUO5113H8ZT,vendor888@vendormail.test,9694641788,"683 Market Road, Odisha",
Bluepeak Advertising,,vendor889@vendormail.test,9969191151,"140 Commercial Complex, Chandigarh",
Zenith Electricals,37YGSNA9437R1ZV,vendor890@vendormail.test,9802639959,"931 Market Road, Andhra Pradesh",
BlueWave IT Services,09AFSAZ2840W1ZV,vendor891@vendormail.test,9504430132,"972 Market Road, Uttar Pradesh",
CloudNet Packaging,30NVLUP4020D4ZE,vendor892@vendormail.test,9204382033,"421 Market Road, Goa",
Horizon Freight,20ADQEY5761N8Z1,vendor893@vendormail.test,9932987121,"265 Industrial Estate, Jharkhand",
Zenith Security Services,33RSOWK3600B8ZR,vendor894@vendormail.test,9767753617,"522 Market Road, Tamil Nadu",
Emerald Print Works,,vendor895@vendormail.test,9841142048,"742 Commercial Complex, Maharashtra",
Northstar Textiles,06KWDGC5255X7ZX,vendor896@vendormail.test,9548022027,"992 Market Road, Haryana",
Fusion Consultants,04TKMWN2581G1ZS,vendor897@vendormail.test,9717078848,"639 Commercial Complex, Chandigarh",
Titan Engineering,08YOTHC5434L1Z7,vendor898@vendormail.test,9514055508,"148 Market Road, Rajasthan",
Ironclad Distributors,,vendor899@vendormail.test,9304043434,"814 Industrial Estate, Sikkim",
Redwood Office Supplies,08AZZXZ9015M5ZG,vendor900@vendormail.test,9300090977,"424 Industrial Estate, Rajasthan",
Meridian Logistics,27JVUMI7502D9ZA,vendor901@vendormail.test,9838551078,"331 Market Road, Maharashtra",
Metro Hosting,10WAFHV5575E8Z6,vendor902@vendormail.test,9669513377,"362 Market Road, Bihar",
Orbit Stationery,,vendor903@vendormail.test,9732982808,"177 Industrial Estate, Chandigarh",
Horizon Advertising,,vendor904@vendormail.test,9508978042,"628 Industrial Estate, Assam",
Apex Electricals,29KDLRD7788R4ZF,vendor905@vendormail.test,9965651180,"179 Commercial Complex, Karnataka",
Reliable IT Services,09DFTSZ6557U8Z9,vendor906@vendormail.test,9981747103,"767 Industrial Estate, Uttar Pradesh",
Apex Packaging,,vendor907@vendormail.test,9651819417,"19 Industrial Estate, Uttarakhand",
Titan Freight,03RADHW1290E7ZS,vendor908@vendormail.test,9387179045,"466 Industrial Estate, Punjab",
Redwood Security Services,07HZVHG2199A4ZL,vendor909@vendormail.test,9355908504,"754 Market Road, Delhi",
Nimbus Print Works,,vendor910@vendormail.test,9999773275,"679 Market Road, Jharkhand",
Horizon Textiles,,vendor911@vendormail.test,9784132977,"52 Commercial Complex, Maharashtra",
Horizon Consultants,,vendor912@vendormail.test,9375959763,"482 Commercial Complex, Telangana",
Silverline Engineering,,vendor913@vendormail.test,9155555481,"730 Industrial Estate, Andhra Pradesh",
Everest Distributors,,vendor914@vendormail.test,9417049585,"2 Market Road, Himachal Pradesh",
CloudNet Office Supplies,08TWEAC9949O8Z4,vendor915@vendormail.test,9943797961,"636 Commercial Complex, Rajasthan",
Silverline Logistics,36YDIPY3124E5ZI,vendor916@vendormail.test,9486636621,"907 Commercial Complex, Telangana",
Vertex Hosting,06LGLIE2747V9Z7,vendor917@vendormail.test,9469662400,"192 Industrial Estate, Haryana",
Nimbus Stationery,,vendor918@vendormail.test,9665144268,"317 Commercial Complex, Bihar",
BlueWave Advertising,19EFVSN9880Q5ZL,vendor919@vendormail.test,9971164671,"803 Industrial Estate, West Bengal",
Redwood Electricals,,vendor920@vendormail.test,9406405127,"474 Commercial Complex, Kerala",
Meridian IT Services,,vendor921@vendormail.test,9731195411,"791 Market Road, Tamil Nadu",
CloudNet Packaging,23UITBJ5004V3Z7,vendor922@vendormail.test,9465429802,"248 Industrial Estate, Madhya Pradesh",
Silverline Freight,,vendor923@vendormail.test,9440625805,"318 Commercial Complex, Uttarakhand",
Everest Security Services,,vendor924@vendormail.test,9814215042,"721 Market Road, Tamil Nadu",
Vertex Print Works,10KZQNU9516Y9Z1,vendor925@vendormail.test,9331122142,"735 Commercial Complex, Bihar",
Bluepeak Textiles,,vendor926@vendormail.test,9716533177,"334 Market Road, Rajasthan",
Ironclad Consultants,30IUDZC6493X8ZL,vendor927@vendormail.test,9346591644,"976 Market Road, Goa",
Reliable Engineering,,vendor928@vendormail.test,9193828493,"634 Commercial Complex, Himachal Pradesh",
Delta Distributors,22ODRNU7210L5Z5,vendor929@vendormail.test,9829034565,"476 Market Road, Chhattisgarh",
Everest Office Supplies,,vendor930@vendormail.test,9773283537,"647 Industrial Estate, Gujarat",
Emerald Logistics,,vendor931@vendormail.test,9121824097,"46 Market Road, Uttarakhand",
Ironclad Hosting,,vendor932@vendormail.test,9947176161,"31 Industrial Estate, Jammu and Kashmir",
Bluepeak Stationery,23VRPKI6272P6ZV,vendor933@vendormail.test,9215620658,"260 Market Road, Madhya Pradesh",
Redwood Advertising,,vendor934@vendormail.test,9706731119,"717 Commercial Complex, Himachal Pradesh",
Delta Electricals,33UZANA5344U6Z6,vendor935@vendormail.test,9845857128,"496 Industrial Estate, Tamil Nadu",
Prime IT Services,06MRQWS7456N6ZI,vendor936@vendormail.test,9764814451,"305 Market Road, Haryana",
Metro Packaging,,vendor937@vendormail.test,9223444909,"468 Industrial Estate, Assam",
Pioneer Freight,36IEFXF4850K4Z1,vendor938@vendormail.test,9597460035,"383 Market Road, Telangana",
Delta Security Services,,vendor939@vendormail.test,9577039271,"218 Commercial Complex, Chhattisgarh",
Meridian Print Works,,vendor940@vendormail.test,9516614714,"819 Commercial Complex, Uttarakhand",
Orbit Textiles,,vendor941@vendormail.test,9151634283,"212 Market Road, Sikkim",
Everest Consultants,33QLCAX2229U3Z6,vendor942@vendormail.test,9132046999,"979 Commercial Complex, Tamil Nadu",
Everest Engineering,,vendor943@vendormail.test,9740304392,"37 Commercial Complex, Maharashtra",
Falcon Distributors,19KSKTV5472P3ZF,vendor944@vendormail.test,9593345145,"123 Industrial Estate, West Bengal",
Skyline Office Supplies,,vendor945@vendormail.test,9518811066,"434 Market Road, Assam",
Crestline Logistics,,vendor946@vendormail.test,9154135782,"224 Industrial Estate, Telangana",
Fusion Hosting,,vendor947@vendormail.test,9715062534,"381 Market Road, West Bengal",
Golden Harvest Stationery,,vendor948@vendormail.test,9671250957,"457 Market Road, Sikkim",
Bluepeak Advertising,,vendor949@vendormail.test,9322136024,"328 Market Road, Chhattisgarh",
Sunrise Electricals,24TTRER5874Z8ZY,vendor950@vendormail.test,9387794454,"971 Market Road, Gujarat",
Horizon IT Services,,vendor951@vendormail.test,9296939254,"697 Commercial Complex, Punjab",
Everest Packaging,33QPRRG7469F8ZV,vendor952@vendormail.test,9523551174,"715 Commercial Complex, Tamil Nadu",
Prime Freight,37AIQVK7568G1ZD,vendor953@vendormail.test,9800021281,"404 Industrial Estate, Andhra Pradesh",
Greenfield Security Services,04UBRKB9362O1ZT,vendor954@vendormail.test,9638405835,"111 Industrial Estate, Chandigarh",
Metro Print Works,,vendor955@vendormail.test,9921571174,"885 Industrial Estate, Assam",
Titan Textiles,,vendor956@vendormail.test,9611551241,"767 Market Road, Telangana",
Crestline Consultants,,vendor957@vendormail.test,9546264253,"374 Industrial Estate, Karnataka",
Vertex Engineering,,vendor958@vendormail.test,9921865261,"822 Market Road, Haryana",
Reliable Distributors,24KLSIH1605P2ZL,vendor959@vendormail.test,9844527291,"602 Market Road, Gujarat",
Greenfield Office Supplies,,vendor960@vendormail.test,9203185610,"334 Commercial Complex, Karnataka",
Ironclad Logistics,22AROFS2718G3ZZ,vendor961@vendormail.test,9646872277,"586 Industrial Estate, Chhattisgarh",
Vertex Hosting,,vendor962@vendormail.test,9121165009,"161 Industrial Estate, Jharkhand",
CloudNet Stationery,24VHJMS2104Q5ZL,vendor963@vendormail.test,9852032335,"641 Market Road, Gujarat",
Fusion Advertising,27JKCLZ6973K9ZK,vendor964@vendormail.test,9266578734,"226 Market Road, Maharashtra",
Fusion Electricals,05RIMAZ8162G1ZJ,vendor965@vendormail.test,9924396178,"152 Market Road, Uttarakhand",
Redwood IT Services,,vendor966@vendormail.test,9753213923,"951 Industrial Estate, Haryana",
Emerald Packaging,05OLPCS4176L7ZT,vendor967@vendormail.test,9620146634,"966 Industrial Estate, Uttarakhand",
Horizon Freight,10WMKRI8452V3Z7,vendor968@vendormail.test,9363485028,"106 Industrial Estate, Bihar",
Anchor Security Services,,vendor969@vendormail.test,9479484853,"744 Market Road, Gujarat",
BlueWave Print Works,02YMKIY6744Y1ZV,vendor970@vendormail.test,9682973731,"114 Market Road, Himachal Pradesh",
Sunrise Textiles,01COQXV8970T8ZQ,vendor971@vendormail.test,9372342500,"512 Commercial Complex, Jammu and Kashmir",
Everest Consultants,21NUOLF7293Z5ZY,vendor972@vendormail.test,9919043670,"339 Industrial Estate, Odisha",
Anchor Engineering,10VLTKF8856S3ZJ,vendor973@vendormail.test,9951706774,"887 Market Road, Bihar",
Horizon Distributors,,vendor974@vendormail.test,9639016917,"118 Market Road, Haryana",
Anchor Office Supplies,01EMFXM5723K1ZU,vendor975@vendormail.test,9276726517,"119 Market Road, Jammu and Kashmir",
Skyline Logistics,30AMTAM7997F2ZR,vendor976@vendormail.test,9481610870,"973 Market Road, Goa",
Vertex Hosting,20JOTYP2525O5Z5,vendor977@vendormail.test,9873841689,"238 Commercial Complex, Jharkhand",
Horizon Stationery,29LNJLH6674U6Z2,vendor978@vendormail.test,9225057081,"251 Industrial Estate, Karnataka",
Emerald Advertising,,vendor979@vendormail.test,9371834168,"983 Commercial Complex, Gujarat",
Prime Electricals,,vendor980@vendormail.test,9745240298,"956 Commercial Complex, Telangana",
Everest IT Services,,vendor981@vendormail.test,9706113301,"328 Industrial Estate, Rajasthan",
Reliable Packaging,22MHLED9316I9Z3,vendor982@vendormail.test,9577144620,"379 Commercial Complex, Chhattisgarh",
Meridian Freight,,vendor983@vendormail.test,9187384813,"951 Market Road, Karnataka",
Redwood Security Services,23MJPRW4619E3ZC,vendor984@vendormail.test,9786389985,"798 Industrial Estate, Madhya Pradesh",
Anchor Print Works,27AHTLJ6969J1ZU,vendor985@vendormail.test,9883141085,"581 Industrial Estate, Maharashtra",
Pioneer Textiles,10YHDRW2689E4ZO,vendor986@vendormail.test,9365174349,"961 Industrial Estate, Bihar",
Redwood Consultants,,vendor987@vendormail.test,9461029295,"243 Industrial Estate, Jharkhand",
Fusion Engineering,,vendor988@vendormail.test,9866308936,"378 Market Road, Delhi",
Vertex Distributors,27RAKVN2966T7ZA,vendor989@vendormail.test,9664087343,"502 Market Road, Maharashtra",
Vertex Office Supplies,,vendor990@vendormail.test,9779564678,"482 Market Road, Sikkim",
Silverline Logistics,,vendor991@vendormail.test,9935658368,"719 Commercial Complex, Uttarakhand",
Metro Hosting,20GPMFQ9445X4Z1,vendor992@vendormail.test,9513198053,"422 Industrial Estate, Jharkhand",
Pioneer Stationery,27ZNIIA1905V5ZR,vendor993@vendormail.test,9490627096,"678 Industrial Estate, Maharashtra",
Delta Advertising,,vendor994@vendormail.test,9529206663,"161 Market Road, Karnataka",
Meridian Electricals,,vendor995@vendormail.test,9895016407,"28 Market Road, Andhra Pradesh",
Everest IT Services,21PSRDJ8350Q3ZW,vendor996@vendormail.test,9411008365,"396 Industrial Estate, Odisha",
Sunrise Packaging,10RTLDL6234G9Z2,vendor997@vendormail.test,9276727646,"285 Market Road, Bihar",
Reliable Freight,33WUWLA9290V9ZT,vendor998@vendormail.test,9107672903,"507 Commercial Complex, Tamil Nadu",
Ironclad Security Services,07RUJTI8818E7Z7,vendor999@vendormail.test,9332921571,"892 Market Road, Delhi",
Fusion Print Works,21TZJUW7696T7Z2,vendor1000@vendormail.test,9295069517,"67 Industrial Estate, Odisha",
Orbit Textiles,19OOUVE9531K4Z2,vendor1001@vendormail.test,9711133424,"899 Market Road, West Bengal",
Redwood Consultants,10ZSECM8855H1Z1,vendor1002@vendormail.test,9839260366,"197 Market Road, Bihar",
BlueWave Engineering,,vendor1003@vendormail.test,9499409380,"544 Industrial Estate, Madhya Pradesh",
BlueWave Distributors,09RNZLY9452D7Z2,vendor1004@vendormail.test,9273820768,"204 Market Road, Uttar Pradesh",
Greenfield Office Supplies,32KYMJY6828O4ZU,vendor1005@vendormail.test,9412040827,"103 Industrial Estate, Kerala",
Reliable Logistics,,vendor1006@vendormail.test,9785910609,"686 Commercial Complex, Andhra Pradesh",
Vertex Hosting,,vendor1007@vendormail.test,9479880828,"13 Commercial Complex, Uttarakhand",
BlueWave Stationery,33VTQTO1422U9ZU,vendor1008@vendormail.test,9965354657,"334 Market Road, Tamil Nadu",
Delta Advertising,11MHJMD9624A3ZS,vendor1009@vendormail.test,9222558414,"17 Commercial Complex, Sikkim",
Everest Electricals,21TYHGK1225Q2Z1,vendor1010@vendormail.test,9923051820,"697 Industrial Estate, Odisha",
Everest IT Services,18QZCQA5513O6ZC,vendor1011@vendormail.test,9145196144,"43 Commercial Complex, Assam",
Reliable Packaging,02YODQA1608U7ZT,vendor1012@vendormail.test,9751742023,"809 Commercial Complex, Himachal Pradesh",
Northstar Freight,20QTWQN1667V4ZZ,vendor1013@vendormail.test,9326737495,"576 Industrial Estate, Jharkhand",
Greenfield Security Services,05WHINT8938B9ZO,vendor1014@vendormail.test,9353094349,"358 Industrial Estate, Uttarakhand",
Emerald Print Works,,vendor1015@vendormail.test,9790225247,"684 Industrial Estate, Bihar",
Prime Textiles,30WPVKS1577Y1ZC,vendor1016@vendormail.test,9379011697,"366 Industrial Estate, Goa",
Pioneer Consultants,,vendor1017@vendormail.test,9689240508,"19 Commercial Complex, Tamil Nadu",
Ironclad Engineering,,vendor1018@vendormail.test,9690705248,"889 Market Road, Telangana",
Emerald Distributors,,vendor1019@vendormail.test,9778568685,"170 Commercial Complex, Chhattisgarh",
Nimbus Office Supplies,32OCLON8337G2Z5,vendor1020@vendormail.test,9985444910,"15 Market Road, Kerala",
Zenith Logistics,,vendor1021@vendormail.test,9536245587,"983 Market Road, West Bengal",
Anchor Hosting,08XFQHP3959R2ZX,vendor1022@vendormail.test,9158679037,"104 Commercial Complex, Rajasthan",
Prime Stationery,20KDLCW4588N2ZI,vendor1023@vendormail.test,9573922937,"413 Market Road, Jharkhand",
Zenith Advertising,06UETXJ9162Z5Z5,vendor1024@vendormail.test,9400752839,"373 Industrial Estate, Haryana",
Orbit Electricals,27QQLMG4612C6Z5,vendor1025@vendormail.test,9200982944,"956 Commercial Complex, Maharashtra",
BlueWave IT Services,,vendor1026@vendormail.test,9510872191,"961 Industrial Estate, Haryana",
Prime Packaging,,vendor1027@vendormail.test,9371091749,"459 Industrial Estate, Andhra Pradesh",
Meridian Freight,02WGCEG6652V9ZJ,vendor1028@vendormail.test,9743810315,"925 Commercial Complex, Himachal Pradesh",
Bluepeak Security Services,36ZGRVU2876H8Z9,vendor1029@vendormail.test,9147820855,"261 Market Road, Telangana",
Zenith Print Works,20DPVVL7425K3ZT,vendor1030@vendormail.test,9286422258,"837 Commercial Complex, Jharkhand",
Crestline Textiles,33UHRIG5427A3Z1,vendor1031@vendormail.test,9844952524,"127 Industrial Estate, Tamil Nadu",
Fusion Consultants,05IICFV8049X3ZF,vendor1032@vendormail.test,9323146898,"547 Commercial Complex, Uttarakhand",
Nimbus Engineering,,vendor1033@vendormail.test,9470094662,"75 Industrial Estate, Assam",
Pioneer Distributors,,vendor1034@vendormail.test,9242296569,"892 Market Road, Uttar Pradesh",
Fusion Office Supplies,,vendor1035@vendormail.test,9464286742,"7 Commercial Complex, Chhattisgarh",
Greenfield Logistics,,vendor1036@vendormail.test,9785705156,"64 Market Road, Madhya Pradesh",
Meridian Hosting,23XSLMD4082G5ZC,vendor1037@vendormail.test,9843315355,"680 Industrial Estate, Madhya Pradesh",
Crestline Stationery,,vendor1038@vendormail.test,9668544062,"959 Industrial Estate, Chhattisgarh",
Bluepeak Advertising,,vendor1039@vendormail.test,9536701149,"482 Industrial Estate, Uttarakhand",
Delta Electricals,05WDLSL8117T6Z6,vendor1040@vendormail.test,9952006110,"521 Industrial Estate, Uttarakhand",
Pioneer IT Services,,vendor1041@vendormail.test,9918530890,"395 Market Road, Bihar",
Delta Packaging,,vendor1042@vendormail.test,9908058505,"302 Market Road, Odisha",
Crestline Freight,27HPFBK6678U8ZK,vendor1043@vendormail.test,9990404044,"746 Commercial Complex, Maharashtra",
Horizon Security Services,33VZARF7925O9ZN,vendor1044@vendormail.test,9919540415,"192 Industrial Estate, Tamil Nadu",
Metro Print Works,04XSFCL1242K4ZT,vendor1045@vendormail.test,9144271234,"938 Industrial Estate, Chandigarh",
Orbit Textiles,,vendor1046@vendormail.test,9303379155,"205 Industrial Estate, Rajasthan",
Silverline Consultants,32YSNCK9856A3ZP,vendor1047@vendormail.test,9554595103,"139 Market Road, Kerala",
BlueWave Engineering,,vendor1048@vendormail.test,9338458249,"513 Market Road, Karnataka",
Falcon Distributors,,vendor1049@vendormail.test,9791973664,"895 Commercial Complex, Karnataka",
Metro Office Supplies,18HXXOO2544L8ZP,vendor1050@vendormail.test,9379270275,"829 Industrial Estate, Assam",
Titan Logistics,03AJLNV4861W7ZW,vendor1051@vendormail.test,9163999970,"297 Commercial Complex, Punjab",
BlueWave Hosting,,vendor1052@vendormail.test,9801176358,"179 Industrial Estate, Jharkhand",
Skyline Stationery,,vendor1053@vendormail.test,9692914585,"655 Market Road, Chhattisgarh",
Golden Harvest Advertising,11CUZDY7983U2ZP,vendor1054@vendormail.test,9462227674,"45 Commercial Complex, Sikkim",
Golden Harvest Electricals,23HCWVX9133U1ZZ,vendor1055@vendormail.test,9245973244,"727 Market Road, Madhya Pradesh",
Meridian IT Services,02OPQEY9699M7ZX,vendor1056@vendormail.test,9153276464,"547 Industrial Estate, Himachal Pradesh",
Horizon Packaging,37KYREH8250H8ZM,vendor1057@vendormail.test,9157892809,"539 Market Road, Andhra Pradesh",
Delta Freight,09TPFAX3540A1ZV,vendor1058@vendormail.test,9948763878,"757 Market Road, Uttar Pradesh",
Greenfield Security Services,02MQZYM9415K8Z7,vendor1059@vendormail.test,9869086139,"548 Market Road, Himachal Pradesh",
Northstar Print Works,08EFDIE4394F3Z3,vendor1060@vendormail.test,9820073833,"696 Industrial Estate, Rajasthan",
Redwood Textiles,02CPWGR5845P6ZS,vendor1061@vendormail.test,9352033465,"657 Industrial Estate, Himachal Pradesh",
Zenith Consultants,10JGOBV3845X5Z1,vendor1062@vendormail.test,9332663885,"410 Commercial Complex, Bihar",
Northstar Engineering,,vendor1063@vendormail.test,9613292490,"863 Commercial Complex, Rajasthan",
Fusion Distributors,,vendor1064@vendormail.test,9492457823,"664 Industrial Estate, Goa",
Prime Office Supplies,,vendor1065@vendormail.test,9684281527,"250 Market Road, Sikkim",
Vertex Logistics,01WMMAP4084D8ZJ,vendor1066@vendormail.test,9201994531,"646 Industrial Estate, Jammu and Kashmir",
Emerald Hosting,18ZSAFG7140V7Z0,vendor1067@vendormail.test,9384157256,"19 Industrial Estate, Assam",
BlueWave Stationery,19AXRZX6355F1Z1,vendor1068@vendormail.test,9278650342,"179 Commercial Complex, West Bengal",
BlueWave Advertising,,vendor1069@vendormail.test,9182959298,"398 Market Road, Delhi",
Prime Electricals,19KYGJH3558G2ZA,vendor1070@vendormail.test,9168511811,"487 Industrial Estate, West Bengal",
Ironclad IT Services,29UHMTB2804T6ZB,vendor1071@vendormail.test,9694938470,"76 Market Road, Karnataka",
Meridian Packaging,,vendor1072@vendormail.test,9991254933,"776 Commercial Complex, Jammu and Kashmir",
Horizon Freight,,vendor1073@vendormail.test,9784711924,"367 Industrial Estate, Rajasthan",
Emerald Security Services,08JJMLJ5321D4ZB,vendor1074@vendormail.test,9261138982,"722 Industrial Estate, Rajasthan",
Emerald Print Works,,vendor1075@vendormail.test,9941150971,"776 Commercial Complex, Madhya Pradesh",
Vertex Textiles,,vendor1076@vendormail.test,9526117051,"425 Commercial Complex, Himachal Pradesh",
Bluepeak Consultants,06HEFWL5711C5ZC,vendor1077@vendormail.test,9494287008,"483 Industrial Estate, Haryana",
Vertex Engineering,05DMRYW9080W6ZK,vendor1078@vendormail.test,9522802083,"125 Commercial Complex, Uttarakhand",
Zenith Distributors,23QXYPS7570X9ZP,vendor1079@vendormail.test,9205907182,"489 Industrial Estate, Madhya Pradesh",
Reliable Office Supplies,,vendor1080@vendormail.test,9200519719,"69 Commercial Complex, Chandigarh",
Apex Logistics,,vendor1081@vendormail.test,9268807277,"300 Market Road, Chandigarh",
Emerald Hosting,18XZLBR4340O2Z4,vendor1082@vendormail.test,9866606437,"271 Industrial Estate, Assam",
Pioneer Stationery,,vendor1083@vendormail.test,9832714110,"420 Commercial Complex, Jammu and Kashmir",
Northstar Advertising,11ROMVE1121D2Z5,vendor1084@vendormail.test,9533058305,"905 Industrial Estate, Sikkim",
Delta Electricals,04FWCRL9720H2Z7,vendor1085@vendormail.test,9778030912,"849 Market Road, Chandigarh",
Everest IT Services,01YZMJY7912I1ZB,vendor1086@vendormail.test,9168345115,"584 Industrial Estate, Jammu and Kashmir",
Crestline Packaging,,vendor1087@vendormail.test,9890094486,"933 Commercial Complex, Goa",
Skyline Freight,,vendor1088@vendormail.test,9528219943,"741 Industrial Estate, Andhra Pradesh",
Ironclad Security Services,,vendor1089@vendormail.test,9693731274,"840 Industrial Estate, Odisha",
Titan Print Works,04KHHRH2142D5Z4,vendor1090@vendormail.test,9440487432,"899 Commercial Complex, Chandigarh",
Crestline Textiles,20DXNDY2023U7ZS,vendor1091@vendormail.test,9235609257,"761 Industrial Estate, Jharkhand",
Emerald Consultants,23GBNYP6696D6ZJ,vendor1092@vendormail.test,9355621382,"286 Market Road, Madhya Pradesh",
Horizon Engineering,05BTHGE4827D7ZR,vendor1093@vendormail.test,9723294415,"812 Commercial Complex, Uttarakhand",
Sunrise Distributors,37IVCRF2707H5Z1,vendor1094@vendormail.test,9897607688,"907 Industrial Estate, Andhra Pradesh",
Silverline Office Supplies,32AMPRQ9774N6Z2,vendor1095@vendormail.test,9902828054,"385 Industrial Estate, Kerala",
Nimbus Logistics,37NZHSI5559U5Z5,vendor1096@vendormail.test,9429039381,"858 Commercial Complex, Andhra Pradesh",
CloudNet Hosting,33FZVWM8078Y8ZC,vendor1097@vendormail.test,9200694663,"681 Commercial Complex, Tamil Nadu",
Zenith Stationery,,vendor1098@vendormail.test,9997756911,"974 Commercial Complex, Uttarakhand",
Falcon Advertising,32VSUIG1067Z4Z4,vendor1099@vendormail.test,9119908508,"85 Market Road, Kerala",
Nimbus Electricals,29KOLQT6873F1ZU,vendor1100@vendormail.test,9877667907,"807 Market Road, Karnataka",
Fusion IT Services,18MONNL3511M7Z6,vendor1101@vendormail.test,9153286894,"407 Industrial Estate, Assam",
Bluepeak Packaging,,vendor1102@vendormail.test,9781939911,"914 Industrial Estate, Karnataka",
Skyline Freight,30CPWAR7246F8Z6,vendor1103@vendormail.test,9793723988,"914 Market Road, Goa",
Sunrise Security Services,24ZTBNF3010E2Z3,vendor1104@vendormail.test,9725527572,"341 Market Road, Gujarat",
Golden Harvest Print Works,,vendor1105@vendormail.test,9935915390,"846 Industrial Estate, Uttarakhand",
Metro Textiles,03EKMJV4509Q6Z1,vendor1106@vendormail.test,9232377746,"435 Industrial Estate, Punjab",
Ironclad Consultants,04YGEUM9102G3ZM,vendor1107@vendormail.test,9438817461,"667 Commercial Complex, Chandigarh",
CloudNet Engineering,,vendor1108@vendormail.test,9293164185,"930 Industrial Estate, Uttar Pradesh",
Crestline Distributors,,vendor1109@vendormail.test,9262200724,"13 Market Road, Telangana",
Prime Office Supplies,21PXGJN2073T5ZJ,vendor1110@vendormail.test,9467627162,"52 Market Road, Odisha",
Reliable Logistics,,vendor1111@vendormail.test,9811986190,"983 Commercial Complex, Uttarakhand",
CloudNet Hosting,,vendor1112@vendormail.test,9966225229,"929 Industrial Estate, Goa",
Titan Stationery,,vendor1113@vendormail.test,9485359458,"706 Market Road, Assam",
Crestline Advertising,22PZPKR3984P4Z3,vendor1114@vendormail.test,9728108011,"357 Commercial Complex, Chhattisgarh",
Golden Harvest Electricals,36QKRXD3434C4ZU,vendor1115@vendormail.test,9211313475,"105 Market Road, Telangana",
Meridian IT Services,,vendor1116@vendormail.test,9803948134,"213 Industrial Estate, Rajasthan",
Nimbus Packaging,11EYREG5569Q5ZG,vendor1117@vendormail.test,9283105861,"217 Industrial Estate, Sikkim",
Falcon Freight,,vendor1118@vendormail.test,9344971226,"877 Industrial Estate, Haryana",
Anchor Security Services,22UNISU1970Y5ZN,vendor1119@vendormail.test,9727888439,"851 Industrial Estate, Chhattisgarh",
CloudNet Print Works,23ZOLNM3776D4ZH,vendor1120@vendormail.test,9555535924,"836 Market Road, Madhya Pradesh",
Orbit Textiles,19QNQVF2107L2ZO,vendor1121@vendormail.test,9180007766,"948 Commercial Complex, West Bengal",
Falcon Consultants,09SOUUO4233O5Z2,vendor1122@vendormail.test,9895030019,"824 Industrial Estate, Uttar Pradesh",
Orbit Engineering,08ULROK6016L6ZT,vendor1123@vendormail.test,9133472318,"451 Commercial Complex, Rajasthan",
Meridian Distributors,,vendor1124@vendormail.test,9444534784,"936 Industrial Estate, Jammu and Kashmir",
Anchor Office Supplies,30YNWXO2656V2Z6,vendor1125@vendormail.test,9129456565,"684 Market Road, Goa",
Emerald Logistics,30TNIUD9764I8Z4,vendor1126@vendormail.test,9735182047,"999 Market Road, Goa",
Redwood Hosting,11NTFBJ5829D6ZP,vendor1127@vendormail.test,9332319991,"762 Industrial Estate, Sikkim",
Delta Stationery,,vendor1128@vendormail.test,9541270796,"427 Market Road, West Bengal",
Meridian Advertising,30XSFXC2131W7ZF,vendor1129@vendormail.test,9212047488,"987 Market Road, Goa",
Reliable Electricals,08AGFCE1935H8Z5,vendor1130@vendormail.test,9768693107,"80 Commercial Complex, Rajasthan",
Sunrise IT Services,,vendor1131@vendormail.test,9621457795,"586 Market Road, Delhi",
Silverline Packaging,20CNDBA7079Q3ZC,vendor1132@vendormail.test,9611979451,"148 Industrial Estate, Jharkhand",
Greenfield Freight,09LSDLH8834H3ZX,vendor1133@vendormail.test,9947547776,"944 Commercial Complex, Uttar Pradesh",
BlueWave Security Services,,vendor1134@vendormail.test,9996013934,"138 Market Road, Sikkim",
Crestline Print Works,,vendor1135@vendormail.test,9869340700,"913 Industrial Estate, Sikkim",
Greenfield Textiles,,vendor1136@vendormail.test,9770306614,"651 Industrial Estate, Odisha",
Golden Harvest Consultants,21ZXTAI9990V1ZO,vendor1137@vendormail.test,9436914811,"713 Market Road, Odisha",
Reliable Engineering,24CPUZK5309I6Z1,vendor1138@vendormail.test,9450729132,"975 Market Road, Gujarat",
Delta Distributors,,vendor1139@vendormail.test,9848422222,"737 Market Road, Telangana",
Redwood Office Supplies,36LHEZG6923C6ZU,vendor1140@vendormail.test,9550786058,"496 Commercial Complex, Telangana",
Sunrise Logistics,06BSQUP4976B1ZE,vendor1141@vendormail.test,9340600597,"906 Commercial Complex, Haryana",
Titan Hosting,,vendor1142@vendormail.test,9135722497,"358 Market Road, Bihar",
Silverline Stationery,19QABGU8100L5Z7,vendor1143@vendormail.test,9376362761,"6 Industrial Estate, West Bengal",
Sunrise Advertising,10AHKWG8568M9ZN,vendor1144@vendormail.test,9417495629,"750 Market Road, Bihar",
Emerald Electricals,06JAZOP5620M7ZI,vendor1145@vendormail.test,9439577134,"455 Commercial Complex, Haryana",
BlueWave IT Services,07NSPTC9309D3ZG,vendor1146@vendormail.test,9951069013,"834 Commercial Complex, Delhi",
Fusion Packaging,32JODOP6050H2ZV,vendor1147@vendormail.test,9123122283,"450 Industrial Estate, Kerala",
Redwood Freight,03QRMUW7345G2ZC,vendor1148@vendormail.test,9841720701,"986 Industrial Estate, Punjab",
Redwood Security Services,,vendor1149@vendormail.test,9365756289,"125 Market Road, Tamil Nadu",
Delta Print Works,02EHJKG5792I7Z0,vendor1150@vendormail.test,9403714737,"375 Market Road, Himachal Pradesh",
Zenith Textiles,,vendor1151@vendormail.test,9293287822,"258 Market Road, Andhra Pradesh",
Skyline Consultants,32OEXBC4966O3ZR,vendor1152@vendormail.test,9900882730,"700 Market Road, Kerala",
Prime Engineering,,vendor1153@vendormail.test,9739624497,"837 Market Road, Tamil Nadu",
Apex Distributors,,vendor1154@vendormail.test,9903337319,"735 Commercial Complex, Odisha",
Pioneer Office Supplies,09XHNXZ1327A5ZY,vendor1155@vendormail.test,9464811314,"872 Market Road, Uttar Pradesh",
Prime Logistics,,vendor1156@vendormail.test,9954223667,"594 Industrial Estate, Rajasthan",
Silverline Hosting,,vendor1157@vendormail.test,9896126708,"864 Market Road, Gujarat",
Vertex Stationery,30YTMRR8820N5Z4,vendor1158@vendormail.test,9320952273,"464 Market Road, Goa",
BlueWave Advertising,09WJOWL7937E9Z2,vendor1159@vendormail.test,9429221572,"453 Commercial Complex, Uttar Pradesh",
Emerald Electricals,20SKBPP4108L3ZY,vendor1160@vendormail.test,9371783746,"130 Commercial Complex, Jharkhand",
Pioneer IT Services,,vendor1161@vendormail.test,9326124434,"116 Commercial Complex, Karnataka",
Horizon Packaging,,vendor1162@vendormail.test,9116638086,"544 Commercial Complex, Chhattisgarh",
Horizon Freight,,vendor1163@vendormail.test,9442049998,"589 Industrial Estate, Odisha",
Sunrise Security Services,,vendor1164@vendormail.test,9568227904,"752 Industrial Estate, Goa",
Emerald Print Works,,vendor1165@vendormail.test,9800206952,"688 Commercial Complex, Maharashtra",
Vertex Textiles,10WUMMV2818I1ZW,vendor1166@vendormail.test,9964317964,"462 Commercial Complex, Bihar",
Anchor Consultants,18ZTSJZ5195T5ZC,vendor1167@vendormail.test,9787086864,"851 Market Road, Assam",
Ironclad Engineering,,vendor1168@vendormail.test,9444358419,"470 Commercial Complex, Gujarat",
Golden Harvest Distributors,30FGXYO6848K6Z4,vendor1169@vendormail.test,9519163327,"965 Market Road, Goa",
Horizon Office Supplies,11RZAXI6594G1Z2,vendor1170@vendormail.test,9272387681,"482 Market Road, Sikkim",
Vertex Logistics,30SUMOR9158B9ZR,vendor1171@vendormail.test,9269212070,"754 Market Road, Goa",
Horizon Hosting,,vendor1172@vendormail.test,9352066550,"420 Commercial Complex, Jammu and Kashmir",
Emerald Stationery,,vendor1173@vendormail.test,9946064672,"652 Industrial Estate, Jammu and Kashmir",
Redwood Advertising,32WGEXP5677G6ZC,vendor1174@vendormail.test,9160809127,"984 Commercial Complex, Kerala",
Northstar Electricals,,vendor1175@vendormail.test,9564234513,"364 Industrial Estate, Chandigarh",
Vertex IT Services,37MNDMK5717S2ZH,vendor1176@vendormail.test,9518320344,"198 Market Road, Andhra Pradesh",
Horizon Packaging,01WRUIE1591D7ZE,vendor1177@vendormail.test,9474395693,"438 Market Road, Jammu and Kashmir",
Vertex Freight,22QDBRA2037G4ZT,vendor1178@vendormail.test,9985651688,"755 Market Road, Chhattisgarh",
Sunrise Security Services,37MGVLW3876Y5ZS,vendor1179@vendormail.test,9204871356,"566 Industrial Estate, Andhra Pradesh",
Everest Print Works,,vendor1180@vendormail.test,9719783460,"655 Commercial Complex, Kerala",
Anchor Textiles,,vendor1181@vendormail.test,9226683937,"661 Market Road, Chandigarh",
Apex Consultants,10KGGZO8571T2ZQ,vendor1182@vendormail.test,9566697400,"937 Commercial Complex, Bihar",
Pioneer Engineering,03QAEFV1975L7Z1,vendor1183@vendormail.test,9830118828,"444 Market Road, Punjab",
Pioneer Distributors,07OYVOF8891L5ZK,vendor1184@vendormail.test,9668977040,"513 Commercial Complex, Delhi",
Greenfield Office Supplies,36MHOUB4991A3Z2,vendor1185@vendormail.test,9609917976,"810 Industrial Estate, Telangana",
Crestline Logistics,,vendor1186@vendormail.test,9717889979,"210 Industrial Estate, Odisha",
Greenfield Hosting,02YIFLQ3386I5Z6,vendor1187@vendormail.test,9364227733,"708 Commercial Complex, Himachal Pradesh",
Golden Harvest Stationery,24STMXT9626S5ZF,vendor1188@vendormail.test,9960428728,"176 Market Road, Gujarat",
Horizon Advertising,23MGUJQ1852J1Z2,vendor1189@vendormail.test,9507377424,"722 Industrial Estate, Madhya Pradesh",
Northstar Electricals,29YJETC6189P4ZE,vendor1190@vendormail.test,9814811836,"527 Industrial Estate, Karnataka",
Golden Harvest IT Services,01GSAUO3206T5ZP,vendor1191@vendormail.test,9944726945,"705 Industrial Estate, Jammu and Kashmir",
Delta Packaging,06KLYHK6858K1ZF,vendor1192@vendormail.test,9725389989,"215 Commercial Complex, Haryana",
Metro Freight,,vendor1193@vendormail.test,9185319563,"32 Industrial Estate, Kerala",
Bluepeak Security Services,10JLFWV8817B1ZE,vendor1194@vendormail.test,9813051822,"710 Commercial Complex, Bihar",
Prime Print Works,03XLKAM4821A3ZG,vendor1195@vendormail.test,9857678668,"956 Market Road, Punjab",
Titan Textiles,,vendor1196@vendormail.test,9586559903,"219 Industrial Estate, Delhi",
Falcon Consultants,30RCXAR5741S3Z0,vendor1197@vendormail.test,9268024205,"79 Market Road, Goa",
Northstar Engineering,,vendor1198@vendormail.test,9879509359,"694 Commercial Complex, Haryana",
Sunrise Distributors,,vendor1199@vendormail.test,9183049114,"214 Market Road, Jharkhand",
Greenfield Office Supplies,33PYBXI2392I4ZV,vendor1200@vendormail.test,9682489268,"740 Industrial Estate, Tamil Nadu",
Falcon Logistics,22CVSAU5961K1ZF,vendor1201@vendormail.test,9439120770,"765 Industrial Estate, Chhattisgarh",
Anchor Hosting,04OIZXX7659B3Z4,vendor1202@vendormail.test,9536190999,"615 Industrial Estate, Chandigarh",
Emerald Stationery,,vendor1203@vendormail.test,9955440628,"950 Commercial Complex, Uttar Pradesh",
Vertex Advertising,,vendor1204@vendormail.test,9153349289,"868 Commercial Complex, Jharkhand",
Prime Electricals,,vendor1205@vendormail.test,9503752679,"154 Commercial Complex, Sikkim",
Vertex IT Services,09EIWTK5316V9Z0,vendor1206@vendormail.test,9912684383,"113 Market Road, Uttar Pradesh",
Redwood Packaging,09WTEUC2897J9Z9,vendor1207@vendormail.test,9988346671,"808 Industrial Estate, Uttar Pradesh",
Greenfield Freight,24ABMUI9029B9ZK,vendor1208@vendormail.test,9531100352,"504 Market Road, Gujarat",
Orbit Security Services,11XGTCH5571X3ZQ,vendor1209@vendormail.test,9922221419,"149 Market Road, Sikkim",
Greenfield Print Works,30AOSWB3029H8Z6,vendor1210@vendormail.test,9806442782,"426 Industrial Estate, Goa",
Horizon Textiles,29YLHGK9272D5ZJ,vendor1211@vendormail.test,9105989283,"456 Commercial Complex, Karnataka",
Crestline Consultants,21QBNXF6897S8ZJ,vendor1212@vendormail.test,9821225322,"955 Industrial Estate, Odisha",
Northstar Engineering,,vendor1213@vendormail.test,9520298955,"421 Market Road, Odisha",
Nimbus Distributors,,vendor1214@vendormail.test,9370126987,"125 Commercial Complex, Sikkim",
Emerald Office Supplies,02AMARW6699Y2Z8,vendor1215@vendormail.test,9106406610,"6 Commercial Complex, Himachal Pradesh",
Anchor Logistics,09EHJLC8010P8ZC,vendor1216@vendormail.test,9565433390,"439 Commercial Complex, Uttar Pradesh",
Golden Harvest Hosting,,vendor1217@vendormail.test,9879673538,"164 Industrial Estate, Karnataka",
Orbit Stationery,,vendor1218@vendormail.test,9729421723,"885 Industrial Estate, Bihar",
Prime Advertising,30PDJLE6956T8Z8,vendor1219@vendormail.test,9338422185,"201 Commercial Complex, Goa",
Falcon Electricals,09UBNOE1736L5ZS,vendor1220@vendormail.test,9838813585,"477 Market Road, Uttar Pradesh",
Meridian IT Services,,vendor1221@vendormail.test,9888678802,"868 Market Road, Maharashtra",
Titan Packaging,03EUIKD9718G7ZG,vendor1222@vendormail.test,9897777444,"15 Market Road, Punjab",
Orbit Freight,18MRUWW3759W1ZZ,vendor1223@vendormail.test,9871236402,"247 Commercial Complex, Assam",
BlueWave Security Services,18YQXQI7413O7ZE,vendor1224@vendormail.test,9567714384,"723 Commercial Complex, Assam",
Golden Harvest Print Works,,vendor1225@vendormail.test,9964574801,"992 Commercial Complex, West Bengal",
Orbit Textiles,,vendor1226@vendormail.test,9307084347,"396 Industrial Estate, Telangana",
Golden Harvest Consultants,,vendor1227@vendormail.test,9503422673,"526 Commercial Complex, Rajasthan",
Metro Engineering,,vendor1228@vendormail.test,9764463006,"152 Industrial Estate, Himachal Pradesh",
Reliable Distributors,,vendor1229@vendormail.test,9149392754,"825 Market Road, Assam",
Anchor Office Supplies,29GPOYV9159D9ZM,vendor1230@vendormail.test,9782899041,"911 Commercial Complex, Karnataka",
Meridian Logistics,02ZQLIH5705H4ZB,vendor1231@vendormail.test,9912250827,"6 Commercial Complex, Himachal Pradesh",
Horizon Hosting,33VVSAN9134B7ZR,vendor1232@vendormail.test,9706913714,"883 Market Road, Tamil Nadu",
CloudNet Stationery,29UHMPB6159X9ZP,vendor1233@vendormail.test,9161938897,"270 Commercial Complex, Karnataka",
Sunrise Advertising,30NAWLJ4081A1ZU,vendor1234@vendormail.test,9777077203,"815 Industrial Estate, Goa",
Meridian Electricals,,vendor1235@vendormail.test,9685639286,"950 Commercial Complex, Karnataka",
Anchor IT Services,10MXNAH8941J1ZY,vendor1236@vendormail.test,9271705826,"523 Industrial Estate, Bihar",
Zenith Packaging,01LIFAS9785L2ZU,vendor1237@vendormail.test,9497063326,"920 Industrial Estate, Jammu and Kashmir",
Nimbus Freight,06GCUOM6661A6ZH,vendor1238@vendormail.test,9323621916,"887 Market Road, Haryana",
Bluepeak Security Services,,vendor1239@vendormail.test,9781936737,"274 Industrial Estate, Madhya Pradesh",
Zenith Print Works,36CHDZY1053P5ZC,vendor1240@vendormail.test,9395116255,"753 Commercial Complex, Telangana",
Everest Textiles,27PVFUM3382Z7Z9,vendor1241@vendormail.test,9713906449,"915 Market Road, Maharashtra",
Prime Consultants,23MPBYR3919G1ZY,vendor1242@vendormail.test,9155012114,"376 Commercial Complex, Madhya Pradesh",
Metro Engineering,02LDVWF4361T5ZF,vendor1243@vendormail.test,9246999043,"661 Commercial Complex, Himachal Pradesh",
Orbit Distributors,,vendor1244@vendormail.test,9709340133,"228 Commercial Complex, Punjab",
Greenfield Office Supplies,07LFLRF6017X6ZR,vendor1245@vendormail.test,9500325965,"976 Commercial Complex, Delhi",
Orbit Logistics,,vendor1246@vendormail.test,9134067259,"773 Market Road, Assam",
Pioneer Hosting,04XJGQZ9750O9Z4,vendor1247@vendormail.test,9541148363,"800 Industrial Estate, Chandigarh",
CloudNet Stationery,,vendor1248@vendormail.test,9149787686,"132 Industrial Estate, Andhra Pradesh",
Sunrise Advertising,07GFNQG7333A3ZU,vendor1249@vendormail.test,9129092700,"626 Market Road, Delhi",
Ironclad Electricals,,vendor1250@vendormail.test,9117345954,"265 Industrial Estate, Chhattisgarh",
Sunrise IT Services,,vendor1251@vendormail.test,9931916640,"856 Market Road, Rajasthan",
Anchor Packaging,19LHBMD1701X3Z3,vendor1252@vendormail.test,9437668352,"489 Market Road, West Bengal",
Zenith Freight,,vendor1253@vendormail.test,9317472718,"424 Market Road, Jharkhand",
Sunrise Security Services,22FBONY4297G1Z3,vendor1254@vendormail.test,9131721101,"96 Market Road, Chhattisgarh",
Emerald Print Works,,vendor1255@vendormail.test,9282241647,"302 Commercial Complex, Gujarat",
Vertex Textiles,32MCSKC9306V7ZM,vendor1256@vendormail.test,9533539378,"472 Market Road, Kerala",
Anchor Consultants,,vendor1257@vendormail.test,9642761876,"665 Market Road, Haryana",
Everest Engineering,,vendor1258@vendormail.test,9716306580,"397 Industrial Estate, Gujarat",
Sunrise Distributors,19WNXBX8968S1ZT,vendor1259@vendormail.test,9880515991,"887 Industrial Estate, West Bengal",
Fusion Office Supplies,32GIYKU8366T3ZK,vendor1260@vendormail.test,9777848904,"293 Industrial Estate, Kerala",
Crestline Logistics,,vendor1261@vendormail.test,9749081488,"454 Industrial Estate, Odisha",
Metro Hosting,24BFOAO6664X5ZQ,vendor1262@vendormail.test,9669842821,"467 Market Road, Gujarat",
Pioneer Stationery,09XNFKU9834M8ZI,vendor1263@vendormail.test,9515419694,"62 Industrial Estate, Uttar Pradesh",
Nimbus Advertising,32ZRKKS5876B6Z4,vendor1264@vendormail.test,9782270694,"701 Commercial Complex, Kerala",
CloudNet Electricals,,vendor1265@vendormail.test,9635474983,"743 Market Road, Madhya Pradesh",
Sunrise IT Services,,vendor1266@vendormail.test,9577956378,"537 Industrial Estate, Delhi",
Anchor Packaging,,vendor1267@vendormail.test,9459089413,"723 Industrial Estate, Andhra Pradesh",
Delta Freight,20TWNAZ2315K6Z5,vendor1268@vendormail.test,9680370755,"974 Market Road, Jharkhand",
Nimbus Security Services,36LSHEZ8831V6ZY,vendor1269@vendormail.test,9247666766,"277 Commercial Complex, Telangana",
Northstar Print Works,,vendor1270@vendormail.test,9370616430,"253 Industrial Estate, Telangana",
Falcon Textiles,24EFUJW8824N7ZI,vendor1271@vendormail.test,9134387748,"541 Commercial Complex, Gujarat",
Falcon Consultants,21NSKXT6440O8ZS,vendor1272@vendormail.test,9536242407,"994 Commercial Complex, Odisha",
Golden Harvest Engineering,29SNILQ6178K5ZJ,vendor1273@vendormail.test,9382460419,"343 Market Road, Karnataka",
Emerald Distributors,21EEPZE7881P5ZC,vendor1274@vendormail.test,9565418519,"683 Industrial Estate, Odisha",
Nimbus Office Supplies,37GFESY7670V9Z7,vendor1275@vendormail.test,9334753486,"243 Market Road, Andhra Pradesh",
Golden Harvest Logistics,,vendor1276@vendormail.test,9815551123,"769 Market Road, Gujarat",
Zenith Hosting,05JWLNK7754N2ZD,vendor1277@vendormail.test,9343369398,"370 Commercial Complex, Uttarakhand",
Fusion Stationery,30OOIMY6003Y3Z0,vendor1278@vendormail.test,9256399654,"493 Industrial Estate, Goa",
Silverline Advertising,30KBCVK5675M1Z1,vendor1279@vendormail.test,9181034257,"292 Market Road, Goa",
Emerald Electricals,03APLJR6293J6ZT,vendor1280@vendormail.test,9873372050,"255 Industrial Estate, Punjab",
BlueWave IT Services,23WWDTM5884Y3ZA,vendor1281@vendormail.test,9794399454,"323 Industrial Estate, Madhya Pradesh",
Falcon Packaging,,vendor1282@vendormail.test,9814268101,"691 Market Road, Sikkim",
Pioneer Freight,21RVBUF2785N7ZX,vendor1283@vendormail.test,9981498017,"793 Commercial Complex, Odisha",
Pioneer Security Services,,vendor1284@vendormail.test,9904752137,"459 Industrial Estate, Himachal Pradesh",
Silverline Print Works,32KXWVC5142A3ZW,vendor1285@vendormail.test,9135997217,"974 Industrial Estate, Kerala",
Horizon Textiles,05ZZXGI6023Y7ZV,vendor1286@vendormail.test,9250483279,"940 Commercial Complex, Uttarakhand",
Crestline Consultants,,vendor1287@vendormail.test,9165361069,"868 Commercial Complex, Assam",
Metro Engineering,22RGCKE7127W6ZM,vendor1288@vendormail.test,9869925200,"859 Market Road, Chhattisgarh",
Orbit Distributors,,vendor1289@vendormail.test,9485634652,"614 Market Road, Sikkim",
Meridian Office Supplies,11OTBSR6294F9ZK,vendor1290@vendormail.test,9918943166,"234 Industrial Estate, Sikkim",
Emerald Logistics,,vendor1291@vendormail.test,9393968749,"747 Industrial Estate, West Bengal",
Sunrise Hosting,,vendor1292@vendormail.test,9773427544,"990 Industrial Estate, Rajasthan",
Northstar Stationery,,vendor1293@vendormail.test,9856888706,"286 Commercial Complex, Odisha",
Silverline Advertising,,vendor1294@vendormail.test,9344707164,"795 Market Road, Rajasthan",
Golden Harvest Electricals,10ILLXM5626W1ZS,vendor1295@vendormail.test,9607287069,"966 Commercial Complex, Bihar",
Golden Harvest IT Services,30TSXMU9354G5ZG,vendor1296@vendormail.test,9704431214,"815 Industrial Estate, Goa",
Horizon Packaging,32WAPLH3846T9ZK,vendor1297@vendormail.test,9721632229,"584 Industrial Estate, Kerala",
Everest Freight,09DDDJJ8697Y1ZL,vendor1298@vendormail.test,9405142148,"529 Market Road, Uttar Pradesh",
Everest Security Services,30JOOJW9663X5ZO,vendor1299@vendormail.test,9384003746,"695 Commercial Complex, Goa",
Meridian Print Works,04QZFFG1915W8ZB,vendor1300@vendormail.test,9652024040,"791 Industrial Estate, Chandigarh",
Horizon Textiles,,vendor1301@vendormail.test,9176359853,"963 Market Road, Delhi",
CloudNet Consultants,29QGYOU5415K1Z4,vendor1302@vendormail.test,9324703259,"708 Market Road, Karnataka",
Falcon Engineering,23EQUEI3493D9ZF,vendor1303@vendormail.test,9442884384,"263 Commercial Complex, Madhya Pradesh",
Redwood Distributors,24NFMZB1954L1Z2,vendor1304@vendormail.test,9126991983,"637 Commercial Complex, Gujarat",
Silverline Office Supplies,,vendor1305@vendormail.test,9531838153,"956 Industrial Estate, Goa",
Greenfield Logistics,,vendor1306@vendormail.test,9576510258,"415 Industrial Estate, Haryana",
Anchor Hosting,32WWFLL1054Y8Z7,vendor1307@vendormail.test,9156453848,"262 Market Road, Kerala",
Vertex Stationery,23QUWGP9472P8ZV,vendor1308@vendormail.test,9275108147,"718 Market Road, Madhya Pradesh",
Metro Advertising,,vendor1309@vendormail.test,9566710583,"856 Industrial Estate, Karnataka",
Greenfield Electricals,04VHHCR9934V4Z6,vendor1310@vendormail.test,9489040368,"464 Market Road, Chandigarh",
Meridian IT Services,23EVTAK6765D6ZU,vendor1311@vendormail.test,9278184160,"494 Commercial Complex, Madhya Pradesh",
Delta Packaging,,vendor1312@vendormail.test,9992466733,"759 Commercial Complex, Gujarat",
Nimbus Freight,11TFFZL4730C4ZT,vendor1313@vendormail.test,9977550402,"507 Commercial Complex, Sikkim",
Meridian Security Services,03QKCMJ1828E2ZB,vendor1314@vendormail.test,9960895260,"21 Industrial Estate, Punjab",
Apex Print Works,20HPOXV8603B1ZW,vendor1315@vendormail.test,9229519649,"652 Industrial Estate, Jharkhand",
Reliable Textiles,30BQKCS6421G8ZY,vendor1316@vendormail.test,9742185986,"214 Industrial Estate, Goa",
Bluepeak Consultants,30OVEWY5701V7ZL,vendor1317@vendormail.test,9292184697,"405 Market Road, Goa",
Crestline Engineering,,vendor1318@vendormail.test,9308772779,"91 Industrial Estate, Sikkim",
Bluepeak Distributors,,vendor1319@vendormail.test,9817617862,"267 Industrial Estate, Haryana",
Orbit Office Supplies,32AIPTI5911I5ZH,vendor1320@vendormail.test,9737496813,"724 Market Road, Kerala",
Greenfield Logistics,,vendor1321@vendormail.test,9828568371,"589 Market Road, Sikkim",
Greenfield Hosting,09ROAOY3311Y8Z2,vendor1322@vendormail.test,9813859317,"77 Commercial Complex, Uttar Pradesh",
Delta Stationery,,vendor1323@vendormail.test,9814858405,"652 Commercial Complex, Rajasthan",
Zenith Advertising,30LICOJ2942Z1ZM,vendor1324@vendormail.test,9196257810,"669 Market Road, Goa",
Horizon Electricals,01MPHVJ8039C7ZZ,vendor1325@vendormail.test,9881896711,"471 Market Road, Jammu and Kashmir",
Greenfield IT Services,,vendor1326@vendormail.test,9873008709,"341 Industrial Estate, Punjab",
Ironclad Packaging,09ZTAER6606O7ZT,vendor1327@vendormail.test,9595465185,"380 Commercial Complex, Uttar Pradesh",
Titan Freight,,vendor1328@vendormail.test,9999416880,"951 Commercial Complex, Andhra Pradesh",
Fusion Security Services,,vendor1329@vendormail.test,9878588980,"143 Market Road, Delhi",
Silverline Print Works,10CBANP3488H4ZD,vendor1330@vendormail.test,9757084572,"803 Commercial Complex, Bihar",
Meridian Textiles,,vendor1331@vendormail.test,9854470299,"191 Industrial Estate, Andhra Pradesh",
Skyline Consultants,,vendor1332@vendormail.test,9125153486,"885 Commercial Complex, Goa",
Falcon Engineering,19YIWXF1207K4ZS,vendor1333@vendormail.test,9277076634,"557 Market Road, West Bengal",
Sunrise Distributors,,vendor1334@vendormail.test,9667134579,"72 Market Road, Tamil Nadu",
Meridian Office Supplies,,vendor1335@vendormail.test,9721461678,"208 Industrial Estate, Uttarakhand",
Anchor Logistics,30JJBCV8075M2ZZ,vendor1336@vendormail.test,9748433396,"56 Industrial Estate, Goa",
Horizon Hosting,,vendor1337@vendormail.test,9161932878,"340 Market Road, Odisha",
BlueWave Stationery,04LVQRL8057V4ZG,vendor1338@vendormail.test,9738256069,"590 Commercial Complex, Chandigarh",
Horizon Advertising,27YKBLQ2134E3Z6,vendor1339@vendormail.test,9335136497,"19 Market Road, Maharashtra",
Crestline Electricals,,vendor1340@vendormail.test,9655206377,"319 Market Road, Gujarat",
Vertex IT Services,27OXDUL7607Q7Z8,vendor1341@vendormail.test,9837187383,"442 Industrial Estate, Maharashtra",
Delta Packaging,,vendor1342@vendormail.test,9301214978,"962 Market Road, Madhya Pradesh",
CloudNet Freight,37YOLXG6455S6ZB,vendor1343@vendormail.test,9224189700,"832 Industrial Estate, Andhra Pradesh",
Titan Security Services,,vendor1344@vendormail.test,9513008733,"464 Industrial Estate, Delhi",
Bluepeak Print Works,,vendor1345@vendormail.test,9996885732,"336 Commercial Complex, Punjab",
Delta Textiles,,vendor1346@vendormail.test,9171011683,"284 Industrial Estate, Madhya Pradesh",
Orbit Consultants,24EHVIP2950U4Z2,vendor1347@vendormail.test,9185608379,"431 Commercial Complex, Gujarat",
BlueWave Engineering,32QRURJ7689U4Z4,vendor1348@vendormail.test,9678407944,"88 Industrial Estate, Kerala",
Nimbus Distributors,,vendor1349@vendormail.test,9167360841,"374 Industrial Estate, Karnataka",
Zenith Office Supplies,,vendor1350@vendormail.test,9359103450,"391 Market Road, Tamil Nadu",
Emerald Logistics,09XPHTH5288B6Z8,vendor1351@vendormail.test,9169696738,"337 Industrial Estate, Uttar Pradesh",
Northstar Hosting,,vendor1352@vendormail.test,9373760256,"930 Industrial Estate, Karnataka",
Vertex Stationery,03ZSZQR8110Z9ZD,vendor1353@vendormail.test,9122665278,"639 Market Road, Punjab",
Titan Advertising,,vendor1354@vendormail.test,9153665959,"656 Commercial Complex, Kerala",
Falcon Electricals,,vendor1355@vendormail.test,9993991132,"299 Commercial Complex, Punjab",
Titan IT Services,30LSCMM3492T5ZK,vendor1356@vendormail.test,9102103065,"420 Commercial Complex, Goa",
BlueWave Packaging,01INZOH1190I8Z5,vendor1357@vendormail.test,9864169890,"701 Market Road, Jammu and Kashmir",
Ironclad Freight,22EZABC2056X9Z0,vendor1358@vendormail.test,9199175081,"459 Commercial Complex, Chhattisgarh",
Pioneer Security Services,20EDIHY7870I2ZR,vendor1359@vendormail.test,9733288594,"989 Commercial Complex, Jharkhand",
Titan Print Works,07EJPAA7611H4ZQ,vendor1360@vendormail.test,9768687139,"856 Industrial Estate, Delhi",
Golden Harvest Textiles,37MTBIH3710N9ZL,vendor1361@vendormail.test,9352101785,"632 Market Road, Andhra Pradesh",
Bluepeak Consultants,18GSGUC9562U1ZH,vendor1362@vendormail.test,9229616722,"321 Market Road, Assam",
Titan Engineering,19PURJZ4452T9ZX,vendor1363@vendormail.test,9495579210,"826 Industrial Estate, West Bengal",
Apex Distributors,,vendor1364@vendormail.test,9605251738,"371 Industrial Estate, Delhi",
Zenith Office Supplies,,vendor1365@vendormail.test,9631471676,"249 Industrial Estate, Karnataka",
Delta Logistics,06VDZFH5114W3ZG,vendor1366@vendormail.test,9893240415,"210 Market Road, Haryana",
Fusion Hosting,,vendor1367@vendormail.test,9949975410,"590 Commercial Complex, Chhattisgarh",
Reliable Stationery,,vendor1368@vendormail.test,9692391797,"7 Commercial Complex, Haryana",
Metro Advertising,,vendor1369@vendormail.test,9120406511,"13 Commercial Complex, Assam",
Ironclad Electricals,33IINZH9495F5ZC,vendor1370@vendormail.test,9610946290,"879 Market Road, Tamil Nadu",
Orbit IT Services,19ETNTO8402A7ZK,vendor1371@vendormail.test,9776496559,"656 Commercial Complex, West Bengal",
Titan Packaging,21SJNJO3226N3ZM,vendor1372@vendormail.test,9858848719,"681 Industrial Estate, Odisha",
Horizon Freight,,vendor1373@vendormail.test,9121568211,"66 Industrial Estate, Assam",
Fusion Security Services,05QLAUV2563J8Z4,vendor1374@vendormail.test,9462353472,"776 Commercial Complex, Uttarakhand",
Titan Print Works,,vendor1375@vendormail.test,9847962586,"692 Commercial Complex, Madhya Pradesh",
Metro Textiles,,vendor1376@vendormail.test,9353800076,"451 Market Road, Punjab",
Pioneer Consultants,01NWRWG4019R9ZE,vendor1377@vendormail.test,9956947241,"181 Market Road, Jammu and Kashmir",
Golden Harvest Engineering,,vendor1378@vendormail.test,9339448605,"675 Market Road, Andhra Pradesh",
Greenfield Distributors,,vendor1379@vendormail.test,9586298637,"705 Market Road, Sikkim",
Fusion Office Supplies,,vendor1380@vendormail.test,9792733321,"499 Commercial Complex, Andhra Pradesh",
Prime Logistics,,vendor1381@vendormail.test,9222162396,"163 Market Road, Sikkim",
Reliable Hosting,,vendor1382@vendormail.test,9281496991,"157 Industrial Estate, Uttarakhand",
Orbit Stationery,,vendor1383@vendormail.test,9320667576,"804 Commercial Complex, Kerala",
Redwood Advertising,09RUDOT2999G9ZD,vendor1384@vendormail.test,9580572508,"77 Market Road, Uttar Pradesh",
Crestline Electricals,,vendor1385@vendormail.test,9147636174,"938 Market Road, West Bengal",
Horizon IT Services,30FPIAJ9671G9ZJ,vendor1386@vendormail.test,9761803835,"145 Industrial Estate, Goa",
Greenfield Packaging,27NSASM7115W8ZG,vendor1387@vendormail.test,9905521255,"59 Industrial Estate, Maharashtra",
Horizon Freight,,vendor1388@vendormail.test,9113386186,"369 Commercial Complex, Goa",
Northstar Security Services,30TXIAP5916C3ZN,vendor1389@vendormail.test,9442635132,"173 Market Road, Goa",
Zenith Print Works,27RVRYX9503M1Z7,vendor1390@vendormail.test,9173647649,"94 Industrial Estate, Maharashtra",
Delta Textiles,29TXFKG7782Q1Z6,vendor1391@vendormail.test,9798097189,"342 Market Road, Karnataka",
Crestline Consultants,09UHUMU4250F7Z5,vendor1392@vendormail.test,9632342441,"875 Commercial Complex, Uttar Pradesh",
Metro Engineering,,vendor1393@vendormail.test,9932983954,"966 Industrial Estate, Rajasthan",
Ironclad Distributors,32XBHNH4943B8Z5,vendor1394@vendormail.test,9453744365,"982 Commercial Complex, Kerala",
Zenith Office Supplies,,vendor1395@vendormail.test,9289597601,"121 Market Road, Uttar Pradesh",
Nimbus Logistics,02BNTHE2499W4ZG,vendor1396@vendormail.test,9232116001,"164 Commercial Complex, Himachal Pradesh",
Fusion Hosting,,vendor1397@vendormail.test,9431968191,"397 Industrial Estate, Odisha",
Metro Stationery,32FDMCU1277J3ZP,vendor1398@vendormail.test,9250921078,"506 Commercial Complex, Kerala",
Zenith Advertising,03WNPEK1398I2ZY,vendor1399@vendormail.test,9469442038,"134 Commercial Complex, Punjab",
Apex Electricals,,vendor1400@vendormail.test,9694031269,"910 Market Road, Punjab",
Nimbus IT Services,18FYAXB3963Y6ZE,vendor1401@vendormail.test,9342131458,"407 Market Road, Assam",
Apex Packaging,24QBRYE2490T5ZA,vendor1402@vendormail.test,9180261422,"887 Commercial Complex, Gujarat",
Greenfield Freight,,vendor1403@vendormail.test,9856469341,"242 Commercial Complex, Punjab",
BlueWave Security Services,,vendor1404@vendormail.test,9253357879,"916 Commercial Complex, Chhattisgarh",
Apex Print Works,36HBSYA4353W6ZO,vendor1405@vendormail.test,9358747635,"984 Industrial Estate, Telangana",
Fusion Textiles,19SKIBI5458M2Z5,vendor1406@vendormail.test,9362265257,"37 Commercial Complex, West Bengal",
Crestline Consultants,36YCFDP8260G1ZJ,vendor1407@vendormail.test,9415053499,"999 Industrial Estate, Telangana",
Vertex Engineering,30VIQKI4874S1ZO,vendor1408@vendormail.test,9954008121,"394 Industrial Estate, Goa",
Crestline Distributors,,vendor1409@vendormail.test,9615949249,"285 Industrial Estate, Assam",
CloudNet Office Supplies,,vendor1410@vendormail.test,9443688188,"895 Market Road, Maharashtra",
Sunrise Logistics,,vendor1411@vendormail.test,9954062699,"566 Commercial Complex, Jammu and Kashmir",
Nimbus Hosting,32JJCIN2987I7ZX,vendor1412@vendormail.test,9105840273,"989 Industrial Estate, Kerala",
CloudNet Stationery,37QZWJS5758M5ZK,vendor1413@vendormail.test,9162979638,"101 Market Road, Andhra Pradesh",
Nimbus Advertising,,vendor1414@vendormail.test,9122824037,"144 Industrial Estate, Karnataka",
Apex Electricals,19ZCNYA1259T2Z5,vendor1415@vendormail.test,9922096457,"358 Industrial Estate, West Bengal",
Delta IT Services,,vendor1416@vendormail.test,9897765935,"593 Industrial Estate, Chandigarh",
Greenfield Packaging,,vendor1417@vendormail.test,9608052101,"650 Commercial Complex, Odisha",
Emerald Freight,19CKEDQ9441U5ZM,vendor1418@vendormail.test,9887448494,"619 Market Road, West Bengal",
Horizon Security Services,24WWOTM3697A3ZA,vendor1419@vendormail.test,9376049797,"866 Market Road, Gujarat",
Vertex Print Works,01VJRFM5839C5ZS,vendor1420@vendormail.test,9943096658,"147 Market Road, Jammu and Kashmir",
Ironclad Textiles,,vendor1421@vendormail.test,9223477745,"703 Market Road, Chhattisgarh",
Anchor Consultants,10IBHPJ1834B3ZB,vendor1422@vendormail.test,9557982171,"737 Market Road, Bihar",
Fusion Engineering,07ZLXDL3277S5ZN,vendor1423@vendormail.test,9543274231,"645 Industrial Estate, Delhi",
BlueWave Distributors,,vendor1424@vendormail.test,9126633837,"580 Market Road, Karnataka",
Apex Office Supplies,02QDSRL3471G7ZA,vendor1425@vendormail.test,9572113829,"303 Industrial Estate, Himachal Pradesh",
Vertex Logistics,20AEEIX2315G5ZF,vendor1426@vendormail.test,9583298450,"432 Industrial Estate, Jharkhand",
Apex Hosting,27JYMGA7363H8ZC,vendor1427@vendormail.test,9476878367,"790 Market Road, Maharashtra",
Prime Stationery,24CEFTP7653T2ZB,vendor1428@vendormail.test,9916946151,"940 Market Road, Gujarat",
Apex Advertising,,vendor1429@vendormail.test,9799782859,"677 Commercial Complex, Jharkhand",
Horizon Electricals,,vendor1430@vendormail.test,9972078552,"63 Commercial Complex, Uttarakhand",
Skyline IT Services,36KYMGO6826M3ZV,vendor1431@vendormail.test,9151257838,"569 Commercial Complex, Telangana",
Anchor Packaging,36RQZYG3543L8ZA,vendor1432@vendormail.test,9722902320,"593 Industrial Estate, Telangana",
Zenith Freight,01DIIVG9662V3ZU,vendor1433@vendormail.test,9833879040,"342 Industrial Estate, Jammu and Kashmir",
Sunrise Security Services,32WOKVD3001S9ZC,vendor1434@vendormail.test,9936393617,"358 Industrial Estate, Kerala",
Zenith Print Works,,vendor1435@vendormail.test,9928252878,"903 Industrial Estate, Karnataka",
Titan Textiles,,vendor1436@vendormail.test,9116227340,"995 Commercial Complex, Delhi",
Vertex Consultants,01TOVFX5743A2Z1,vendor1437@vendormail.test,9784345729,"487 Commercial Complex, Jammu and Kashmir",
Emerald Engineering,05SWPQT6380A8ZG,vendor1438@vendormail.test,9721309446,"470 Industrial Estate, Uttarakhand",
Northstar Distributors,22HXHYH8151S2ZT,vendor1439@vendormail.test,9365465151,"523 Commercial Complex, Chhattisgarh",
Emerald Office Supplies,07OHDRQ7105N8Z1,vendor1440@vendormail.test,9753139263,"323 Market Road, Delhi",
Anchor Logistics,06OEKEM3742I4Z5,vendor1441@vendormail.test,9911798221,"44 Industrial Estate, Haryana",
Crestline Hosting,,vendor1442@vendormail.test,9184660775,"585 Market Road, Karnataka",
BlueWave Stationery,19TRZYG4826J4ZB,vendor1443@vendormail.test,9581391958,"407 Market Road, West Bengal",
Silverline Advertising,,vendor1444@vendormail.test,9719870685,"799 Market Road, Uttarakhand",
Delta Electricals,33OQTAJ2421S2Z4,vendor1445@vendormail.test,9950875785,"8 Industrial Estate, Tamil Nadu",
Crestline IT Services,08LGGRM9750B2ZN,vendor1446@vendormail.test,9180793942,"539 Commercial Complex, Rajasthan",
Metro Packaging,07IRSUT3341N2ZE,vendor1447@vendormail.test,9216665185,"759 Commercial Complex, Delhi",
Delta Freight,06AFLMU4751X6ZT,vendor1448@vendormail.test,9229967887,"288 Commercial Complex, Haryana",
Anchor Security Services,20WLYFQ7495Q9ZU,vendor1449@vendormail.test,9736142069,"181 Commercial Complex, Jharkhand",
Greenfield Print Works,30SAWNP4663R4ZC,vendor1450@vendormail.test,9233761847,"306 Market Road, Goa",
Crestline Textiles,23TXKXA9675B5ZE,vendor1451@vendormail.test,9645735095,"701 Market Road, Madhya Pradesh",
BlueWave Consultants,,vendor1452@vendormail.test,9239435362,"289 Commercial Complex, Kerala",
Greenfield Engineering,,vendor1453@vendormail.test,9696728353,"540 Industrial Estate, Haryana",
Horizon Distributors,07GJYVL8109G2ZQ,vendor1454@vendormail.test,9705562889,"200 Market Road, Delhi",
Everest Office Supplies,07LDDTN1113J6ZA,vendor1455@vendormail.test,9797861096,"235 Industrial Estate, Delhi",
Redwood Logistics,,vendor1456@vendormail.test,9945157813,"757 Industrial Estate, Madhya Pradesh",
Prime Hosting,30CHKPS4237R7Z9,vendor1457@vendormail.test,9969613022,"99 Industrial Estate, Goa",
Meridian Stationery,36MDSQV2691R2ZX,vendor1458@vendormail.test,9470822435,"920 Industrial Estate, Telangana",
Crestline Advertising,18RNAEF8973C7ZD,vendor1459@vendormail.test,9799718398,"245 Industrial Estate, Assam",
Zenith Electricals,36MNKEM1235P3Z0,vendor1460@vendormail.test,9841872095,"703 Commercial Complex, Telangana",
Zenith IT Services,01IAPKN3844Q9ZP,vendor1461@vendormail.test,9576987841,"625 Market Road, Jammu and Kashmir",
CloudNet Packaging,,vendor1462@vendormail.test,9453191669,"928 Market Road, Gujarat",
Pioneer Freight,37ZUXZU8340U9ZG,vendor1463@vendormail.test,9394092409,"436 Market Road, Andhra Pradesh",
Fusion Security Services,11GUPSG3856B8ZK,vendor1464@vendormail.test,9778969172,"308 Market Road, Sikkim",
Horizon Print Works,32CLXVU3609H1ZY,vendor1465@vendormail.test,9635042875,"566 Industrial Estate, Kerala",
Everest Textiles,,vendor1466@vendormail.test,9514159386,"504 Industrial Estate, Uttar Pradesh",
Everest Consultants,03WOZGL3596B9ZM,vendor1467@vendormail.test,9913124656,"430 Industrial Estate, Punjab",
Skyline Engineering,10NKFLQ7975W2Z4,vendor1468@vendormail.test,9337689129,"823 Industrial Estate, Bihar",
Emerald Distributors,20AKTPQ6436U2ZP,vendor1469@vendormail.test,9537699111,"571 Market Road, Jharkhand",
Titan Office Supplies,20JMBKO4593N7ZP,vendor1470@vendormail.test,9825265486,"253 Commercial Complex, Jharkhand",
Bluepeak Logistics,,vendor1471@vendormail.test,9547198191,"800 Industrial Estate, Assam",
Meridian Hosting,,vendor1472@vendormail.test,9479616627,"227 Commercial Complex, Uttar Pradesh",
Vertex Stationery,33MNORH6557Q4Z0,vendor1473@vendormail.test,9179146105,"549 Market Road, Tamil Nadu",
Anchor Advertising,,vendor1474@vendormail.test,9305998835,"451 Commercial Complex, Tamil Nadu",
Skyline Electricals,27XEQZA3138I5ZU,vendor1475@vendormail.test,9104667151,"187 Commercial Complex, Maharashtra",
Falcon IT Services,,vendor1476@vendormail.test,9787658323,"64 Industrial Estate, Chhattisgarh",
Nimbus Packaging,,vendor1477@vendormail.test,9285819827,"633 Commercial Complex, Madhya Pradesh",
Emerald Freight,,vendor1478@vendormail.test,9686861353,"935 Industrial Estate, Gujarat",
Anchor Security Services,04SZLKT5780A4Z6,vendor1479@vendormail.test,9979864884,"744 Industrial Estate, Chandigarh",
Skyline Print Works,09CEPVY9396X7ZU,vendor1480@vendormail.test,9442546784,"880 Industrial Estate, Uttar Pradesh",
Sunrise Textiles,37WPPXA9126X9ZN,vendor1481@vendormail.test,9770707989,"810 Industrial Estate, Andhra Pradesh",
Crestline Consultants,05QARUP3975L1ZE,vendor1482@vendormail.test,9533291265,"383 Commercial Complex, Uttarakhand",
Fusion Engineering,22HJQOZ9116V1ZV,vendor1483@vendormail.test,9523370291,"61 Commercial Complex, Chhattisgarh",
Reliable Distributors,23STVDO1108Y1Z1,vendor1484@vendormail.test,9507515257,"848 Industrial Estate, Madhya Pradesh",
Horizon Office Supplies,,vendor1485@vendormail.test,9171767414,"676 Commercial Complex, Kerala",
Metro Logistics,,vendor1486@vendormail.test,9506375173,"416 Industrial Estate, Odisha",
Emerald Hosting,,vendor1487@vendormail.test,9413394263,"711 Commercial Complex, Bihar",
Greenfield Stationery,,vendor1488@vendormail.test,9733369355,"94 Market Road, Tamil Nadu",
Everest Advertising,08TXVWZ6376O6ZX,vendor1489@vendormail.test,9382240827,"403 Industrial Estate, Rajasthan",
Greenfield Electricals,09UEAFW9954F5Z1,vendor1490@vendormail.test,9731774207,"410 Commercial Complex, Uttar Pradesh",
Bluepeak IT Services,33UYVCM6246Q9ZC,vendor1491@vendormail.test,9409718326,"111 Commercial Complex, Tamil Nadu",
Silverline Packaging,20ZYNGC7395D4Z2,vendor1492@vendormail.test,9757629721,"58 Industrial Estate, Jharkhand",
Apex Freight,,vendor1493@vendormail.test,9323647465,"901 Industrial Estate, Karnataka",
Northstar Security Services,,vendor1494@vendormail.test,9416008913,"221 Industrial Estate, Bihar",
Crestline Print Works,07HWIVP1500B8ZL,vendor1495@vendormail.test,9467905198,"411 Commercial Complex, Delhi",
Emerald Textiles,,vendor1496@vendormail.test,9698090760,"497 Industrial Estate, Andhra Pradesh",
CloudNet Consultants,30FKLNF2207U6ZG,vendor1497@vendormail.test,9945573123,"54 Commercial Complex, Goa",
Nimbus Engineering,22LYZPU4305X3ZI,vendor1498@vendormail.test,9391316667,"892 Market Road, Chhattisgarh",
Greenfield Distributors,21CKIUP2937Z3ZB,vendor1499@vendormail.test,9999243099,"620 Commercial Complex, Odisha",
Reliable Office Supplies,01XNQRX4332R9ZI,vendor1500@vendormail.test,9504873371,"861 Market Road, Jammu and Kashmir",
Delta Logistics,09YGKMT9534N9ZZ,vendor1501@vendormail.test,9746954865,"893 Industrial Estate, Uttar Pradesh",
Zenith Hosting,,vendor1502@vendormail.test,9555133756,"238 Market Road, Madhya Pradesh",
Anchor Stationery,10DSIAS5674T1ZS,vendor1503@vendormail.test,9948206237,"299 Commercial Complex, Bihar",
Delta Advertising,21BDHID7749C1ZV,vendor1504@vendormail.test,9371168021,"472 Market Road, Odisha",
Apex Electricals,09XLZWG3030I7ZA,vendor1505@vendormail.test,9356875262,"460 Market Road, Uttar Pradesh",
Apex IT Services,,vendor1506@vendormail.test,9345229455,"322 Commercial Complex, Jammu and Kashmir",
Zenith Packaging,,vendor1507@vendormail.test,9840062971,"118 Market Road, Karnataka",
Meridian Freight,30QNMAS6869A2ZM,vendor1508@vendormail.test,9718173931,"670 Market Road, Goa",
Northstar Security Services,29QZKYV8833W5ZZ,vendor1509@vendormail.test,9974533152,"251 Industrial Estate, Karnataka",
Redwood Print Works,,vendor1510@vendormail.test,9617959719,"69 Market Road, Andhra Pradesh",
Greenfield Textiles,20TTWKK4808Z4Z9,vendor1511@vendormail.test,9521259516,"213 Market Road, Jharkhand",
Nimbus Consultants,07DUDRP7903J1ZQ,vendor1512@vendormail.test,9532073757,"407 Commercial Complex, Delhi",
Emerald Engineering,,vendor1513@vendormail.test,9622387228,"464 Industrial Estate, Maharashtra",
Redwood Distributors,19HZUVZ6512J2ZI,vendor1514@vendormail.test,9216970439,"669 Commercial Complex, West Bengal",
Greenfield Office Supplies,24QWSWQ5172Q3Z8,vendor1515@vendormail.test,9109826655,"940 Industrial Estate, Gujarat",
Emerald Logistics,,vendor1516@vendormail.test,9983494857,"20 Commercial Complex, Haryana",
CloudNet Hosting,,vendor1517@vendormail.test,9127791951,"296 Market Road, Sikkim",
Fusion Stationery,20QPACE4579G2ZU,vendor1518@vendormail.test,9242842950,"826 Commercial Complex, Jharkhand",
Sunrise Advertising,,vendor1519@vendormail.test,9436361114,"653 Commercial Complex, Chandigarh",
Reliable Electricals,09SDLKV3859P8ZM,vendor1520@vendormail.test,9963640360,"248 Industrial Estate, Uttar Pradesh",
CloudNet IT Services,,vendor1521@vendormail.test,9760943985,"319 Industrial Estate, Jharkhand",
Sunrise Packaging,09GIKJK3871S6ZD,vendor1522@vendormail.test,9885289318,"425 Commercial Complex, Uttar Pradesh",
Everest Freight,03NBQWM5025V3Z0,vendor1523@vendormail.test,9495783258,"847 Industrial Estate, Punjab",
Metro Security Services,20JXJLB2008H9ZR,vendor1524@vendormail.test,9891806615,"422 Commercial Complex, Jharkhand",
Crestline Print Works,09HBWYT3832W9ZH,vendor1525@vendormail.test,9422204584,"696 Industrial Estate, Uttar Pradesh",
Falcon Textiles,07IVGEQ8041E9Z1,vendor1526@vendormail.test,9965547172,"766 Market Road, Delhi",
Sunrise Consultants,23CTUZH8448Z6ZE,vendor1527@vendormail.test,9362920425,"757 Commercial Complex, Madhya Pradesh",
Redwood Engineering,32HCWIJ9776E5ZD,vendor1528@vendormail.test,9914124142,"355 Market Road, Kerala",
Anchor Distributors,09KJDKA8057D2ZW,vendor1529@vendormail.test,9928176917,"607 Commercial Complex, Uttar Pradesh",
Metro Office Supplies,,vendor1530@vendormail.test,9452397799,"245 Industrial Estate, Uttarakhand",
CloudNet Logistics,24HIZPG3092R1ZU,vendor1531@vendormail.test,9372918603,"689 Industrial Estate, Gujarat",
BlueWave Hosting,06UTFOY1783P9Z5,vendor1532@vendormail.test,9360850986,"16 Commercial Complex, Haryana",
Crestline Stationery,01WGHTQ4050X3ZY,vendor1533@vendormail.test,9252673338,"26 Commercial Complex, Jammu and Kashmir",
Crestline Advertising,33JJYZV9273J8ZX,vendor1534@vendormail.test,9512919874,"816 Commercial Complex, Tamil Nadu",
Bluepeak Electricals,,vendor1535@vendormail.test,9842430857,"225 Industrial Estate, Gujarat",
Northstar IT Services,27UFARC9839Q9ZW,vendor1536@vendormail.test,9918040190,"456 Market Road, Maharashtra",
Delta Packaging,06UNWRO8901F9ZP,vendor1537@vendormail.test,9748538986,"457 Market Road, Haryana",
Metro Freight,03OOVQP9562J7ZB,vendor1538@vendormail.test,9993973923,"462 Commercial Complex, Punjab",
Reliable Security Services,,vendor1539@vendormail.test,9818670790,"328 Market Road, Haryana",
Bluepeak Print Works,21AFECN9316O6Z7,vendor1540@vendormail.test,9585329991,"843 Commercial Complex, Odisha",
BlueWave Textiles,,vendor1541@vendormail.test,9134214059,"681 Industrial Estate, Gujarat",
BlueWave Consultants,32XBKXX8581J4ZB,vendor1542@vendormail.test,9779450366,"409 Commercial Complex, Kerala",
Anchor Engineering,22ZEEDQ5184Y5ZA,vendor1543@vendormail.test,9832363972,"490 Industrial Estate, Chhattisgarh",
Silverline Distributors,22COQRD3963B4ZZ,vendor1544@vendormail.test,9624305179,"932 Industrial Estate, Chhattisgarh",
Northstar Office Supplies,,vendor1545@vendormail.test,9177324913,"753 Commercial Complex, Goa",
Northstar Logistics,,vendor1546@vendormail.test,9234567004,"915 Commercial Complex, Uttar Pradesh",
Everest Hosting,,vendor1547@vendormail.test,9521235878,"426 Market Road, Andhra Pradesh",
Horizon Stationery,03ZMOJL7886L3ZB,vendor1548@vendormail.test,9683802071,"254 Industrial Estate, Punjab",
Crestline Advertising,,vendor1549@vendormail.test,9906501323,"198 Industrial Estate, Andhra Pradesh",
Silverline Electricals,36KQNEI1765B8ZS,vendor1550@vendormail.test,9174588099,"827 Market Road, Telangana",
Greenfield IT Services,,vendor1551@vendormail.test,9847038287,"275 Industrial Estate, Tamil Nadu",
BlueWave Packaging,01UDWGK3298G3ZT,vendor1552@vendormail.test,9510153087,"857 Market Road, Jammu and Kashmir",
Prime Freight,,vendor1553@vendormail.test,9224211817,"40 Commercial Complex, Chhattisgarh",
BlueWave Security Services,,vendor1554@vendormail.test,9561771935,"466 Market Road, Himachal Pradesh",
CloudNet Print Works,21NXEGO1644B8ZK,vendor1555@vendormail.test,9965778485,"623 Industrial Estate, Odisha",
Zenith Textiles,,vendor1556@vendormail.test,9766421310,"830 Market Road, Chhattisgarh",
Bluepeak Consultants,04RLTTH8021X6Z8,vendor1557@vendormail.test,9776236726,"380 Commercial Complex, Chandigarh",
Redwood Engineering,27AFTKL6246U5Z5,vendor1558@vendormail.test,9747684891,"86 Industrial Estate, Maharashtra",
Falcon Distributors,29SPQTY9671J9ZZ,vendor1559@vendormail.test,9437679388,"167 Industrial Estate, Karnataka",
Redwood Office Supplies,01HVFWA9922F1Z3,vendor1560@vendormail.test,9134657763,"3 Industrial Estate, Jammu and Kashmir",
Golden Harvest Logistics,37MILFS8113Z5ZF,vendor1561@vendormail.test,9555682171,"216 Market Road, Andhra Pradesh",
Golden Harvest Hosting,04MVVQB6717Q3ZF,vendor1562@vendormail.test,9609705335,"821 Industrial Estate, Chandigarh",
Greenfield Stationery,,vendor1563@vendormail.test,9366498891,"887 Industrial Estate, Kerala",
Orbit Advertising,,vendor1564@vendormail.test,9940492445,"969 Market Road, Himachal Pradesh",
Anchor Electricals,30ZAXNL2295D3ZX,vendor1565@vendormail.test,9639144631,"22 Commercial Complex, Goa",
Skyline IT Services,,vendor1566@vendormail.test,9164507262,"408 Commercial Complex, Rajasthan",
Crestline Packaging,,vendor1567@vendormail.test,9619377511,"130 Industrial Estate, Odisha",
Nimbus Freight,04SNANC8436N7ZO,vendor1568@vendormail.test,9494548959,"132 Industrial Estate, Chandigarh",
Reliable Security Services,20MVLBL1107M9Z0,vendor1569@vendormail.test,9664766256,"661 Commercial Complex, Jharkhand",
Prime Print Works,36VCMGW6093N9ZV,vendor1570@vendormail.test,9305546904,"652 Commercial Complex, Telangana",
Skyline Textiles,,vendor1571@vendormail.test,9285107166,"326 Commercial Complex, Sikkim",
Delta Consultants,,vendor1572@vendormail.test,9725928722,"855 Market Road, Gujarat",
Silverline Engineering,,vendor1573@vendormail.test,9617957458,"831 Industrial Estate, Tamil Nadu",
Crestline Distributors,,vendor1574@vendormail.test,9194958814,"398 Market Road, Assam",
Meridian Office Supplies,08SZQRT1493D5ZB,vendor1575@vendormail.test,9760388473,"362 Market Road, Rajasthan",
Silverline Logistics,,vendor1576@vendormail.test,9572334120,"816 Market Road, Kerala",
Emerald Hosting,30ZCPJR4645E4ZD,vendor1577@vendormail.test,9798469154,"315 Commercial Complex, Goa",
Anchor Stationery,11SKSJZ6645V4ZO,vendor1578@vendormail.test,9963665983,"797 Market Road, Sikkim",
Redwood Advertising,19DTRPZ1283N3Z9,vendor1579@vendormail.test,9889318698,"783 Market Road, West Bengal",
Everest Electricals,33SKRUF9767B6ZF,vendor1580@vendormail.test,9786018413,"535 Industrial Estate, Tamil Nadu",
Prime IT Services,,vendor1581@vendormail.test,9975824151,"582 Industrial Estate, Uttar Pradesh",
Horizon Packaging,20NSYMQ5076J8ZJ,vendor1582@vendormail.test,9416532001,"924 Market Road, Jharkhand",
Prime Freight,20MDUMH1337T7ZS,vendor1583@vendormail.test,9636630606,"309 Industrial Estate, Jharkhand",
Northstar Security Services,,vendor1584@vendormail.test,9519660558,"541 Industrial Estate, Uttarakhand",
Bluepeak Print Works,22ASQPI7891V3Z9,vendor1585@vendormail.test,9861881010,"604 Industrial Estate, Chhattisgarh",
Orbit Textiles,09NEDMF2672F6Z7,vendor1586@vendormail.test,9203269401,"134 Market Road, Uttar Pradesh",
Redwood Consultants,,vendor1587@vendormail.test,9599252000,"403 Commercial Complex, Gujarat",
CloudNet Engineering,09UQZTG8661N6ZL,vendor1588@vendormail.test,9925876143,"133 Commercial Complex, Uttar Pradesh",
Greenfield Distributors,,vendor1589@vendormail.test,9654097982,"818 Commercial Complex, West Bengal",
Redwood Office Supplies,27EMBCJ3352U9ZT,vendor1590@vendormail.test,9451869549,"267 Market Road, Maharashtra",
Delta Logistics,30VAAUL6448W9ZC,vendor1591@vendormail.test,9620438526,"426 Commercial Complex, Goa",
Skyline Hosting,23HFRDL1761P9ZP,vendor1592@vendormail.test,9310998472,"359 Market Road, Madhya Pradesh",
Skyline Stationery,30XUXJH9865R2ZY,vendor1593@vendormail.test,9116606361,"680 Industrial Estate, Goa",
Meridian Advertising,08IMSJK5293D2ZG,vendor1594@vendormail.test,9135007223,"670 Industrial Estate, Rajasthan",
Skyline Electricals,,vendor1595@vendormail.test,9338786760,"582 Market Road, Odisha",
Crestline IT Services,,vendor1596@vendormail.test,9775765290,"174 Market Road, Punjab",
Zenith Packaging,,vendor1597@vendormail.test,9964367775,"321 Market Road, Rajasthan",
Prime Freight,33ACLBX9025W2ZU,vendor1598@vendormail.test,9513579666,"663 Market Road, Tamil Nadu",
Reliable Security Services,29APRHM5135A9ZA,vendor1599@vendormail.test,9805468078,"197 Industrial Estate, Karnataka",
Emerald Print Works,,vendor1600@vendormail.test,9677522731,"610 Market Road, Andhra Pradesh",
Apex Textiles,30BKVPT6337R5ZC,vendor1601@vendormail.test,9265950157,"712 Market Road, Goa",
CloudNet Consultants,09IVQOZ9596A3ZP,vendor1602@vendormail.test,9690704434,"900 Commercial Complex, Uttar Pradesh",
Reliable Engineering,20BAAPA2968Q9Z6,vendor1603@vendormail.test,9114504498,"8 Market Road, Jharkhand",
CloudNet Distributors,11YLDZW8848U3ZJ,vendor1604@vendormail.test,9154885505,"931 Industrial Estate, Sikkim",
Sunrise Office Supplies,02ZOXLT3724G8ZY,vendor1605@vendormail.test,9795288812,"401 Industrial Estate, Himachal Pradesh",
Nimbus Logistics,03JZBPO8296A3Z3,vendor1606@vendormail.test,9887970014,"138 Market Road, Punjab",
Crestline Hosting,33PWYRK6441R4ZT,vendor1607@vendormail.test,9726798882,"172 Market Road, Tamil Nadu",
Meridian Stationery,24PXVMR6305L2ZD,vendor1608@vendormail.test,9754311545,"145 Market Road, Gujarat",
CloudNet Advertising,,vendor1609@vendormail.test,9490028812,"870 Market Road, Assam",
Zenith Electricals,05XQGRQ2596N2ZB,vendor1610@vendormail.test,9475965063,"329 Market Road, Uttarakhand",
Vertex IT Services,01SDKHP1935Z5ZE,vendor1611@vendormail.test,9560201468,"480 Market Road, Jammu and Kashmir",
Reliable Packaging,,vendor1612@vendormail.test,9800168467,"44 Industrial Estate, Haryana",
Delta Freight,23PSCIG9870C2Z9,vendor1613@vendormail.test,9761398984,"982 Industrial Estate, Madhya Pradesh",
Vertex Security Services,,vendor1614@vendormail.test,9400178172,"346 Market Road, Madhya Pradesh",
Skyline Print Works,22HGVOE4012R9ZZ,vendor1615@vendormail.test,9472153228,"753 Market Road, Chhattisgarh",
Falcon Textiles,22RZVOR6824O1ZF,vendor1616@vendormail.test,9711866515,"926 Commercial Complex, Chhattisgarh",
Skyline Consultants,,vendor1617@vendormail.test,9806088340,"681 Commercial Complex, Andhra Pradesh",
Delta Engineering,05RQIZX7121U7Z6,vendor1618@vendormail.test,9126297334,"720 Market Road, Uttarakhand",
Orbit Distributors,29SAIQC4458M3ZR,vendor1619@vendormail.test,9855612224,"192 Commercial Complex, Karnataka",
Northstar Office Supplies,,vendor1620@vendormail.test,9406492333,"804 Commercial Complex, Kerala",
Crestline Logistics,05ZIOBX8347E5ZR,vendor1621@vendormail.test,9938701411,"436 Industrial Estate, Uttarakhand",
Northstar Hosting,,vendor1622@vendormail.test,9839911153,"497 Industrial Estate, Chhattisgarh",
Falcon Stationery,22MLGXB9706G6Z2,vendor1623@vendormail.test,9241767386,"686 Market Road, Chhattisgarh",
Northstar Advertising,29CUBSV5093I8ZT,vendor1624@vendormail.test,9773830783,"789 Market Road, Karnataka",
Everest Electricals,09XDREA8810L8ZP,vendor1625@vendormail.test,9330638171,"796 Commercial Complex, Uttar Pradesh",
Orbit IT Services,,vendor1626@vendormail.test,9301041632,"954 Market Road, Andhra Pradesh",
Titan Packaging,18YJJDN6304M9ZX,vendor1627@vendormail.test,9126274515,"743 Commercial Complex, Assam",
Redwood Freight,23MEKWN2827H1ZD,vendor1628@vendormail.test,9157714453,"180 Commercial Complex, Madhya Pradesh",
Fusion Security Services,30GWGLN3232S5Z6,vendor1629@vendormail.test,9407257886,"295 Commercial Complex, Goa",
Sunrise Print Works,04RIARK4208P1Z1,vendor1630@vendormail.test,9747850402,"932 Commercial Complex, Chandigarh",
Silverline Textiles,03NPQFQ6963U6ZU,vendor1631@vendormail.test,9705427168,"287 Industrial Estate, Punjab",
Apex Consultants,04RGYDB8540O2ZF,vendor1632@vendormail.test,9658133504,"6 Industrial Estate, Chandigarh",
Ironclad Engineering,,vendor1633@vendormail.test,9848544321,"803 Commercial Complex, Odisha",
Skyline Distributors,,vendor1634@vendormail.test,9506968278,"53 Commercial Complex, Delhi",
Orbit Office Supplies,,vendor1635@vendormail.test,9736865592,"533 Commercial Complex, Jammu and Kashmir",
Northstar Logistics,04ZFKUM4366U5Z4,vendor1636@vendormail.test,9519227107,"714 Market Road, Chandigarh",
Orbit Hosting,33NCQCX8872Z8ZY,vendor1637@vendormail.test,9429775767,"991 Market Road, Tamil Nadu",
Reliable Stationery,02OEUKI2103W8ZC,vendor1638@vendormail.test,9787402631,"808 Industrial Estate, Himachal Pradesh",
Titan Advertising,32BZAIV5901B3Z8,vendor1639@vendormail.test,9907990589,"952 Commercial Complex, Kerala",
Anchor Electricals,18NZLOJ2541U3Z0,vendor1640@vendormail.test,9653890078,"93 Industrial Estate, Assam",
BlueWave IT Services,08LFUSG6030D3ZP,vendor1641@vendormail.test,9921330348,"762 Commercial Complex, Rajasthan",
Reliable Packaging,06FVSBT5734L6Z5,vendor1642@vendormail.test,9183280223,"940 Industrial Estate, Haryana",
Redwood Freight,06VMUIX5636T3Z6,vendor1643@vendormail.test,9982205433,"422 Industrial Estate, Haryana",
Golden Harvest Security Services,02ECGXA9596X2ZC,vendor1644@vendormail.test,9508386051,"3 Market Road, Himachal Pradesh",
Titan Print Works,08VHFRA7149G4ZX,vendor1645@vendormail.test,9527434493,"285 Industrial Estate, Rajasthan",
Ironclad Textiles,06POYAE3469D6ZF,vendor1646@vendormail.test,9388819244,"695 Market Road, Haryana",
Bluepeak Consultants,18WCDFJ9312L1ZQ,vendor1647@vendormail.test,9884069448,"763 Market Road, Assam",
Skyline Engineering,06KQTVZ6469J8ZJ,vendor1648@vendormail.test,9280879615,"263 Industrial Estate, Haryana",
Meridian Distributors,36YUXBK2259D4ZB,vendor1649@vendormail.test,9104582638,"273 Commercial Complex, Telangana",
Silverline Office Supplies,29DJQFB9057B6Z0,vendor1650@vendormail.test,9703881888,"814 Market Road, Karnataka",
CloudNet Logistics,18YKNPB3520R5ZN,vendor1651@vendormail.test,9757692922,"578 Commercial Complex, Assam",
Skyline Hosting,19PBWSM4416G9ZA,vendor1652@vendormail.test,9594833293,"639 Market Road, West Bengal",
Golden Harvest Stationery,19ARAGW7066A2Z3,vendor1653@vendormail.test,9966836993,"323 Industrial Estate, West Bengal",
Reliable Advertising,19JIPPZ1637U7ZU,vendor1654@vendormail.test,9674352446,"956 Commercial Complex, West Bengal",
Titan Electricals,36SDFHB4935A1ZZ,vendor1655@vendormail.test,9356708517,"707 Industrial Estate, Telangana",
Pioneer IT Services,02VWMVT5034M4ZV,vendor1656@vendormail.test,9735370835,"81 Market Road, Himachal Pradesh",
Emerald Packaging,,vendor1657@vendormail.test,9871741746,"151 Industrial Estate, Bihar",
Falcon Freight,19CVFOR2976I1ZI,vendor1658@vendormail.test,9782916505,"295 Commercial Complex, West Bengal",
Skyline Security Services,09TEHAG3154Y1ZA,vendor1659@vendormail.test,9129237306,"99 Industrial Estate, Uttar Pradesh",
Golden Harvest Print Works,29ERERI9000S2ZO,vendor1660@vendormail.test,9460402080,"236 Industrial Estate, Karnataka",
Northstar Textiles,19DYZEH9510I7Z5,vendor1661@vendormail.test,9958827771,"385 Commercial Complex, West Bengal",
BlueWave Consultants,,vendor1662@vendormail.test,9909190747,"990 Market Road, Gujarat",
Titan Engineering,27YFBHO1004U8ZC,vendor1663@vendormail.test,9741469274,"56 Commercial Complex, Maharashtra",
CloudNet Distributors,,vendor1664@vendormail.test,9504497607,"57 Industrial Estate, Rajasthan",
Vertex Office Supplies,,vendor1665@vendormail.test,9874512481,"993 Commercial Complex, Chandigarh",
Horizon Logistics,36EBTXF4064S3ZS,vendor1666@vendormail.test,9444940798,"832 Market Road, Telangana",
Crestline Hosting,22SWFSE5927G9ZJ,vendor1667@vendormail.test,9168749420,"287 Commercial Complex, Chhattisgarh",
Apex Stationery,06EENFN2355G9ZU,vendor1668@vendormail.test,9289624695,"740 Industrial Estate, Haryana",
Metro Advertising,01KMAPS1694X2ZR,vendor1669@vendormail.test,9421364857,"77 Industrial Estate, Jammu and Kashmir",
Skyline Electricals,06EZGJL1430Q4ZO,vendor1670@vendormail.test,9848762234,"660 Commercial Complex, Haryana",
BlueWave IT Services,06SPEQL2850L4ZV,vendor1671@vendormail.test,9693582451,"839 Market Road, Haryana",
Meridian Packaging,,vendor1672@vendormail.test,9322503874,"733 Market Road, Rajasthan",
Delta Freight,27JQTUP6576H1ZR,vendor1673@vendormail.test,9465370381,"575 Commercial Complex, Maharashtra",
Fusion Security Services,02NZIXD3980X4ZA,vendor1674@vendormail.test,9106096057,"494 Industrial Estate, Himachal Pradesh",
Orbit Print Works,03OPHVK8477J8ZW,vendor1675@vendormail.test,9280590086,"761 Market Road, Punjab",
Nimbus Textiles,08TYJJO7242S3ZI,vendor1676@vendormail.test,9591853696,"865 Market Road, Rajasthan",
Sunrise Consultants,,vendor1677@vendormail.test,9979138524,"134 Market Road, Sikkim",
Crestline Engineering,30RGQUT2017Y6ZW,vendor1678@vendormail.test,9893349530,"421 Industrial Estate, Goa",
Silverline Distributors,03DRLXN5346B6ZZ,vendor1679@vendormail.test,9424503190,"496 Industrial Estate, Punjab",
CloudNet Office Supplies,09EHTTZ3553A7ZU,vendor1680@vendormail.test,9390612805,"871 Market Road, Uttar Pradesh",
Bluepeak Logistics,20QHFWS4403P2ZW,vendor1681@vendormail.test,9260371005,"911 Market Road, Jharkhand",
Prime Hosting,04BBRYN1494T6ZP,vendor1682@vendormail.test,9880187800,"992 Industrial Estate, Chandigarh",
Bluepeak Stationery,,vendor1683@vendormail.test,9490252482,"168 Market Road, Haryana",
Titan Advertising,,vendor1684@vendormail.test,9729709553,"455 Commercial Complex, Uttar Pradesh",
Delta Electricals,02LQRHE7776U4ZC,vendor1685@vendormail.test,9601094060,"675 Market Road, Himachal Pradesh",
Sunrise IT Services,03TTTCH5751Q1ZX,vendor1686@vendormail.test,9520615621,"621 Market Road, Punjab",
Skyline Packaging,,vendor1687@vendormail.test,9220764247,"757 Market Road, Chandigarh",
Vertex Freight,27QAGBB2011O3ZM,vendor1688@vendormail.test,9838426797,"74 Market Road, Maharashtra",
Falcon Security Services,,vendor1689@vendormail.test,9285744734,"32 Commercial Complex, Maharashtra",
Pioneer Print Works,,vendor1690@vendormail.test,9865514853,"981 Commercial Complex, Jammu and Kashmir",
Skyline Textiles,09CBLRH4390C1ZW,vendor1691@vendormail.test,9497787418,"805 Industrial Estate, Uttar Pradesh",
Metro Consultants,36NLIKA8055O6ZH,vendor1692@vendormail.test,9386982898,"119 Commercial Complex, Telangana",
Zenith Engineering,03IAJGD8501P1ZJ,vendor1693@vendormail.test,9169836334,"351 Industrial Estate, Punjab",
Orbit Distributors,04ZDCSE8714D5ZN,vendor1694@vendormail.test,9906814708,"379 Market Road, Chandigarh",
Metro Office Supplies,02KQKIQ9174F6ZW,vendor1695@vendormail.test,9331338680,"125 Market Road, Himachal Pradesh",
BlueWave Logistics,22XEADT9941U5ZU,vendor1696@vendormail.test,9973686968,"742 Market Road, Chhattisgarh",
Apex Hosting,01OLUTL3102K4ZP,vendor1697@vendormail.test,9537559983,"40 Industrial Estate, Jammu and Kashmir",
Crestline Stationery,27TPGBW2611Y5ZD,vendor1698@vendormail.test,9127638423,"831 Market Road, Maharashtra",
Northstar Advertising,,vendor1699@vendormail.test,9276889155,"855 Market Road, Chandigarh",
Titan Electricals,,vendor1700@vendormail.test,9218752120,"811 Market Road, Tamil Nadu",
Golden Harvest IT Services,,vendor1701@vendormail.test,9298354109,"529 Market Road, Goa",
Delta Packaging,,vendor1702@vendormail.test,9887033192,"79 Commercial Complex, Bihar",
Ironclad Freight,09QUGES1720E7Z1,vendor1703@vendormail.test,9379815906,"661 Industrial Estate, Uttar Pradesh",
Vertex Security Services,33LPKLH2024C1ZV,vendor1704@vendormail.test,9175237138,"976 Industrial Estate, Tamil Nadu",
Pioneer Print Works,,vendor1705@vendormail.test,9850372528,"900 Commercial Complex, Uttarakhand",
Golden Harvest Textiles,,vendor1706@vendormail.test,9120648153,"754 Commercial Complex, Delhi",
Vertex Consultants,29NRLNA1049Q3ZQ,vendor1707@vendormail.test,9157776122,"516 Market Road, Karnataka",
Emerald Engineering,18CSXET6823O3ZD,vendor1708@vendormail.test,9703364442,"185 Market Road, Assam",
CloudNet Distributors,,vendor1709@vendormail.test,9190083348,"849 Market Road, West Bengal",
Greenfield Office Supplies,,vendor1710@vendormail.test,9188417610,"457 Industrial Estate, Jammu and Kashmir",
Pioneer Logistics,,vendor1711@vendormail.test,9887587794,"120 Market Road, Sikkim",
Golden Harvest Hosting,19BRXKP2808C1Z9,vendor1712@vendormail.test,9390842834,"2 Market Road, West Bengal",
CloudNet Stationery,,vendor1713@vendormail.test,9709870598,"185 Market Road, Telangana",
Silverline Advertising,,vendor1714@vendormail.test,9519919239,"920 Commercial Complex, Chhattisgarh",
Metro Electricals,,vendor1715@vendormail.test,9931640926,"542 Commercial Complex, Jammu and Kashmir",
CloudNet IT Services,,vendor1716@vendormail.test,9334659833,"836 Market Road, Delhi",
Northstar Packaging,,vendor1717@vendormail.test,9147291586,"401 Commercial Complex, Assam",
Ironclad Freight,22LUIAQ1604K1ZD,vendor1718@vendormail.test,9688838683,"224 Industrial Estate, Chhattisgarh",
Horizon Security Services,,vendor1719@vendormail.test,9487306306,"50 Market Road, Haryana",
Ironclad Print Works,23VJZJL5833J2ZS,vendor1720@vendormail.test,9931974243,"70 Industrial Estate, Madhya Pradesh",
Prime Textiles,03KJSPT1693O7ZF,vendor1721@vendormail.test,9724124270,"121 Market Road, Punjab",
Zenith Consultants,10PNKNP4883E2Z2,vendor1722@vendormail.test,9575074476,"286 Market Road, Bihar",
Falcon Engineering,,vendor1723@vendormail.test,9227667716,"786 Commercial Complex, Punjab",
Horizon Distributors,18ASRBE9088K4ZG,vendor1724@vendormail.test,9456916520,"839 Commercial Complex, Assam",
Fusion Office Supplies,,vendor1725@vendormail.test,9242026530,"915 Industrial Estate, Kerala",
Northstar Logistics,33NVKXY1964G7Z5,vendor1726@vendormail.test,9412606471,"569 Commercial Complex, Tamil Nadu",
Delta Hosting,,vendor1727@vendormail.test,9606786407,"975 Commercial Complex, West Bengal",
Titan Stationery,11YXGRZ9090J4ZI,vendor1728@vendormail.test,9633079407,"2 Market Road, Sikkim",
Nimbus Advertising,21OTSFO1034D1ZP,vendor1729@vendormail.test,9780765884,"147 Industrial Estate, Odisha",
Zenith Electricals,08GCTAR1402S8ZW,vendor1730@vendormail.test,9625130069,"722 Market Road, Rajasthan",
Orbit IT Services,,vendor1731@vendormail.test,9222160413,"908 Commercial Complex, Assam",
Greenfield Packaging,01MKIXB4659Z5ZZ,vendor1732@vendormail.test,9870433284,"77 Commercial Complex, Jammu and Kashmir",
Silverline Freight,33EMVLL1305K5ZC,vendor1733@vendormail.test,9281863133,"742 Commercial Complex, Tamil Nadu",
Sunrise Security Services,,vendor1734@vendormail.test,9661806279,"666 Commercial Complex, Haryana",
Titan Print Works,,vendor1735@vendormail.test,9874200901,"340 Market Road, Assam",
Golden Harvest Textiles,,vendor1736@vendormail.test,9669514003,"602 Commercial Complex, Tamil Nadu",
Greenfield Consultants,19XWQXW8369I6ZM,vendor1737@vendormail.test,9751213036,"987 Industrial Estate, West Bengal",
Orbit Engineering,08OOKUH5178H4Z2,vendor1738@vendormail.test,9348944012,"387 Market Road, Rajasthan",
Silverline Distributors,02NLFTP8254M4ZG,vendor1739@vendormail.test,9667609363,"733 Industrial Estate, Himachal Pradesh",
Silverline Office Supplies,33OAHPQ9801Z6ZK,vendor1740@vendormail.test,9317607233,"303 Commercial Complex, Tamil Nadu",
Bluepeak Logistics,,vendor1741@vendormail.test,9440746294,"72 Industrial Estate, Punjab",
Nimbus Hosting,,vendor1742@vendormail.test,9628215770,"413 Market Road, Jharkhand",
Sunrise Stationery,,vendor1743@vendormail.test,9539051207,"46 Industrial Estate, Karnataka",
Sunrise Advertising,20WNQNE6086E6Z0,vendor1744@vendormail.test,9487119506,"566 Industrial Estate, Jharkhand",
Redwood Electricals,24VGQBR5826U6ZB,vendor1745@vendormail.test,9840257492,"239 Market Road, Gujarat",
Orbit IT Services,23WFGZZ1371Q2ZQ,vendor1746@vendormail.test,9415909271,"622 Market Road, Madhya Pradesh",
Greenfield Packaging,,vendor1747@vendormail.test,9749636069,"729 Commercial Complex, Uttarakhand",
Emerald Freight,08EOXWI4299A8ZB,vendor1748@vendormail.test,9600681092,"914 Market Road, Rajasthan",
Emerald Security Services,,vendor1749@vendormail.test,9145577570,"816 Commercial Complex, Karnataka",
Ironclad Print Works,22NYBBS4701H5ZU,vendor1750@vendormail.test,9175633670,"184 Market Road, Chhattisgarh",
Zenith Textiles,30TJTNF9129R9ZG,vendor1751@vendormail.test,9426760499,"667 Commercial Complex, Goa",
Redwood Consultants,,vendor1752@vendormail.test,9255376394,"905 Commercial Complex, Bihar",
Sunrise Engineering,10FVBFJ1975U1Z2,vendor1753@vendormail.test,9645849663,"439 Commercial Complex, Bihar",
Delta Distributors,,vendor1754@vendormail.test,9100629753,"36 Commercial Complex, Sikkim",
Metro Office Supplies,,vendor1755@vendormail.test,9619865027,"815 Market Road, Sikkim",
Silverline Logistics,,vendor1756@vendormail.test,9865556055,"62 Market Road, West Bengal",
CloudNet Hosting,21FZBEG5601C6ZF,vendor1757@vendormail.test,9992252653,"445 Market Road, Odisha",
CloudNet Stationery,11LSQNU3560W5ZP,vendor1758@vendormail.test,9547294514,"309 Market Road, Sikkim",
Reliable Advertising,23ELJMF7337C5ZZ,vendor1759@vendormail.test,9131656804,"82 Commercial Complex, Madhya Pradesh",
Crestline Electricals,03PHXBV3540K7Z6,vendor1760@vendormail.test,9948332363,"208 Market Road, Punjab",
Reliable IT Services,,vendor1761@vendormail.test,9558087098,"849 Industrial Estate, Goa",
Delta Packaging,30UOMJG3196H5Z4,vendor1762@vendormail.test,9918091108,"125 Commercial Complex, Goa",
Fusion Freight,07LRADQ3676N6Z1,vendor1763@vendormail.test,9467042057,"186 Market Road, Delhi",
CloudNet Security Services,,vendor1764@vendormail.test,9613976621,"371 Commercial Complex, West Bengal",
Apex Print Works,37GRGGH9358Y4Z2,vendor1765@vendormail.test,9487887902,"636 Commercial Complex, Andhra Pradesh",
Reliable Textiles,32HYEBP8176B6ZQ,vendor1766@vendormail.test,9379136998,"507 Commercial Complex, Kerala",
Fusion Consultants,33SPZSZ2115R8ZY,vendor1767@vendormail.test,9929479146,"708 Market Road, Tamil Nadu",
Apex Engineering,,vendor1768@vendormail.test,9392658608,"879 Industrial Estate, Himachal Pradesh",
Zenith Distributors,36DWLWJ9482H5ZR,vendor1769@vendormail.test,9341280701,"26 Industrial Estate, Telangana",
Falcon Office Supplies,33RXGIH3895Z5ZD,vendor1770@vendormail.test,9267329142,"631 Commercial Complex, Tamil Nadu",
Falcon Logistics,,vendor1771@vendormail.test,9107954744,"309 Market Road, Andhra Pradesh",
Horizon Hosting,19SXQYQ1766R8ZZ,vendor1772@vendormail.test,9314064489,"910 Commercial Complex, West Bengal",
Crestline Stationery,06HUCJO4170P9ZF,vendor1773@vendormail.test,9466551081,"911 Commercial Complex, Haryana",
Nimbus Advertising,,vendor1774@vendormail.test,9268426907,"67 Market Road, West Bengal",
Vertex Electricals,22VGNMB1328W4ZE,vendor1775@vendormail.test,9711136527,"708 Industrial Estate, Chhattisgarh",
Greenfield IT Services,37SLIRK9938Q7Z4,vendor1776@vendormail.test,9522288364,"177 Market Road, Andhra Pradesh",
Everest Packaging,06IOQEG7632U9Z1,vendor1777@vendormail.test,9572403746,"44 Market Road, Haryana",
Delta Freight,21CGRJP6471O9ZX,vendor1778@vendormail.test,9842874745,"177 Industrial Estate, Odisha",
Reliable Security Services,,vendor1779@vendormail.test,9639829447,"57 Industrial Estate, Karnataka",
Emerald Print Works,,vendor1780@vendormail.test,9914395826,"72 Industrial Estate, Bihar",
Redwood Textiles,09IDHVV2570C6ZU,vendor1781@vendormail.test,9656084524,"191 Industrial Estate, Uttar Pradesh",
Everest Consultants,27ILUZL1426N8Z4,vendor1782@vendormail.test,9801324251,"438 Market Road, Maharashtra",
Northstar Engineering,04FUKWI4218G7ZS,vendor1783@vendormail.test,9273250690,"358 Commercial Complex, Chandigarh",
Sunrise Distributors,,vendor1784@vendormail.test,9362881179,"249 Market Road, Assam",
Anchor Office Supplies,,vendor1785@vendormail.test,9287726648,"835 Market Road, Telangana",
Everest Logistics,06IHKIW2130J6Z2,vendor1786@vendormail.test,9605975064,"44 Industrial Estate, Haryana",
Nimbus Hosting,,vendor1787@vendormail.test,9102000231,"370 Commercial Complex, Chhattisgarh",
Orbit Stationery,,vendor1788@vendormail.test,9496952528,"566 Industrial Estate, Uttarakhand",
Apex Advertising,09UFHKX4161Z7Z4,vendor1789@vendormail.test,9761508599,"523 Market Road, Uttar Pradesh",
Crestline Electricals,,vendor1790@vendormail.test,9569168131,"513 Commercial Complex, Rajasthan",
CloudNet IT Services,10ZIIPW1497V7ZM,vendor1791@vendormail.test,9907014872,"136 Commercial Complex, Bihar",
Titan Packaging,07OQJSA3303S5ZJ,vendor1792@vendormail.test,9761414597,"625 Industrial Estate, Delhi",
Redwood Freight,29VGGFT6590B7Z4,vendor1793@vendormail.test,9681425911,"922 Industrial Estate, Karnataka",
BlueWave Security Services,36FMWCY4531Q3Z6,vendor1794@vendormail.test,9306125842,"602 Market Road, Telangana",
Meridian Print Works,,vendor1795@vendormail.test,9212586561,"378 Industrial Estate, Himachal Pradesh",
Redwood Textiles,,vendor1796@vendormail.test,9827531272,"377 Market Road, Andhra Pradesh",
Fusion Consultants,,vendor1797@vendormail.test,9557211711,"81 Commercial Complex, Chhattisgarh",
Orbit Engineering,,vendor1798@vendormail.test,9876432023,"644 Commercial Complex, Himachal Pradesh",
Zenith Distributors,08ASWAZ5425N9ZB,vendor1799@vendormail.test,9185088271,"824 Market Road, Rajasthan",
Redwood Office Supplies,09FGAJG4043D2ZH,vendor1800@vendormail.test,9469402196,"273 Market Road, Uttar Pradesh",
Reliable Logistics,,vendor1801@vendormail.test,9803976506,"663 Market Road, Telangana",
Golden Harvest Hosting,37RPZPV1773T2ZP,vendor1802@vendormail.test,9507243921,"300 Industrial Estate, Andhra Pradesh",
Vertex Stationery,,vendor1803@vendormail.test,9850931869,"583 Industrial Estate, Sikkim",
Sunrise Advertising,,vendor1804@vendormail.test,9716269076,"310 Market Road, Assam",
Silverline Electricals,19AOAWB9517A2ZF,vendor1805@vendormail.test,9465424054,"916 Market Road, West Bengal",
Metro IT Services,,vendor1806@vendormail.test,9119375139,"640 Commercial Complex, Jharkhand",
Skyline Packaging,10JVFGP4400E1ZA,vendor1807@vendormail.test,9726410997,"424 Industrial Estate, Bihar",
Nimbus Freight,11FQZAF6634N3ZT,vendor1808@vendormail.test,9827093901,"575 Market Road, Sikkim",
Bluepeak Security Services,,vendor1809@vendormail.test,9839201614,"840 Market Road, Goa",
Sunrise Print Works,,vendor1810@vendormail.test,9739884687,"508 Industrial Estate, Bihar",
Prime Textiles,24WIJZR4445F5ZC,vendor1811@vendormail.test,9457560535,"914 Market Road, Gujarat",
Meridian Consultants,32YHCQF4260S2ZA,vendor1812@vendormail.test,9351734339,"526 Market Road, Kerala",
Redwood Engineering,33KTMRQ6902E2Z6,vendor1813@vendormail.test,9993837571,"341 Market Road, Tamil Nadu",
Zenith Distributors,,vendor1814@vendormail.test,9669774042,"897 Market Road, West Bengal",
BlueWave Office Supplies,07PDAZN9701S3ZU,vendor1815@vendormail.test,9930714734,"934 Market Road, Delhi",
Falcon Logistics,,vendor1816@vendormail.test,9651819291,"810 Industrial Estate, Chhattisgarh",
Northstar Hosting,,vendor1817@vendormail.test,9148410256,"197 Commercial Complex, Gujarat",
Sunrise Stationery,22FCBZU7709S5Z7,vendor1818@vendormail.test,9480936970,"211 Market Road, Chhattisgarh",
BlueWave Advertising,23LOUGA6719W2ZR,vendor1819@vendormail.test,9115309027,"328 Industrial Estate, Madhya Pradesh",
Bluepeak Electricals,04GVKMA1609I9ZW,vendor1820@vendormail.test,9426868710,"746 Market Road, Chandigarh",
Nimbus IT Services,,vendor1821@vendormail.test,9895668293,"139 Market Road, Andhra Pradesh",
Metro Packaging,,vendor1822@vendormail.test,9211165607,"9 Market Road, Madhya Pradesh",
Pioneer Freight,11EIGOD6916N2ZR,vendor1823@vendormail.test,9388761489,"104 Industrial Estate, Sikkim",
Crestline Security Services,,vendor1824@vendormail.test,9843439068,"799 Market Road, Andhra Pradesh",
Pioneer Print Works,02BVPRD3386S5ZG,vendor1825@vendormail.test,9632847131,"826 Commercial Complex, Himachal Pradesh",
Nimbus Textiles,10NGGSP6616Y3Z0,vendor1826@vendormail.test,9973347956,"79 Industrial Estate, Bihar",
Nimbus Consultants,20ZONXV1988A2ZE,vendor1827@vendormail.test,9276842027,"727 Industrial Estate, Jharkhand",
CloudNet Engineering,,vendor1828@vendormail.test,9231600392,"430 Commercial Complex, Jammu and Kashmir",
Pioneer Distributors,,vendor1829@vendormail.test,9495865805,"641 Commercial Complex, Sikkim",
Silverline Office Supplies,08EOQZE9272J2ZS,vendor1830@vendormail.test,9358605240,"315 Commercial Complex, Rajasthan",
Greenfield Logistics,,vendor1831@vendormail.test,9961091114,"518 Industrial Estate, Haryana",
Bluepeak Hosting,32PBZNZ1223K6ZA,vendor1832@vendormail.test,9760094295,"782 Market Road, Kerala",
Prime Stationery,30BOKIL3934C1Z6,vendor1833@vendormail.test,9626628711,"190 Commercial Complex, Goa",
Skyline Advertising,,vendor1834@vendormail.test,9154128153,"853 Commercial Complex, Chandigarh",
Pioneer Electricals,18TXOTT2377L6ZV,vendor1835@vendormail.test,9197791927,"566 Commercial Complex, Assam",
Pioneer IT Services,18ELGID8928G3Z9,vendor1836@vendormail.test,9428012530,"145 Commercial Complex, Assam",
Redwood Packaging,30ROBEX2246U8ZL,vendor1837@vendormail.test,9512272354,"322 Industrial Estate, Goa",
Silverline Freight,,vendor1838@vendormail.test,9382067208,"150 Industrial Estate, Telangana",
Skyline Security Services,,vendor1839@vendormail.test,9653722268,"772 Industrial Estate, Chhattisgarh",
CloudNet Print Works,18YWDJB1990E5ZE,vendor1840@vendormail.test,9335799634,"17 Industrial Estate, Assam",
Nimbus Textiles,03HHHCG8833Q1ZX,vendor1841@vendormail.test,9460580763,"680 Market Road, Punjab",
Golden Harvest Consultants,,vendor1842@vendormail.test,9609229524,"25 Market Road, Chhattisgarh",
Golden Harvest Engineering,36HMQQP9489O3ZW,vendor1843@vendormail.test,9532551690,"688 Market Road, Telangana",
Horizon Distributors,,vendor1844@vendormail.test,9183597383,"66 Industrial Estate, Bihar",
Fusion Office Supplies,21RUQJE8327W7ZM,vendor1845@vendormail.test,9333824756,"579 Commercial Complex, Odisha",
Zenith Logistics,02LXQHI6835U3ZI,vendor1846@vendormail.test,9148833902,"98 Industrial Estate, Himachal Pradesh",
Golden Harvest Hosting,,vendor1847@vendormail.test,9974626766,"831 Industrial Estate, Chhattisgarh",
Bluepeak Stationery,05YJOFQ3265G9ZF,vendor1848@vendormail.test,9967794450,"312 Industrial Estate, Uttarakhand",
Metro Advertising,03LKWWM6036N8ZC,vendor1849@vendormail.test,9623704691,"118 Industrial Estate, Punjab",
Northstar Electricals,,vendor1850@vendormail.test,9722813874,"339 Industrial Estate, Tamil Nadu",
Emerald IT Services,18MXDPX9105D6ZX,vendor1851@vendormail.test,9653815000,"411 Industrial Estate, Assam",
Apex Packaging,05FWSHU9810X5ZY,vendor1852@vendormail.test,9895393032,"595 Industrial Estate, Uttarakhand",
Delta Freight,09MOJAR6848U8ZE,vendor1853@vendormail.test,9172476398,"911 Commercial Complex, Uttar Pradesh",
Zenith Security Services,10HBTVU5185F5ZT,vendor1854@vendormail.test,9348097684,"453 Market Road, Bihar",
Falcon Print Works,19LBITU8512D2Z8,vendor1855@vendormail.test,9662668111,"78 Commercial Complex, West Bengal",
Everest Textiles,36MLFVM7842O9ZS,vendor1856@vendormail.test,9502543309,"718 Industrial Estate, Telangana",
Delta Consultants,,vendor1857@vendormail.test,9360225371,"658 Market Road, Tamil Nadu",
Silverline Engineering,23VXCKI5667D4ZV,vendor1858@vendormail.test,9397733238,"643 Market Road, Madhya Pradesh",
Fusion Distributors,21PQALU1999P8ZD,vendor1859@vendormail.test,9993808608,"317 Market Road, Odisha",
Silverline Office Supplies,07AAMCY2709E8ZL,vendor1860@vendormail.test,9477357740,"602 Industrial Estate, Delhi",
Nimbus Logistics,,vendor1861@vendormail.test,9772545610,"568 Commercial Complex, Maharashtra",
Greenfield Hosting,05GJIQQ6349D8Z4,vendor1862@vendormail.test,9410008270,"650 Market Road, Uttarakhand",
Fusion Stationery,05YKXTT4539O5ZJ,vendor1863@vendormail.test,9642546708,"763 Industrial Estate, Uttarakhand",
Emerald Advertising,06DHAHO1687O3ZY,vendor1864@vendormail.test,9465561036,"161 Market Road, Haryana",
BlueWave Electricals,,vendor1865@vendormail.test,9214733429,"742 Commercial Complex, Kerala",
Zenith IT Services,02QLGEA4909F2ZV,vendor1866@vendormail.test,9518462221,"738 Market Road, Himachal Pradesh",
Metro Packaging,,vendor1867@vendormail.test,9502098315,"751 Industrial Estate, Himachal Pradesh",
Horizon Freight,,vendor1868@vendormail.test,9526233641,"916 Market Road, Himachal Pradesh",
Greenfield Security Services,,vendor1869@vendormail.test,9822656872,"739 Commercial Complex, Chandigarh",
Anchor Print Works,09HJFGX2182D1ZC,vendor1870@vendormail.test,9953368854,"910 Market Road, Uttar Pradesh",
Apex Textiles,27JKABU3355H3ZG,vendor1871@vendormail.test,9998192676,"372 Industrial Estate, Maharashtra",
Ironclad Consultants,,vendor1872@vendormail.test,9438277438,"128 Market Road, Odisha",
Greenfield Engineering,06XKILG5433V4ZR,vendor1873@vendormail.test,9291273251,"184 Industrial Estate, Haryana",
Vertex Distributors,,vendor1874@vendormail.test,9332989516,"81 Market Road, Bihar",
BlueWave Office Supplies,,vendor1875@vendormail.test,9280788414,"170 Industrial Estate, Odisha",
Orbit Logistics,29YPINF7557P5ZK,vendor1876@vendormail.test,9680612071,"746 Commercial Complex, Karnataka",
BlueWave Hosting,37KXQRN4496Q9ZD,vendor1877@vendormail.test,9226792140,"107 Industrial Estate, Andhra Pradesh",
Emerald Stationery,30JRPYN6965F3ZN,vendor1878@vendormail.test,9599780889,"506 Commercial Complex, Goa",
BlueWave Advertising,23UKGEH7539R5Z0,vendor1879@vendormail.test,9137198064,"286 Industrial Estate, Madhya Pradesh",
Anchor Electricals,,vendor1880@vendormail.test,9548953767,"108 Commercial Complex, Haryana",
Bluepeak IT Services,,vendor1881@vendormail.test,9777532270,"319 Industrial Estate, Sikkim",
Delta Packaging,07ROBDW7240C7ZC,vendor1882@vendormail.test,9434867860,"485 Market Road, Delhi",
Greenfield Freight,05ZWRQZ5317J2ZC,vendor1883@vendormail.test,9913447933,"816 Commercial Complex, Uttarakhand",
Metro Security Services,02ERLWI4368K7ZK,vendor1884@vendormail.test,9355189323,"973 Commercial Complex, Himachal Pradesh",
Falcon Print Works,37HRUZV1157J9ZW,vendor1885@vendormail.test,9192794542,"88 Market Road, Andhra Pradesh",
Pioneer Textiles,19IKGWR8949T2ZH,vendor1886@vendormail.test,9182609769,"834 Commercial Complex, West Bengal",
Zenith Consultants,06JSREZ2264M5ZI,vendor1887@vendormail.test,9919007210,"150 Industrial Estate, Haryana",
Meridian Engineering,,vendor1888@vendormail.test,9473824367,"253 Market Road, Uttarakhand",
Prime Distributors,21IWZKM7133V8ZK,vendor1889@vendormail.test,9271666622,"686 Commercial Complex, Odisha",
Titan Office Supplies,,vendor1890@vendormail.test,9659208443,"920 Market Road, Assam",
Titan Logistics,,vendor1891@vendormail.test,9564811137,"15 Commercial Complex, Jharkhand",
Pioneer Hosting,08ZHNTU8731Q4ZZ,vendor1892@vendormail.test,9782373300,"116 Commercial Complex, Rajasthan",
Falcon Stationery,,vendor1893@vendormail.test,9517751472,"425 Market Road, Haryana",
Greenfield Advertising,23AYMJI1833A1ZL,vendor1894@vendormail.test,9971412843,"147 Commercial Complex, Madhya Pradesh",
Fusion Electricals,07RRAMA3545R1ZP,vendor1895@vendormail.test,9338495118,"464 Industrial Estate, Delhi",
Prime IT Services,04FMLEV4730S3ZJ,vendor1896@vendormail.test,9835769364,"418 Market Road, Chandigarh",
Ironclad Packaging,09WIEVT3063T4ZP,vendor1897@vendormail.test,9524364548,"749 Market Road, Uttar Pradesh",
Titan Freight,,vendor1898@vendormail.test,9251729667,"771 Commercial Complex, Delhi",
Sunrise Security Services,,vendor1899@vendormail.test,9957066633,"939 Market Road, Haryana",
Everest Print Works,,vendor1900@vendormail.test,9990142857,"354 Market Road, Karnataka",
Zenith Textiles,32KBNPN1504T9Z9,vendor1901@vendormail.test,9877207613,"64 Commercial Complex, Kerala",
Sunrise Consultants,,vendor1902@vendormail.test,9523093463,"741 Industrial Estate, Rajasthan",
Delta Engineering,09UIDMP3229M8ZO,vendor1903@vendormail.test,9956051088,"138 Market Road, Uttar Pradesh",
Ironclad Distributors,,vendor1904@vendormail.test,9292682000,"190 Industrial Estate, Chhattisgarh",
Nimbus Office Supplies,,vendor1905@vendormail.test,9355671486,"150 Commercial Complex, Assam",
BlueWave Logistics,,vendor1906@vendormail.test,9764108639,"886 Market Road, West Bengal",
Metro Hosting,,vendor1907@vendormail.test,9708487614,"955 Commercial Complex, Haryana",
Prime Stationery,03SKVZU7915A9ZZ,vendor1908@vendormail.test,9286283752,"794 Commercial Complex, Punjab",
Falcon Advertising,11WFPLS6587O6ZJ,vendor1909@vendormail.test,9788706836,"589 Commercial Complex, Sikkim",
Greenfield Electricals,,vendor1910@vendormail.test,9170541843,"697 Industrial Estate, Chhattisgarh",
Zenith IT Services,05RLFOP2429R5ZZ,vendor1911@vendormail.test,9453922759,"949 Commercial Complex, Uttarakhand",
Titan Packaging,20YLSWI2037M8Z0,vendor1912@vendormail.test,9796648899,"895 Commercial Complex, Jharkhand",
Fusion Freight,,vendor1913@vendormail.test,9723265964,"78 Market Road, Andhra Pradesh",
Greenfield Security Services,,vendor1914@vendormail.test,9728462649,"454 Commercial Complex, Jharkhand",
BlueWave Print Works,,vendor1915@vendormail.test,9311861687,"388 Commercial Complex, Uttarakhand",
Skyline Textiles,27UJCHL1074X5ZM,vendor1916@vendormail.test,9830003579,"258 Industrial Estate, Maharashtra",
Skyline Consultants,,vendor1917@vendormail.test,9266786875,"441 Industrial Estate, Jharkhand",
Nimbus Engineering,22TSHEC4046V5ZI,vendor1918@vendormail.test,9793324216,"111 Market Road, Chhattisgarh",
Emerald Distributors,22ENRWR1462H5Z2,vendor1919@vendormail.test,9319045998,"107 Commercial Complex, Chhattisgarh",
Reliable Office Supplies,32EYOSI9292X4ZP,vendor1920@vendormail.test,9280701731,"486 Industrial Estate, Kerala",
Sunrise Logistics,07TIZIL4305V5ZO,vendor1921@vendormail.test,9170263964,"714 Commercial Complex, Delhi",
Everest Hosting,,vendor1922@vendormail.test,9169264383,"916 Commercial Complex, Goa",
CloudNet Stationery,,vendor1923@vendormail.test,9915721958,"357 Commercial Complex, Delhi",
Delta Advertising,,vendor1924@vendormail.test,9484958431,"893 Commercial Complex, Tamil Nadu",
Titan Electricals,,vendor1925@vendormail.test,9786049439,"649 Market Road, Rajasthan",
Meridian IT Services,10CUOZR3410B7Z8,vendor1926@vendormail.test,9242755512,"584 Market Road, Bihar",
Pioneer Packaging,,vendor1927@vendormail.test,9466137264,"792 Market Road, Uttar Pradesh",
Ironclad Freight,23YJDOO2638Y9ZF,vendor1928@vendormail.test,9558724205,"762 Industrial Estate, Madhya Pradesh",
Fusion Security Services,,vendor1929@vendormail.test,9749664094,"201 Industrial Estate, Karnataka",
Anchor Print Works,08SIFXZ2818Z4Z0,vendor1930@vendormail.test,9600305475,"709 Commercial Complex, Rajasthan",
Titan Textiles,20CVIGL1325P4ZY,vendor1931@vendormail.test,9604250721,"81 Industrial Estate, Jharkhand",
Vertex Consultants,,vendor1932@vendormail.test,9104360672,"428 Market Road, Chhattisgarh",
Redwood Engineering,,vendor1933@vendormail.test,9356989371,"824 Industrial Estate, Assam",
Apex Distributors,23VPWRK8390E7Z2,vendor1934@vendormail.test,9251193150,"875 Industrial Estate, Madhya Pradesh",
Prime Office Supplies,20EFQZQ8271R8ZU,vendor1935@vendormail.test,9898207387,"707 Market Road, Jharkhand",
Greenfield Logistics,,vendor1936@vendormail.test,9377548517,"15 Industrial Estate, Chhattisgarh",
Northstar Hosting,,vendor1937@vendormail.test,9490436316,"353 Industrial Estate, Goa",
Meridian Stationery,11IAKCC4833R5ZD,vendor1938@vendormail.test,9343411307,"618 Commercial Complex, Sikkim",
Golden Harvest Advertising,,vendor1939@vendormail.test,9461099166,"289 Commercial Complex, Chhattisgarh",
Delta Electricals,27QPCDY2012T6ZZ,vendor1940@vendormail.test,9311120455,"419 Market Road, Maharashtra",
Bluepeak IT Services,23IINNE4442E7Z5,vendor1941@vendormail.test,9649479256,"222 Commercial Complex, Madhya Pradesh",
Metro Packaging,,vendor1942@vendormail.test,9850846247,"700 Market Road, Gujarat",
Fusion Freight,,vendor1943@vendormail.test,9751196031,"475 Commercial Complex, Chandigarh",
Horizon Security Services,18NKUOD5419H8Z0,vendor1944@vendormail.test,9310612454,"432 Commercial Complex, Assam",
Apex Print Works,04BVZLW6611T6ZW,vendor1945@vendormail.test,9309671755,"621 Commercial Complex, Chandigarh",
Anchor Textiles,02LOPNR5319R7ZP,vendor1946@vendormail.test,9939446513,"822 Industrial Estate, Himachal Pradesh",
Northstar Consultants,21SNIQD4348W5ZO,vendor1947@vendormail.test,9191429627,"320 Market Road, Odisha",
Ironclad Engineering,06XJIWW7576O7ZJ,vendor1948@vendormail.test,9434236254,"932 Industrial Estate, Haryana",
Orbit Distributors,,vendor1949@vendormail.test,9631097975,"268 Industrial Estate, Assam",
Skyline Office Supplies,37JTRQM1323G6ZQ,vendor1950@vendormail.test,9595943670,"442 Commercial Complex, Andhra Pradesh",
Anchor Logistics,,vendor1951@vendormail.test,9153678639,"988 Commercial Complex, Rajasthan",
Emerald Hosting,,vendor1952@vendormail.test,9712396377,"832 Market Road, Odisha",
Vertex Stationery,32QPKRT2613T5ZB,vendor1953@vendormail.test,9623627010,"174 Industrial Estate, Kerala",
Prime Advertising,,vendor1954@vendormail.test,9210106897,"372 Market Road, Jharkhand",
BlueWave Electricals,33TMNOD3351K2ZN,vendor1955@vendormail.test,9763770596,"30 Industrial Estate, Tamil Nadu",
Apex IT Services,18BUCLX8303F1ZW,vendor1956@vendormail.test,9497439132,"330 Industrial Estate, Assam",
CloudNet Packaging,07SAPXI5799K7Z8,vendor1957@vendormail.test,9404081957,"291 Industrial Estate, Delhi",
Falcon Freight,07FYUWO6038X7ZV,vendor1958@vendormail.test,9171092447,"585 Industrial Estate, Delhi",
Metro Security Services,,vendor1959@vendormail.test,9314566119,"811 Industrial Estate, Gujarat",
Orbit Print Works,03FDUKU5172V5ZC,vendor1960@vendormail.test,9316194074,"375 Market Road, Punjab",
Bluepeak Textiles,10YDMMW4185G5ZO,vendor1961@vendormail.test,9906317492,"726 Market Road, Bihar",
BlueWave Consultants,,vendor1962@vendormail.test,9995771798,"939 Commercial Complex, Tamil Nadu",
Nimbus Engineering,05VCWEU1276N4ZK,vendor1963@vendormail.test,9335945805,"69 Market Road, Uttarakhand",
Anchor Distributors,30RCCUA1995E4Z8,vendor1964@vendormail.test,9698191196,"247 Commercial Complex, Goa",
Pioneer Office Supplies,,vendor1965@vendormail.test,9927162323,"692 Industrial Estate, Jammu and Kashmir",
Emerald Logistics,,vendor1966@vendormail.test,9582895414,"623 Commercial Complex, Assam",
CloudNet Hosting,,vendor1967@vendormail.test,9432440103,"277 Market Road, Jharkhand",
Everest Stationery,,vendor1968@vendormail.test,9803821312,"698 Industrial Estate, Karnataka",
Fusion Advertising,37LEKPO7424F5ZB,vendor1969@vendormail.test,9812494495,"161 Industrial Estate, Andhra Pradesh",
Zenith Electricals,,vendor1970@vendormail.test,9254501771,"59 Industrial Estate, Karnataka",
Everest IT Services,18QGABQ4133T6Z4,vendor1971@vendormail.test,9248648570,"534 Commercial Complex, Assam",
Northstar Packaging,11GYUWC7274W8ZO,vendor1972@vendormail.test,9336415270,"219 Market Road, Sikkim",
Apex Freight,11VYHRW5914S7ZZ,vendor1973@vendormail.test,9659564102,"631 Market Road, Sikkim",
Ironclad Security Services,24JIIEB2833U6ZT,vendor1974@vendormail.test,9425061214,"793 Commercial Complex, Gujarat",
Orbit Print Works,,vendor1975@vendormail.test,9738483130,"145 Industrial Estate, Chhattisgarh",
Delta Textiles,18CSRWM4092V3ZK,vendor1976@vendormail.test,9210250325,"740 Market Road, Assam",
Delta Consultants,29PDUTQ9677H2ZB,vendor1977@vendormail.test,9324200963,"181 Industrial Estate, Karnataka",
Ironclad Engineering,36BQDTB3460Y8ZL,vendor1978@vendormail.test,9739348055,"350 Commercial Complex, Telangana",
Reliable Distributors,,vendor1979@vendormail.test,9267247723,"442 Industrial Estate, Chandigarh",
Delta Office Supplies,02MPUYT4405W1ZL,vendor1980@vendormail.test,9270038592,"358 Industrial Estate, Himachal Pradesh",
Delta Logistics,20VQEXM7846F2ZN,vendor1981@vendormail.test,9329870998,"311 Commercial Complex, Jharkhand",
Pioneer Hosting,,vendor1982@vendormail.test,9703139321,"182 Market Road, Assam",
Northstar Stationery,,vendor1983@vendormail.test,9476300867,"408 Industrial Estate, West Bengal",
Everest Advertising,06PSVAX5979J2ZT,vendor1984@vendormail.test,9635214874,"374 Industrial Estate, Haryana",
Redwood Electricals,07TTXZE7839J9ZW,vendor1985@vendormail.test,9683468702,"439 Commercial Complex, Delhi",
Vertex IT Services,27JRRMA2926R7ZX,vendor1986@vendormail.test,9992970736,"54 Commercial Complex, Maharashtra",
Delta Packaging,37PYWBJ1085K3ZV,vendor1987@vendormail.test,9543273027,"516 Commercial Complex, Andhra Pradesh",
Sunrise Freight,06LJPQB9936B5ZZ,vendor1988@vendormail.test,9537262071,"860 Industrial Estate, Haryana",
Ironclad Security Services,,vendor1989@vendormail.test,9336622695,"520 Market Road, West Bengal",
Emerald Print Works,,vendor1990@vendormail.test,9641735774,"381 Industrial Estate, Haryana",
Ironclad Textiles,20DMAUQ1452U3ZL,vendor1991@vendormail.test,9459306088,"179 Industrial Estate, Jharkhand",
Apex Consultants,,vendor1992@vendormail.test,9702452471,"13 Industrial Estate, Rajasthan",
Pioneer Engineering,,vendor1993@vendormail.test,9402481013,"272 Market Road, Telangana",
Falcon Distributors,05XJISX5811Q8ZQ,vendor1994@vendormail.test,9733627308,"874 Commercial Complex, Uttarakhand",
Silverline Office Supplies,32CRYHT4938X9ZU,vendor1995@vendormail.test,9340092992,"920 Market Road, Kerala",
Titan Logistics,23WHPVR2090N6ZO,vendor1996@vendormail.test,9473852837,"945 Market Road, Madhya Pradesh",
Silverline Hosting,,vendor1997@vendormail.test,9253709122,"137 Market Road, Sikkim",
Ironclad Stationery,32IDASB2471P5Z3,vendor1998@vendormail.test,9367821282,"785 Industrial Estate, Kerala",
Nimbus Advertising,29LFWOP2577B6ZA,vendor1999@vendormail.test,9402616871,"689 Commercial Complex, Karnataka",
Northstar Electricals 2000,,vendor2000@vendormail.test,9209511802,"634 Market Road, Goa",
Delta IT Services 2001,,vendor2001@vendormail.test,9166138474,"29 Market Road, Uttar Pradesh",
Fusion Packaging 2002,,vendor2002@vendormail.test,9933805990,"533 Industrial Estate, Assam",
Prime Freight 2003,,vendor2003@vendormail.test,9483982030,"615 Market Road, Bihar",
Prime Security Services 2004,01SERXV9416F9Z0,vendor2004@vendormail.test,9444174852,"278 Market Road, Jammu and Kashmir",
BlueWave Print Works 2005,,vendor2005@vendormail.test,9575604142,"179 Commercial Complex, Gujarat",
Reliable Textiles 2006,18IIXPO8503L8Z3,vendor2006@vendormail.test,9102391519,"857 Commercial Complex, Assam",
Falcon Consultants 2007,,vendor2007@vendormail.test,9805844077,"925 Industrial Estate, West Bengal",
Titan Engineering 2008,,vendor2008@vendormail.test,9819860269,"434 Market Road, Punjab",
Prime Distributors 2009,37JCVGW4358M6ZX,vendor2009@vendormail.test,9731325277,"850 Commercial Complex, Andhra Pradesh",
Orbit Office Supplies 2010,,vendor2010@vendormail.test,9597166222,"755 Industrial Estate, Chhattisgarh",
Ironclad Logistics 2011,29WXKVC7137M5ZB,vendor2011@vendormail.test,9567036771,"908 Industrial Estate, Karnataka",
Titan Hosting 2012,06MDASJ2260V3ZB,vendor2012@vendormail.test,9769918366,"782 Commercial Complex, Haryana",
Fusion Stationery 2013,,vendor2013@vendormail.test,9935004869,"393 Market Road, Tamil Nadu",
Nimbus Advertising 2014,37MSPWO7932G4Z4,vendor2014@vendormail.test,9484963113,"581 Market Road, Andhra Pradesh",
Ironclad Electricals 2015,,vendor2015@vendormail.test,9843791166,"88 Industrial Estate, Maharashtra",
Bluepeak IT Services 2016,22XNWCN2432D4ZO,vendor2016@vendormail.test,9955097847,"485 Market Road, Chhattisgarh",
Reliable Packaging 2017,,vendor2017@vendormail.test,9323835460,"207 Industrial Estate, Haryana",
Prime Freight 2018,09CXAMT2610E8Z6,vendor2018@vendormail.test,9620936747,"791 Market Road, Uttar Pradesh",
Horizon Security Services 2019,36NTQBN2123G3ZL,vendor2019@vendormail.test,9890662888,"52 Market Road, Telangana",
Golden Harvest Print Works 2020,02HNRSW2838T8Z6,vendor2020@vendormail.test,9933554216,"898 Market Road, Himachal Pradesh",
Nimbus Textiles 2021,09PMUAH3313V6ZB,vendor2021@vendormail.test,9115955433,"721 Market Road, Uttar Pradesh",
Apex Consultants 2022,06DTMSO4656U2ZP,vendor2022@vendormail.test,9630884087,"505 Market Road, Haryana",
Prime Engineering 2023,02FXBIR3794K2Z5,vendor2023@vendormail.test,9339692546,"229 Industrial Estate, Himachal Pradesh",
Anchor Distributors 2024,04GNTBQ6483E8Z0,vendor2024@vendormail.test,9693817385,"377 Commercial Complex, Chandigarh",
Greenfield Office Supplies 2025,03KLQKB3243D3ZR,vendor2025@vendormail.test,9110584605,"469 Market Road, Punjab",
Greenfield Logistics 2026,36QIVKV3095D4ZV,vendor2026@vendormail.test,9147059198,"649 Industrial Estate, Telangana",
Nimbus Hosting 2027,09YJXZW6344A3ZF,vendor2027@vendormail.test,9986113192,"540 Commercial Complex, Uttar Pradesh",
Zenith Stationery 2028,,vendor2028@vendormail.test,9375497257,"365 Commercial Complex, Maharashtra",
Crestline Advertising 2029,,vendor2029@vendormail.test,9398506301,"753 Market Road, Maharashtra",
Delta Electricals 2030,10MDXBM6023E2Z2,vendor2030@vendormail.test,9998328281,"370 Commercial Complex, Bihar",
CloudNet IT Services 2031,27AGJCH5236J7ZX,vendor2031@vendormail.test,9620754781,"317 Market Road, Maharashtra",
Everest Packaging 2032,,vendor2032@vendormail.test,9441666080,"164 Commercial Complex, Telangana",
Golden Harvest Freight 2033,,vendor2033@vendormail.test,9911971088,"524 Market Road, Madhya Pradesh",
Crestline Security Services 2034,,vendor2034@vendormail.test,9506847931,"326 Industrial Estate, Bihar",
Meridian Print Works 2035,08XGZMO3543C4ZG,vendor2035@vendormail.test,9340313916,"796 Commercial Complex, Rajasthan",
Ironclad Textiles 2036,,vendor2036@vendormail.test,9465322300,"267 Market Road, Chhattisgarh",
CloudNet Consultants 2037,,vendor2037@vendormail.test,9620650669,"496 Industrial Estate, Chhattisgarh",
Bluepeak Engineering 2038,,vendor2038@vendormail.test,9892220215,"125 Commercial Complex, Odisha",
Prime Distributors 2039,,vendor2039@vendormail.test,9376365742,"119 Industrial Estate, Haryana",
Reliable Office Supplies 2040,,vendor2040@vendormail.test,9869420031,"209 Market Road, Jammu and Kashmir",
Crestline Logistics 2041,37CHDFW8459E1Z2,vendor2041@vendormail.test,9419462027,"936 Industrial Estate, Andhra Pradesh",
Northstar Hosting 2042,07VBRWG4845T9Z9,vendor2042@vendormail.test,9625658670,"961 Commercial Complex, Delhi",
Metro Stationery 2043,18EZNXE8537L6Z8,vendor2043@vendormail.test,9943260481,"805 Industrial Estate, Assam",
Horizon Advertising 2044,,vendor2044@vendormail.test,9194069769,"541 Market Road, Haryana",
Prime Electricals 2045,,vendor2045@vendormail.test,9922350219,"379 Industrial Estate, Andhra Pradesh",
Bluepeak IT Services 2046,23JNSPZ2529Q2ZG,vendor2046@vendormail.test,9957928412,"978 Market Road, Madhya Pradesh",
Northstar Packaging 2047,24DVSGD1033N5ZM,vendor2047@vendormail.test,9315257559,"674 Market Road, Gujarat",
Bluepeak Freight 2048,,vendor2048@vendormail.test,9464430132,"193 Commercial Complex, Sikkim",
Metro Security Services 2049,27RSTLQ5430B4ZL,vendor2049@vendormail.test,9412502475,"152 Commercial Complex, Maharashtra",
Redwood Print Works 2050,30ZVAAQ8529H2ZY,vendor2050@vendormail.test,9306926553,"227 Industrial Estate, Goa",
Skyline Textiles 2051,,vendor2051@vendormail.test,9806156451,"529 Market Road, Jammu and Kashmir",
Emerald Consultants 2052,,vendor2052@vendormail.test,9283295265,"314 Commercial Complex, Andhra Pradesh",
Vertex Engineering 2053,27TXDDX3736L8Z8,vendor2053@vendormail.test,9731415413,"443 Market Road, Maharashtra",
Everest Distributors 2054,10WONVE3667I5ZX,vendor2054@vendormail.test,9289496098,"39 Commercial Complex, Bihar",
Greenfield Office Supplies 2055,30VJVOC8594P9ZW,vendor2055@vendormail.test,9214612416,"437 Commercial Complex, Goa",
Fusion Logistics 2056,,vendor2056@vendormail.test,9214443146,"901 Market Road, Himachal Pradesh",
BlueWave Hosting 2057,09HADLB3071H2ZY,vendor2057@vendormail.test,9247763756,"348 Commercial Complex, Uttar Pradesh",
Fusion Stationery 2058,02AKKNM6115H8ZP,vendor2058@vendormail.test,9689152035,"277 Commercial Complex, Himachal Pradesh",
Silverline Advertising 2059,,vendor2059@vendormail.test,9900030721,"710 Market Road, Punjab",
Prime Electricals 2060,,vendor2060@vendormail.test,9640006153,"77 Commercial Complex, Assam",
CloudNet IT Services 2061,,vendor2061@vendormail.test,9215056828,"179 Market Road, Haryana",
Emerald Packaging 2062,06EFWZI2854C3Z7,vendor2062@vendormail.test,9133592766,"762 Industrial Estate, Haryana",
Redwood Freight 2063,,vendor2063@vendormail.test,9265604305,"390 Industrial Estate, Himachal Pradesh",
CloudNet Security Services 2064,18AUROY6741F3ZK,vendor2064@vendormail.test,9450048811,"289 Commercial Complex, Assam",
Reliable Print Works 2065,,vendor2065@vendormail.test,9855769148,"689 Commercial Complex, Andhra Pradesh",
Vertex Textiles 2066,03LCJXY1877G7ZV,vendor2066@vendormail.test,9341921116,"364 Market Road, Punjab",
Anchor Consultants 2067,,vendor2067@vendormail.test,9270248417,"854 Industrial Estate, Bihar",
Delta Engineering 2068,09LLJVE8894M2Z5,vendor2068@vendormail.test,9426559287,"660 Commercial Complex, Uttar Pradesh",
Pioneer Distributors 2069,18ZIEDS3796W1ZX,vendor2069@vendormail.test,9741423035,"801 Commercial Complex, Assam",
Prime Office Supplies 2070,,vendor2070@vendormail.test,9493226687,"296 Market Road, Uttarakhand",
Delta Logistics 2071,19HMQYR7523B4ZS,vendor2071@vendormail.test,9906092318,"823 Market Road, West Bengal",
Northstar Hosting 2072,08BLDJI7070F2ZG,vendor2072@vendormail.test,9929185574,"760 Market Road, Rajasthan",
Bluepeak Stationery 2073,,vendor2073@vendormail.test,9400603907,"832 Industrial Estate, Sikkim",
Prime Advertising 2074,18ATFQP1996W9Z0,vendor2074@vendormail.test,9999517993,"562 Industrial Estate, Assam",
Zenith Electricals 2075,,vendor2075@vendormail.test,9463356946,"540 Market Road, Rajasthan",
Bluepeak IT Services 2076,18ZQYLI8345L8Z4,vendor2076@vendormail.test,9379109789,"137 Commercial Complex, Assam",
Bluepeak Packaging 2077,06QQBTH7301Q3Z4,vendor2077@vendormail.test,9450701772,"414 Market Road, Haryana",
Prime Freight 2078,22XNBSX9560U7Z4,vendor2078@vendormail.test,9294682572,"782 Commercial Complex, Chhattisgarh",
CloudNet Security Services 2079,23CNOKL5285L2ZG,vendor2079@vendormail.test,9746874918,"925 Industrial Estate, Madhya Pradesh",
Crestline Print Works 2080,,vendor2080@vendormail.test,9962708904,"291 Commercial Complex, Haryana",
Vertex Textiles 2081,33QQEIF2728A1ZJ,vendor2081@vendormail.test,9881884980,"816 Market Road, Tamil Nadu",
Emerald Consultants 2082,29QEBTW6748O1ZX,vendor2082@vendormail.test,9318946550,"835 Industrial Estate, Karnataka",
BlueWave Engineering 2083,08JFQBI7674I2Z4,vendor2083@vendormail.test,9269344613,"728 Market Road, Rajasthan",
Falcon Distributors 2084,,vendor2084@vendormail.test,9176215324,"674 Industrial Estate, Bihar",
Metro Office Supplies 2085,11NAOSD9590S5ZC,vendor2085@vendormail.test,9176069999,"984 Industrial Estate, Sikkim",
Delta Logistics 2086,07XTYMQ2660Q5Z0,vendor2086@vendormail.test,9994967818,"470 Market Road, Delhi",
BlueWave Hosting 2087,22UGFQZ3346O6ZK,vendor2087@vendormail.test,9626496833,"317 Commercial Complex, Chhattisgarh",
Anchor Stationery 2088,02AKPQL5785B1Z3,vendor2088@vendormail.test,9159105521,"65 Market Road, Himachal Pradesh",
Metro Advertising 2089,30RUJWO7191D1Z7,vendor2089@vendormail.test,9463711068,"806 Industrial Estate, Goa",
Emerald Electricals 2090,01MVCXT3169X2ZK,vendor2090@vendormail.test,9854019495,"406 Market Road, Jammu and Kashmir",
Falcon IT Services 2091,29BCTDZ2255Y9ZE,vendor2091@vendormail.test,9888060453,"388 Market Road, Karnataka",
Metro Packaging 2092,,vendor2092@vendormail.test,9731383924,"115 Industrial Estate, Telangana",
Emerald Freight 2093,21LNMBV2800J5ZF,vendor2093@vendormail.test,9187577735,"811 Commercial Complex, Odisha",
CloudNet Security Services 2094,,vendor2094@vendormail.test,9260867347,"762 Industrial Estate, Gujarat",
Fusion Print Works 2095,19GDZPI7326D7Z2,vendor2095@vendormail.test,9256609384,"112 Industrial Estate, West Bengal",
Meridian Textiles 2096,,vendor2096@vendormail.test,9940488602,"160 Commercial Complex, Jammu and Kashmir",
Prime Consultants 2097,,vendor2097@vendormail.test,9519269442,"324 Commercial Complex, Karnataka",
BlueWave Engineering 2098,,vendor2098@vendormail.test,9395724342,"946 Market Road, Tamil Nadu",
Apex Distributors 2099,,vendor2099@vendormail.test,9656472462,"680 Industrial Estate, Punjab",
Anchor Office Supplies 2100,09QBSYQ6385A3ZS,vendor2100@vendormail.test,9252096471,"992 Commercial Complex, Uttar Pradesh",
Silverline Logistics 2101,,vendor2101@vendormail.test,9331143904,"251 Commercial Complex, Jharkhand",
Apex Hosting 2102,32MINMD4183E1ZJ,vendor2102@vendormail.test,9117859058,"411 Industrial Estate, Kerala",
Ironclad Stationery 2103,30DGUKL8573I5Z7,vendor2103@vendormail.test,9279546565,"183 Market Road, Goa",
Bluepeak Advertising 2104,01MFBXX8084H1ZY,vendor2104@vendormail.test,9548199695,"401 Commercial Complex, Jammu and Kashmir",
Redwood Electricals 2105,,vendor2105@vendormail.test,9709518842,"388 Industrial Estate, Haryana",
Silverline IT Services 2106,33PLQVP1680I8ZH,vendor2106@vendormail.test,9545632248,"305 Market Road, Tamil Nadu",
Reliable Packaging 2107,,vendor2107@vendormail.test,9784993653,"515 Commercial Complex, Sikkim",
Bluepeak Freight 2108,20IMYGV8376D6ZM,vendor2108@vendormail.test,9373446095,"172 Commercial Complex, Jharkhand",
Zenith Security Services 2109,,vendor2109@vendormail.test,9782483375,"863 Industrial Estate, Delhi",
Zenith Print Works 2110,,vendor2110@vendormail.test,9926516119,"221 Industrial Estate, Odisha",
Anchor Textiles 2111,,vendor2111@vendormail.test,9965246605,"480 Commercial Complex, Haryana",
Horizon Consultants 2112,,vendor2112@vendormail.test,9911946864,"752 Market Road, Uttar Pradesh",
Silverline Engineering 2113,22WTUHL6002K5ZD,vendor2113@vendormail.test,9303049671,"914 Market Road, Chhattisgarh",
Sunrise Distributors 2114,,vendor2114@vendormail.test,9790631221,"103 Commercial Complex, Uttarakhand",
CloudNet Office Supplies 2115,11TXOJX3821G3ZP,vendor2115@vendormail.test,9428197216,"809 Commercial Complex, Sikkim",
Bluepeak Logistics 2116,18KNEDT7805L8ZX,vendor2116@vendormail.test,9425629437,"620 Market Road, Assam",
Golden Harvest Hosting 2117,,vendor2117@vendormail.test,9851447273,"630 Market Road, Rajasthan",
Sunrise Stationery 2118,08VMKUC6987V8Z4,vendor2118@vendormail.test,9108621091,"102 Commercial Complex, Rajasthan",
Meridian Advertising 2119,03JUCJD2132L4ZR,vendor2119@vendormail.test,9272290479,"562 Industrial Estate, Punjab",
Nimbus Electricals 2120,21WXIOB4309T8ZX,vendor2120@vendormail.test,9124352508,"378 Commercial Complex, Odisha",
Falcon IT Services 2121,,vendor2121@vendormail.test,9943496037,"778 Industrial Estate, Andhra Pradesh",
Nimbus Packaging 2122,,vendor2122@vendormail.test,9169099761,"40 Market Road, Assam",
Northstar Freight 2123,03BQWHA3279O8ZO,vendor2123@vendormail.test,9248526698,"769 Industrial Estate, Punjab",
Crestline Security Services 2124,19ODQQO9620F7ZM,vendor2124@vendormail.test,9277125742,"893 Commercial Complex, West Bengal",
Emerald Print Works 2125,36FQCGT8516K4Z6,vendor2125@vendormail.test,9610820506,"81 Commercial Complex, Telangana",
Nimbus Textiles 2126,06LXDFU5215X7ZH,vendor2126@vendormail.test,9402030294,"964 Industrial Estate, Haryana",
Zenith Consultants 2127,,vendor2127@vendormail.test,9643591376,"894 Market Road, Telangana",
Everest Engineering 2128,10SDOPI6089B6Z8,vendor2128@vendormail.test,9405357272,"673 Commercial Complex, Bihar",
Prime Distributors 2129,27HWDNP3653U5ZV,vendor2129@vendormail.test,9977077282,"622 Commercial Complex, Maharashtra",
Anchor Office Supplies 2130,27OEUIR1432X5ZJ,vendor2130@vendormail.test,9231124542,"22 Industrial Estate, Maharashtra",
Nimbus Logistics 2131,27PDTVL6271Z5ZX,vendor2131@vendormail.test,9324135810,"580 Market Road, Maharashtra",
Falcon Hosting 2132,,vendor2132@vendormail.test,9471938084,"451 Market Road, Telangana",
Northstar Stationery 2133,19YZLEU4881S6ZP,vendor2133@vendormail.test,9884885634,"856 Industrial Estate, West Bengal",
BlueWave Advertising 2134,,vendor2134@vendormail.test,9237278625,"671 Commercial Complex, Goa",
Bluepeak Electricals 2135,07PWEQK4377O8ZN,vendor2135@vendormail.test,9213291429,"180 Commercial Complex, Delhi",
Apex IT Services 2136,23SMAFC2916C8ZW,vendor2136@vendormail.test,9230912473,"503 Industrial Estate, Madhya Pradesh",
Crestline Packaging 2137,24FDHOE6519C6Z1,vendor2137@vendormail.test,9721850349,"317 Commercial Complex, Gujarat",
CloudNet Freight 2138,24MLBIR4534L9ZF,vendor2138@vendormail.test,9160565479,"936 Commercial Complex, Gujarat",
Emerald Security Services 2139,,vendor2139@vendormail.test,9928143652,"795 Industrial Estate, Gujarat",
Reliable Print Works 2140,36XFLHR4311D7ZF,vendor2140@vendormail.test,9923822907,"158 Industrial Estate, Telangana",
Silverline Textiles 2141,05YKNSM5804E8Z4,vendor2141@vendormail.test,9454887069,"106 Commercial Complex, Uttarakhand",
CloudNet Consultants 2142,21UBPWT6795B7ZY,vendor2142@vendormail.test,9761379507,"608 Industrial Estate, Odisha",
Crestline Engineering 2143,,vendor2143@vendormail.test,9886857498,"560 Commercial Complex, Uttarakhand",
Titan Distributors 2144,,vendor2144@vendormail.test,9453937657,"579 Commercial Complex, Madhya Pradesh",
Skyline Office Supplies 2145,10VGCXC7250Y9ZU,vendor2145@vendormail.test,9435196371,"988 Industrial Estate, Bihar",
Apex Logistics 2146,05CBSRA5022Y7ZP,vendor2146@vendormail.test,9282301375,"237 Market Road, Uttarakhand",
Fusion Hosting 2147,,vendor2147@vendormail.test,9449328627,"888 Industrial Estate, Gujarat",
Golden Harvest Stationery 2148,03LJCSB8212X4Z6,vendor2148@vendormail.test,9570066102,"81 Market Road, Punjab",
Crestline Advertising 2149,10RYIWA8605U5ZV,vendor2149@vendormail.test,9974964319,"692 Commercial Complex, Bihar",
Bluepeak Electricals 2150,10DXXVT6674D9ZN,vendor2150@vendormail.test,9204251199,"412 Industrial Estate, Bihar",
Metro IT Services 2151,,vendor2151@vendormail.test,9338038940,"880 Industrial Estate, Assam",
Ironclad Packaging 2152,02ITMNJ1913O1ZL,vendor2152@vendormail.test,9988296163,"929 Commercial Complex, Himachal Pradesh",
Sunrise Freight 2153,19LBKQJ9447L3Z1,vendor2153@vendormail.test,9187916021,"972 Industrial Estate, West Bengal",
Horizon Security Services 2154,20JWTDT5172P5ZG,vendor2154@vendormail.test,9796331622,"727 Commercial Complex, Jharkhand",
Everest Print Works 2155,09ATGON9434G6ZY,vendor2155@vendormail.test,9153777399,"8 Industrial Estate, Uttar Pradesh",
Meridian Textiles 2156,32RANCQ9702R2ZN,vendor2156@vendormail.test,9863349269,"694 Market Road, Kerala",
Silverline Consultants 2157,,vendor2157@vendormail.test,9187213202,"580 Industrial Estate, Chhattisgarh",
Zenith Engineering 2158,08OWYNW3106D7ZV,vendor2158@vendormail.test,9102928691,"100 Market Road, Rajasthan",
Everest Distributors 2159,18LTCAN8201V6ZI,vendor2159@vendormail.test,9235442471,"422 Industrial Estate, Assam",
Skyline Office Supplies 2160,03IRPEC7614N6ZF,vendor2160@vendormail.test,9623441397,"971 Commercial Complex, Punjab",
Metro Logistics 2161,03VTLHG4920K3Z5,vendor2161@vendormail.test,9826243822,"973 Commercial Complex, Punjab",
Emerald Hosting 2162,18IGMRB9497E6Z1,vendor2162@vendormail.test,9909015983,"899 Commercial Complex, Assam",
Silverline Stationery 2163,,vendor2163@vendormail.test,9511643414,"220 Market Road, Chandigarh",
Nimbus Advertising 2164,22CINFE2523X4ZS,vendor2164@vendormail.test,9230442293,"240 Commercial Complex, Chhattisgarh",
Sunrise Electricals 2165,10KSIPV9274O6Z2,vendor2165@vendormail.test,9423757230,"662 Market Road, Bihar",
Skyline IT Services 2166,11HGDNX9002G9ZL,vendor2166@vendormail.test,9213529140,"777 Industrial Estate, Sikkim",
Meridian Packaging 2167,11NYYHB6756B4ZE,vendor2167@vendormail.test,9465546391,"68 Industrial Estate, Sikkim",
Skyline Freight 2168,,vendor2168@vendormail.test,9500952886,"56 Market Road, West Bengal",
Ironclad Security Services 2169,,vendor2169@vendormail.test,9844435313,"429 Market Road, Sikkim",
Pioneer Print Works 2170,,vendor2170@vendormail.test,9900032892,"225 Market Road, Tamil Nadu",
Vertex Textiles 2171,,vendor2171@vendormail.test,9614665184,"906 Commercial Complex, Bihar",
Everest Consultants 2172,03ETQNS5078I2ZB,vendor2172@vendormail.test,9555194440,"378 Commercial Complex, Punjab",
Falcon Engineering 2173,,vendor2173@vendormail.test,9884190032,"743 Market Road, Karnataka",
Delta Distributors 2174,19JTYUW9172U1ZP,vendor2174@vendormail.test,9751637042,"239 Industrial Estate, West Bengal",
Greenfield Office Supplies 2175,32MGWAT5127G8ZH,vendor2175@vendormail.test,9904605137,"791 Industrial Estate, Kerala",
Zenith Logistics 2176,33BARXA5022K9ZL,vendor2176@vendormail.test,9612555401,"754 Market Road, Tamil Nadu",
Nimbus Hosting 2177,,vendor2177@vendormail.test,9312705378,"704 Market Road, Chhattisgarh",
Anchor Stationery 2178,02FRLKX6892D9ZR,vendor2178@vendormail.test,9609909044,"521 Market Road, Himachal Pradesh",
Vertex Advertising 2179,,vendor2179@vendormail.test,9768073823,"479 Market Road, Goa",
Orbit Electricals 2180,10JNSMT6824O8ZF,vendor2180@vendormail.test,9206250618,"300 Market Road, Bihar",
Everest IT Services 2181,29VKQPY3898Z4ZW,vendor2181@vendormail.test,9203545166,"22 Market Road, Karnataka",
Titan Packaging 2182,,vendor2182@vendormail.test,9938829846,"754 Industrial Estate, Telangana",
Golden Harvest Freight 2183,,vendor2183@vendormail.test,9654851180,"986 Commercial Complex, Kerala",
Greenfield Security Services 2184,20ORPND1342H3ZY,vendor2184@vendormail.test,9970000728,"339 Industrial Estate, Jharkhand",
Silverline Print Works 2185,02WXGCT1644X8Z0,vendor2185@vendormail.test,9501492075,"865 Industrial Estate, Himachal Pradesh",
Emerald Textiles 2186,11EOPMB7841W2ZB,vendor2186@vendormail.test,9679758598,"277 Market Road, Sikkim",
Crestline Consultants 2187,37SMHIN7949R8ZZ,vendor2187@vendormail.test,9175011403,"147 Market Road, Andhra Pradesh",
Redwood Engineering 2188,20MDYYF5915U6ZZ,vendor2188@vendormail.test,9905970106,"70 Commercial Complex, Jharkhand",
Bluepeak Distributors 2189,04IFRNE5983R6ZP,vendor2189@vendormail.test,9171282250,"183 Industrial Estate, Chandigarh",
BlueWave Office Supplies 2190,11PBBUW5582D8ZC,vendor2190@vendormail.test,9330774128,"415 Market Road, Sikkim",
Prime Logistics 2191,08USFFV3442J2ZS,vendor2191@vendormail.test,9772460351,"451 Industrial Estate, Rajasthan",
Emerald Hosting 2192,22WKVTU8684T5ZJ,vendor2192@vendormail.test,9789117713,"625 Industrial Estate, Chhattisgarh",
Nimbus Stationery 2193,04MMGTC6581C8ZV,vendor2193@vendormail.test,9121244747,"750 Commercial Complex, Chandigarh",
Crestline Advertising 2194,08CDRRS5496S7ZF,vendor2194@vendormail.test,9768207934,"922 Commercial Complex, Rajasthan",
Ironclad Electricals 2195,,vendor2195@vendormail.test,9442509129,"95 Market Road, Goa",
Greenfield IT Services 2196,22CJBLY9704W7Z6,vendor2196@vendormail.test,9568017408,"167 Industrial Estate, Chhattisgarh",
Delta Packaging 2197,33TMRZD2078S4ZF,vendor2197@vendormail.test,9628983491,"389 Market Road, Tamil Nadu",
Bluepeak Freight 2198,32WZQAE8185S7ZK,vendor2198@vendormail.test,9890874986,"284 Commercial Complex, Kerala",
Reliable Security Services 2199,23ZHFSA9930P9ZC,vendor2199@vendormail.test,9551019274,"802 Commercial Complex, Madhya Pradesh",
Horizon Print Works 2200,,vendor2200@vendormail.test,9994957896,"578 Commercial Complex, Sikkim",
Bluepeak Textiles 2201,32TOOTV9375P5ZM,vendor2201@vendormail.test,9850306257,"183 Industrial Estate, Kerala",
Metro Consultants 2202,,vendor2202@vendormail.test,9279169984,"388 Market Road, Uttarakhand",
Titan Engineering 2203,,vendor2203@vendormail.test,9605526683,"27 Market Road, Madhya Pradesh",
Crestline Distributors 2204,18JZUNU5701K8ZY,vendor2204@vendormail.test,9448211706,"220 Industrial Estate, Assam",
Pioneer Office Supplies 2205,36YHANF3459F6Z3,vendor2205@vendormail.test,9497973553,"20 Commercial Complex, Telangana",
Everest Logistics 2206,20KTRJT5607K6Z2,vendor2206@vendormail.test,9349552919,"101 Commercial Complex, Jharkhand",
Redwood Hosting 2207,32YKDRM8020A4Z9,vendor2207@vendormail.test,9263445894,"825 Market Road, Kerala",
Zenith Stationery 2208,03BDIUS8021I2Z3,vendor2208@vendormail.test,9803561408,"602 Industrial Estate, Punjab",
Northstar Advertising 2209,,vendor2209@vendormail.test,9757783836,"490 Market Road, West Bengal",
CloudNet Electricals 2210,,vendor2210@vendormail.test,9939053963,"808 Market Road, Andhra Pradesh",
CloudNet IT Services 2211,,vendor2211@vendormail.test,9922271870,"208 Industrial Estate, Karnataka",
Zenith Packaging 2212,07NVOFS7529Q9ZJ,vendor2212@vendormail.test,9470975528,"526 Industrial Estate, Delhi",
Delta Freight 2213,36LOXJE3327H6ZC,vendor2213@vendormail.test,9627373961,"828 Market Road, Telangana",
Northstar Security Services 2214,,vendor2214@vendormail.test,9761097709,"242 Commercial Complex, Goa",
Orbit Print Works 2215,,vendor2215@vendormail.test,9886789443,"647 Commercial Complex, Rajasthan",
Golden Harvest Textiles 2216,29NJNYP1499V4ZN,vendor2216@vendormail.test,9410650016,"181 Market Road, Karnataka",
Anchor Consultants 2217,,vendor2217@vendormail.test,9878139872,"360 Industrial Estate, Karnataka",
Orbit Engineering 2218,05ZERLN1926O7Z2,vendor2218@vendormail.test,9590601133,"759 Commercial Complex, Uttarakhand",
Emerald Distributors 2219,,vendor2219@vendormail.test,9575820553,"687 Market Road, Jharkhand",
CloudNet Office Supplies 2220,,vendor2220@vendormail.test,9180784074,"546 Industrial Estate, Chhattisgarh",
Northstar Logistics 2221,30OGLYO4730G1ZX,vendor2221@vendormail.test,9331426409,"709 Commercial Complex, Goa",
Prime Hosting 2222,20EGKBG3480I9Z4,vendor2222@vendormail.test,9634828395,"193 Commercial Complex, Jharkhand",
Fusion Stationery 2223,24HPPVT2328G3ZT,vendor2223@vendormail.test,9123019201,"410 Industrial Estate, Gujarat",
Fusion Advertising 2224,,vendor2224@vendormail.test,9383906650,"479 Commercial Complex, Haryana",
Titan Electricals 2225,24JTVRN1565A8ZI,vendor2225@vendormail.test,9693517472,"952 Market Road, Gujarat",
Ironclad IT Services 2226,08NSJUU1442S9Z1,vendor2226@vendormail.test,9565670860,"921 Market Road, Rajasthan",
Anchor Packaging 2227,,vendor2227@vendormail.test,9941951594,"715 Commercial Complex, Haryana",
Silverline Freight 2228,,vendor2228@vendormail.test,9840974552,"17 Commercial Complex, Sikkim",
Everest Security Services 2229,,vendor2229@vendormail.test,9130820065,"318 Market Road, Karnataka",
Redwood Print Works 2230,08IPJFH6268H7ZS,vendor2230@vendormail.test,9764240510,"579 Commercial Complex, Rajasthan",
Nimbus Textiles 2231,,vendor2231@vendormail.test,9636300594,"739 Market Road, Chhattisgarh",
Northstar Consultants 2232,,vendor2232@vendormail.test,9252922023,"154 Industrial Estate, Odisha",
Golden Harvest Engineering 2233,,vendor2233@vendormail.test,9506800483,"748 Market Road, Bihar",
Everest Distributors 2234,,vendor2234@vendormail.test,9359801423,"243 Industrial Estate, Sikkim",
Sunrise Office Supplies 2235,01DUTWM7872Z8Z1,vendor2235@vendormail.test,9844955224,"577 Industrial Estate, Jammu and Kashmir",
Titan Logistics 2236,02XCJWJ1160D7Z7,vendor2236@vendormail.test,9175562071,"159 Industrial Estate, Himachal Pradesh",
Vertex Hosting 2237,01BKWXR6701L9ZW,vendor2237@vendormail.test,9710292932,"225 Market Road, Jammu and Kashmir",
Meridian Stationery 2238,,vendor2238@vendormail.test,9377414330,"263 Commercial Complex, Uttarakhand",
Fusion Advertising 2239,,vendor2239@vendormail.test,9296212757,"218 Industrial Estate, Sikkim",
Golden Harvest Electricals 2240,36ZZITE7121U2Z2,vendor2240@vendormail.test,9531672536,"578 Market Road, Telangana",
Metro IT Services 2241,02GCLIX8890A6Z1,vendor2241@vendormail.test,9741815507,"379 Market Road, Himachal Pradesh",
Everest Packaging 2242,20VFXQB3296Q8ZS,vendor2242@vendormail.test,9144062206,"722 Market Road, Jharkhand",
Silverline Freight 2243,21VZRPP9689E2ZR,vendor2243@vendormail.test,9437122658,"136 Market Road, Odisha",
Delta Security Services 2244,,vendor2244@vendormail.test,9725998030,"617 Market Road, Madhya Pradesh",
Meridian Print Works 2245,05NZGUE5700B6ZJ,vendor2245@vendormail.test,9180227523,"515 Commercial Complex, Uttarakhand",
BlueWave Textiles 2246,02OECCQ1874I9ZW,vendor2246@vendormail.test,9899178900,"541 Market Road, Himachal Pradesh",
Horizon Consultants 2247,29YBZHA4961R7ZW,vendor2247@vendormail.test,9430553316,"471 Industrial Estate, Karnataka",
Northstar Engineering 2248,,vendor2248@vendormail.test,9788769440,"865 Industrial Estate, Chhattisgarh",
Crestline Distributors 2249,,vendor2249@vendormail.test,9647982044,"469 Commercial Complex, Uttar Pradesh",
Zenith Office Supplies 2250,11KDAUS7087M1ZT,vendor2250@vendormail.test,9392288877,"642 Commercial Complex, Sikkim",
Titan Logistics 2251,01WDXUU4623K1Z0,vendor2251@vendormail.test,9523840835,"644 Commercial Complex, Jammu and Kashmir",
Titan Hosting 2252,02WVAJA9377L6Z3,vendor2252@vendormail.test,9559775164,"338 Commercial Complex, Himachal Pradesh",
Orbit Stationery 2253,,vendor2253@vendormail.test,9986996619,"824 Commercial Complex, Delhi",
Pioneer Advertising 2254,,vendor2254@vendormail.test,9726675977,"99 Market Road, Rajasthan",
Skyline Electricals 2255,08MWVBE3497C7ZB,vendor2255@vendormail.test,9736181043,"128 Industrial Estate, Rajasthan",
Golden Harvest IT Services 2256,09MXUIG4733F2ZG,vendor2256@vendormail.test,9179746527,"833 Market Road, Uttar Pradesh",
Pioneer Packaging 2257,20QTDME2786Z4ZP,vendor2257@vendormail.test,9107984372,"627 Market Road, Jharkhand",
CloudNet Freight 2258,09JEMXU4396J7ZN,vendor2258@vendormail.test,9959211979,"201 Market Road, Uttar Pradesh",
Meridian Security Services 2259,21GDJIZ7433N9ZC,vendor2259@vendormail.test,9903071288,"675 Commercial Complex, Odisha",
Anchor Print Works 2260,02BJORX4526R2ZU,vendor2260@vendormail.test,9603713290,"853 Commercial Complex, Himachal Pradesh",
Titan Textiles 2261,,vendor2261@vendormail.test,9437123440,"277 Industrial Estate, Punjab",
Crestline Consultants 2262,33TZLCQ8878O5ZG,vendor2262@vendormail.test,9958033147,"289 Market Road, Tamil Nadu",
Zenith Engineering 2263,,vendor2263@vendormail.test,9473182239,"686 Market Road, Chandigarh",
Emerald Distributors 2264,,vendor2264@vendormail.test,9391091275,"438 Commercial Complex, Bihar",
Everest Office Supplies 2265,,vendor2265@vendormail.test,9737711570,"350 Commercial Complex, Kerala",
Nimbus Logistics 2266,02AVXKD7480M7Z8,vendor2266@vendormail.test,9694084973,"371 Commercial Complex, Himachal Pradesh",
Titan Hosting 2267,,vendor2267@vendormail.test,9457052295,"241 Market Road, Kerala",
Crestline Stationery 2268,22YMLPX1746F4ZR,vendor2268@vendormail.test,9402336501,"945 Industrial Estate, Chhattisgarh",
CloudNet Advertising 2269,,vendor2269@vendormail.test,9209824788,"855 Commercial Complex, Gujarat",
Apex Electricals 2270,20ZNIQN7423D5ZY,vendor2270@vendormail.test,9271982553,"562 Market Road, Jharkhand",
CloudNet IT Services 2271,33IYRTF6910C4ZE,vendor2271@vendormail.test,9827520657,"202 Commercial Complex, Tamil Nadu",
Horizon Packaging 2272,04YXENM5867J8ZM,vendor2272@vendormail.test,9578475063,"175 Market Road, Chandigarh",
Apex Freight 2273,29XTMJP7673R3ZK,vendor2273@vendormail.test,9471776915,"535 Market Road, Karnataka",
Reliable Security Services 2274,,vendor2274@vendormail.test,9973950103,"280 Market Road, Madhya Pradesh",
Metro Print Works 2275,30SIRMA8330J8ZR,vendor2275@vendormail.test,9129646245,"887 Commercial Complex, Goa",
Metro Textiles 2276,,vendor2276@vendormail.test,9717086130,"644 Commercial Complex, Uttarakhand",
Nimbus Consultants 2277,,vendor2277@vendormail.test,9537363333,"350 Commercial Complex, Assam",
Vertex Engineering 2278,02KNGHD3036C9ZC,vendor2278@vendormail.test,9741367762,"324 Commercial Complex, Himachal Pradesh",
Reliable Distributors 2279,27XRHJD8077H5Z9,vendor2279@vendormail.test,9369618697,"7 Industrial Estate, Maharashtra",
Horizon Office Supplies 2280,,vendor2280@vendormail.test,9820311030,"463 Industrial Estate, Punjab",
Meridian Logistics 2281,,vendor2281@vendormail.test,9508702960,"258 Market Road, Kerala",
Anchor Hosting 2282,10IZMYV1328D6ZY,vendor2282@vendormail.test,9758227755,"98 Commercial Complex, Bihar",
Horizon Stationery 2283,,vendor2283@vendormail.test,9507591698,"702 Commercial Complex, Chandigarh",
Everest Advertising 2284,22FMXNA2452G5ZE,vendor2284@vendormail.test,9775695091,"504 Market Road, Chhattisgarh",
Everest Electricals 2285,01MOMCY6649D5ZW,vendor2285@vendormail.test,9205911736,"287 Market Road, Jammu and Kashmir",
Titan IT Services 2286,,vendor2286@vendormail.test,9450997346,"545 Industrial Estate, Assam",
Orbit Packaging 2287,07JAWEK2276Q1Z8,vendor2287@vendormail.test,9376210795,"248 Market Road, Delhi",
Zenith Freight 2288,,vendor2288@vendormail.test,9988818397,"554 Commercial Complex, West Bengal",
Zenith Security Services 2289,21SZQAP1515O1ZT,vendor2289@vendormail.test,9876812100,"960 Commercial Complex, Odisha",
Prime Print Works 2290,01GRJAJ3037V1Z6,vendor2290@vendormail.test,9189812055,"859 Market Road, Jammu and Kashmir",
Vertex Textiles 2291,02AMVGZ8487F3ZN,vendor2291@vendormail.test,9939846519,"509 Industrial Estate, Himachal Pradesh",
Falcon Consultants 2292,11BVDQX6438S1ZQ,vendor2292@vendormail.test,9598567258,"240 Commercial Complex, Sikkim",
Metro Engineering 2293,05ETRJP1858Z6ZN,vendor2293@vendormail.test,9704875030,"480 Industrial Estate, Uttarakhand",
Redwood Distributors 2294,18CRJPL3376N1ZY,vendor2294@vendormail.test,9984729631,"64 Market Road, Assam",
Sunrise Office Supplies 2295,,vendor2295@vendormail.test,9858693590,"470 Industrial Estate, Karnataka",
Delta Logistics 2296,01SCRGX7336J2ZE,vendor2296@vendormail.test,9752846456,"630 Industrial Estate, Jammu and Kashmir",
Ironclad Hosting 2297,18KSZZE6909J3Z1,vendor2297@vendormail.test,9143725222,"44 Commercial Complex, Assam",
Golden Harvest Stationery 2298,30OEEGJ8577T4Z8,vendor2298@vendormail.test,9793934769,"612 Commercial Complex, Goa",
Anchor Advertising 2299,18WOEIQ5566P6ZL,vendor2299@vendormail.test,9740472923,"278 Market Road, Assam",
Delta Electricals 2300,19JCNUN6457N4Z8,vendor2300@vendormail.test,9302010917,"439 Commercial Complex, West Bengal",
Horizon IT Services 2301,37LFTCD2169H4Z7,vendor2301@vendormail.test,9629368491,"365 Industrial Estate, Andhra Pradesh",
Silverline Packaging 2302,,vendor2302@vendormail.test,9291721349,"76 Commercial Complex, Uttar Pradesh",
Skyline Freight 2303,,vendor2303@vendormail.test,9985328280,"812 Commercial Complex, Delhi",
Skyline Security Services 2304,,vendor2304@vendormail.test,9455995287,"773 Commercial Complex, Andhra Pradesh",
Skyline Print Works 2305,23SGLNF3083L3ZX,vendor2305@vendormail.test,9407468219,"221 Industrial Estate, Madhya Pradesh",
Northstar Textiles 2306,,vendor2306@vendormail.test,9840075195,"255 Commercial Complex, Sikkim",
Apex Consultants 2307,,vendor2307@vendormail.test,9167829726,"502 Industrial Estate, Assam",
Crestline Engineering 2308,,vendor2308@vendormail.test,9550946659,"969 Industrial Estate, West Bengal",
Emerald Distributors 2309,24SQVTD5190P2ZW,vendor2309@vendormail.test,9610912609,"799 Commercial Complex, Gujarat",
Horizon Office Supplies 2310,,vendor2310@vendormail.test,9685772153,"48 Market Road, Jammu and Kashmir",
Anchor Logistics 2311,07VEXSF6541L2ZL,vendor2311@vendormail.test,9203653357,"881 Commercial Complex, Delhi",
Northstar Hosting 2312,05EOXCZ3691N4ZI,vendor2312@vendormail.test,9542875770,"762 Market Road, Uttarakhand",
Golden Harvest Stationery 2313,09IXCQG3042T7Z5,vendor2313@vendormail.test,9683643939,"883 Commercial Complex, Uttar Pradesh",
Vertex Advertising 2314,02TYRQT2645G3Z1,vendor2314@vendormail.test,9676312396,"306 Industrial Estate, Himachal Pradesh",
Metro Electricals 2315,,vendor2315@vendormail.test,9836734791,"403 Industrial Estate, Tamil Nadu",
Reliable IT Services 2316,09KRFSV4084C1ZV,vendor2316@vendormail.test,9577204872,"85 Market Road, Uttar Pradesh",
Delta Packaging 2317,07SCHIL8688N3ZY,vendor2317@vendormail.test,9107083361,"901 Industrial Estate, Delhi",
Meridian Freight 2318,20HZPAP9750N9ZF,vendor2318@vendormail.test,9743930718,"742 Commercial Complex, Jharkhand",
Sunrise Security Services 2319,24LYZOP4560V9ZG,vendor2319@vendormail.test,9711484227,"662 Industrial Estate, Gujarat",
Meridian Print Works 2320,,vendor2320@vendormail.test,9411806081,"576 Market Road, Maharashtra",
Delta Textiles 2321,04EZCSA3326J2ZX,vendor2321@vendormail.test,9461691244,"116 Commercial Complex, Chandigarh",
Titan Consultants 2322,,vendor2322@vendormail.test,9916609252,"406 Industrial Estate, Madhya Pradesh",
Meridian Engineering 2323,,vendor2323@vendormail.test,9326282982,"342 Industrial Estate, Odisha",
Metro Distributors 2324,22ANVPK8118Q7Z8,vendor2324@vendormail.test,9496185702,"833 Market Road, Chhattisgarh",
Falcon Office Supplies 2325,,vendor2325@vendormail.test,9174729739,"92 Commercial Complex, Delhi",
Apex Logistics 2326,,vendor2326@vendormail.test,9864923809,"688 Market Road, Himachal Pradesh",
Greenfield Hosting 2327,37CSGMU7595X6ZS,vendor2327@vendormail.test,9904288126,"206 Industrial Estate, Andhra Pradesh",
Sunrise Stationery 2328,21MRYRZ3357O6Z0,vendor2328@vendormail.test,9144551160,"571 Market Road, Odisha",
Orbit Advertising 2329,,vendor2329@vendormail.test,9455056041,"562 Commercial Complex, Andhra Pradesh",
Northstar Electricals 2330,07ZWHGE2635I5ZV,vendor2330@vendormail.test,9279388073,"760 Industrial Estate, Delhi",
Apex IT Services 2331,24LLQTT9391D9ZC,vendor2331@vendormail.test,9832429726,"280 Industrial Estate, Gujarat",
Silverline Packaging 2332,36SVPIU5947X2ZS,vendor2332@vendormail.test,9102289406,"367 Industrial Estate, Telangana",
Orbit Freight 2333,32CGGQS7578H7ZQ,vendor2333@vendormail.test,9177484614,"911 Industrial Estate, Kerala",
Apex Security Services 2334,,vendor2334@vendormail.test,9585583451,"139 Commercial Complex, Bihar",
Ironclad Print Works 2335,08STEIP7518A5ZI,vendor2335@vendormail.test,9372198770,"27 Market Road, Rajasthan",
Everest Textiles 2336,33QDRYS7556Q6ZL,vendor2336@vendormail.test,9585550648,"813 Commercial Complex, Tamil Nadu",
Zenith Consultants 2337,,vendor2337@vendormail.test,9710304802,"101 Market Road, Jammu and Kashmir",
Silverline Engineering 2338,06DUTKY3614Y9ZC,vendor2338@vendormail.test,9750089688,"824 Commercial Complex, Haryana",
Sunrise Distributors 2339,29TMSPR6864D6ZE,vendor2339@vendormail.test,9180317156,"481 Commercial Complex, Karnataka",
Silverline Office Supplies 2340,04LDVXG8765A9ZY,vendor2340@vendormail.test,9155224392,"316 Market Road, Chandigarh",
CloudNet Logistics 2341,22XOEJM9066E1ZH,vendor2341@vendormail.test,9447173708,"236 Industrial Estate, Chhattisgarh",
CloudNet Hosting 2342,07YEYOV5450O5ZE,vendor2342@vendormail.test,9304917571,"947 Industrial Estate, Delhi",
Everest Stationery 2343,,vendor2343@vendormail.test,9198181645,"610 Commercial Complex, Assam",
Zenith Advertising 2344,10ZTSEK8083G2ZX,vendor2344@vendormail.test,9424949824,"905 Industrial Estate, Bihar",
Sunrise Electricals 2345,29AFZYR2925H2ZW,vendor2345@vendormail.test,9981499400,"391 Market Road, Karnataka",
Reliable IT Services 2346,33JMFHW4207K2ZT,vendor2346@vendormail.test,9448774173,"173 Industrial Estate, Tamil Nadu",
Zenith Packaging 2347,,vendor2347@vendormail.test,9328216697,"143 Commercial Complex, Uttarakhand",
Crestline Freight 2348,10NIESL4468W5Z0,vendor2348@vendormail.test,9481485610,"997 Commercial Complex, Bihar",
Delta Security Services 2349,08ZFERM7349J1Z1,vendor2349@vendormail.test,9409692992,"91 Industrial Estate, Rajasthan",
Metro Print Works 2350,,vendor2350@vendormail.test,9787904633,"79 Commercial Complex, Telangana",
Prime Textiles 2351,10GLFWL6472A2ZZ,vendor2351@vendormail.test,9311340080,"146 Commercial Complex, Bihar",
Silverline Consultants 2352,07QOGWR3054M7ZM,vendor2352@vendormail.test,9981685012,"951 Commercial Complex, Delhi",
Anchor Engineering 2353,21YSEWY5284V6ZS,vendor2353@vendormail.test,9317646590,"397 Commercial Complex, Odisha",
Horizon Distributors 2354,37MYMHM4046M9Z0,vendor2354@vendormail.test,9861557841,"200 Industrial Estate, Andhra Pradesh",
Meridian Office Supplies 2355,,vendor2355@vendormail.test,9349607001,"212 Industrial Estate, Tamil Nadu",
Golden Harvest Logistics 2356,37OUSYV8408A3Z0,vendor2356@vendormail.test,9815421985,"882 Commercial Complex, Andhra Pradesh",
Nimbus Hosting 2357,,vendor2357@vendormail.test,9175710656,"304 Market Road, West Bengal",
Skyline Stationery 2358,,vendor2358@vendormail.test,9477779399,"123 Commercial Complex, Gujarat",
Bluepeak Advertising 2359,20YZTUO6345W3ZZ,vendor2359@vendormail.test,9131406006,"839 Commercial Complex, Jharkhand",
Zenith Electricals 2360,,vendor2360@vendormail.test,9638726771,"470 Market Road, Haryana",
Reliable IT Services 2361,,vendor2361@vendormail.test,9429476688,"798 Industrial Estate, Punjab",
Redwood Packaging 2362,19JRJEW3589X6Z2,vendor2362@vendormail.test,9666750861,"614 Industrial Estate, West Bengal",
Anchor Freight 2363,11UBOEV4646J8ZE,vendor2363@vendormail.test,9184129358,"189 Industrial Estate, Sikkim",
Golden Harvest Security Services 2364,01VQXWQ6941U6ZG,vendor2364@vendormail.test,9845424366,"704 Industrial Estate, Jammu and Kashmir",
Pioneer Print Works 2365,,vendor2365@vendormail.test,9598964877,"157 Industrial Estate, Himachal Pradesh",
Metro Textiles 2366,07GTDFO6887C2ZH,vendor2366@vendormail.test,9358873668,"642 Market Road, Delhi",
Pioneer Consultants 2367,36MUORP8192R8ZY,vendor2367@vendormail.test,9569881561,"965 Market Road, Telangana",
Falcon Engineering 2368,19AOHDU7686K2ZT,vendor2368@vendormail.test,9374590275,"703 Commercial Complex, West Bengal",
Emerald Distributors 2369,11LFXEA9648C5Z9,vendor2369@vendormail.test,9782861033,"306 Market Road, Sikkim",
Northstar Office Supplies 2370,,vendor2370@vendormail.test,9643032722,"720 Commercial Complex, Maharashtra",
Golden Harvest Logistics 2371,27NBAAH4579S2ZS,vendor2371@vendormail.test,9190376059,"594 Market Road, Maharashtra",
Orbit Hosting 2372,03SQPGF6531A8ZR,vendor2372@vendormail.test,9713600014,"983 Commercial Complex, Punjab",
BlueWave Stationery 2373,,vendor2373@vendormail.test,9356674828,"868 Industrial Estate, Bihar",
Delta Advertising 2374,27EOQAS5603U5ZH,vendor2374@vendormail.test,9954898518,"803 Commercial Complex, Maharashtra",
Everest Electricals 2375,,vendor2375@vendormail.test,9328817935,"701 Commercial Complex, Maharashtra",
Emerald IT Services 2376,02NNIWY8009H3ZP,vendor2376@vendormail.test,9643244881,"107 Industrial Estate, Himachal Pradesh",
Vertex Packaging 2377,36ISHAM3600F7ZV,vendor2377@vendormail.test,9745297031,"275 Industrial Estate, Telangana",
Ironclad Freight 2378,18YUFJU4838K8Z7,vendor2378@vendormail.test,9178674408,"819 Industrial Estate, Assam",
Horizon Security Services 2379,37HLVHM4114F1ZG,vendor2379@vendormail.test,9933277463,"61 Industrial Estate, Andhra Pradesh",
Falcon Print Works 2380,,vendor2380@vendormail.test,9463390764,"534 Market Road, Chandigarh",
Titan Textiles 2381,04VONXV1871D5ZY,vendor2381@vendormail.test,9149007719,"135 Industrial Estate, Chandigarh",
Redwood Consultants 2382,,vendor2382@vendormail.test,9462761145,"650 Market Road, Rajasthan",
Greenfield Engineering 2383,23PCHBC3303W4ZV,vendor2383@vendormail.test,9560419374,"234 Industrial Estate, Madhya Pradesh",
Greenfield Distributors 2384,19KDCOE9661U9Z9,vendor2384@vendormail.test,9394905624,"892 Commercial Complex, West Bengal",
Zenith Office Supplies 2385,,vendor2385@vendormail.test,9196247521,"559 Industrial Estate, Odisha",
Titan Logistics 2386,,vendor2386@vendormail.test,9346474999,"315 Commercial Complex, Gujarat",
Crestline Hosting 2387,,vendor2387@vendormail.test,9149071985,"357 Industrial Estate, Telangana",
Sunrise Stationery 2388,,vendor2388@vendormail.test,9896761448,"734 Commercial Complex, Andhra Pradesh",
Vertex Advertising 2389,01ZOENY4531D2ZT,vendor2389@vendormail.test,9648869692,"177 Commercial Complex, Jammu and Kashmir",
Silverline Electricals 2390,,vendor2390@vendormail.test,9992288702,"758 Commercial Complex, Punjab",
Bluepeak IT Services 2391,09TIONP3403Z6Z0,vendor2391@vendormail.test,9337366674,"308 Market Road, Uttar Pradesh",
Anchor Packaging 2392,,vendor2392@vendormail.test,9916828150,"22 Industrial Estate, Jammu and Kashmir",
Pioneer Freight 2393,23SPGJB2703T6ZF,vendor2393@vendormail.test,9815777955,"89 Industrial Estate, Madhya Pradesh",
Silverline Security Services 2394,01LKKMK2741M7Z9,vendor2394@vendormail.test,9887823526,"275 Commercial Complex, Jammu and Kashmir",
Skyline Print Works 2395,,vendor2395@vendormail.test,9824132808,"934 Industrial Estate, Gujarat",
Emerald Textiles 2396,,vendor2396@vendormail.test,9743508910,"535 Commercial Complex, Jammu and Kashmir",
Golden Harvest Consultants 2397,37NVBCK7442T3ZO,vendor2397@vendormail.test,9938314425,"288 Commercial Complex, Andhra Pradesh",
Meridian Engineering 2398,11JDYML2358Z4Z0,vendor2398@vendormail.test,9310485561,"666 Commercial Complex, Sikkim",
Golden Harvest Distributors 2399,27BARHR5825D8ZK,vendor2399@vendormail.test,9308004233,"70 Market Road, Maharashtra",
Sunrise Office Supplies 2400,02SKZNJ8174E2Z8,vendor2400@vendormail.test,9952302742,"372 Market Road, Himachal Pradesh",
Pioneer Logistics 2401,18NGSTB5992P1ZX,vendor2401@vendormail.test,9845001568,"468 Industrial Estate, Assam",
Falcon Hosting 2402,,vendor2402@vendormail.test,9993033316,"427 Commercial Complex, Haryana",
Greenfield Stationery 2403,,vendor2403@vendormail.test,9844051106,"285 Industrial Estate, West Bengal",
Crestline Advertising 2404,19KLIUY2362D3ZC,vendor2404@vendormail.test,9630588408,"19 Industrial Estate, West Bengal",
Zenith Electricals 2405,,vendor2405@vendormail.test,9843659756,"346 Market Road, Jammu and Kashmir",
Zenith IT Services 2406,,vendor2406@vendormail.test,9921630891,"377 Market Road, Delhi",
Horizon Packaging 2407,27VUWES6555E6Z3,vendor2407@vendormail.test,9552077336,"81 Commercial Complex, Maharashtra",
Sunrise Freight 2408,,vendor2408@vendormail.test,9301361692,"356 Market Road, Rajasthan",
Emerald Security Services 2409,,vendor2409@vendormail.test,9377190401,"549 Industrial Estate, Goa",
Falcon Print Works 2410,03NRRQT4132Y1ZQ,vendor2410@vendormail.test,9319209168,"287 Industrial Estate, Punjab",
Apex Textiles 2411,32VOFVD1054C4ZO,vendor2411@vendormail.test,9725926157,"558 Market Road, Kerala",
Falcon Consultants 2412,27AAGYW6647R5ZB,vendor2412@vendormail.test,9213855023,"914 Commercial Complex, Maharashtra",
BlueWave Engineering 2413,,vendor2413@vendormail.test,9457371747,"754 Industrial Estate, Jharkhand",
Golden Harvest Distributors 2414,,vendor2414@vendormail.test,9688697925,"501 Industrial Estate, Odisha",
Crestline Office Supplies 2415,,vendor2415@vendormail.test,9149867725,"626 Commercial Complex, Karnataka",
Northstar Logistics 2416,32XTOHF2114Y2Z7,vendor2416@vendormail.test,9921458229,"198 Market Road, Kerala",
Horizon Hosting 2417,,vendor2417@vendormail.test,9909790096,"554 Industrial Estate, Madhya Pradesh",
Greenfield Stationery 2418,27XKKFY8782C8Z3,vendor2418@vendormail.test,9441750776,"190 Market Road, Maharashtra",
Horizon Advertising 2419,,vendor2419@vendormail.test,9712616404,"724 Commercial Complex, Kerala",
Anchor Electricals 2420,,vendor2420@vendormail.test,9839740090,"394 Market Road, Haryana",
Nimbus IT Services 2421,09SQMOS5338D3ZQ,vendor2421@vendormail.test,9452066445,"853 Industrial Estate, Uttar Pradesh",
Emerald Packaging 2422,22AANZI6537B6Z1,vendor2422@vendormail.test,9275059599,"272 Commercial Complex, Chhattisgarh",
Falcon Freight 2423,,vendor2423@vendormail.test,9683549778,"761 Market Road, Punjab",
Titan Security Services 2424,,vendor2424@vendormail.test,9672154174,"676 Commercial Complex, Gujarat",
Delta Print Works 2425,27SWCXC4291Q8ZD,vendor2425@vendormail.test,9570554373,"944 Commercial Complex, Maharashtra",
Falcon Textiles 2426,,vendor2426@vendormail.test,9280646012,"23 Industrial Estate, Bihar",
CloudNet Consultants 2427,29VUWFZ3858R2ZT,vendor2427@vendormail.test,9117878505,"300 Commercial Complex, Karnataka",
Apex Engineering 2428,24LSUVY4030G7ZK,vendor2428@vendormail.test,9617030089,"938 Industrial Estate, Gujarat",
CloudNet Distributors 2429,32OGIHK9192J4ZL,vendor2429@vendormail.test,9996681928,"65 Market Road, Kerala",
BlueWave Office Supplies 2430,,vendor2430@vendormail.test,9445615311,"304 Market Road, Karnataka",
Greenfield Logistics 2431,04MURBX1048S2Z6,vendor2431@vendormail.test,9957549261,"844 Commercial Complex, Chandigarh",
Greenfield Hosting 2432,03MPJCB6752M3ZU,vendor2432@vendormail.test,9618013233,"710 Commercial Complex, Punjab",
Golden Harvest Stationery 2433,36QANJT6626L1ZB,vendor2433@vendormail.test,9963446824,"57 Commercial Complex, Telangana",
Skyline Advertising 2434,18LVTRB7133X8ZK,vendor2434@vendormail.test,9633514155,"382 Commercial Complex, Assam",
Golden Harvest Electricals 2435,,vendor2435@vendormail.test,9123345695,"168 Industrial Estate, Haryana",
Delta IT Services 2436,27EXFSI8528A2ZO,vendor2436@vendormail.test,9789416694,"490 Market Road, Maharashtra",
Greenfield Packaging 2437,,vendor2437@vendormail.test,9814082249,"468 Industrial Estate, Jammu and Kashmir",
Sunrise Freight 2438,,vendor2438@vendormail.test,9263914434,"913 Market Road, Delhi",
Prime Security Services 2439,29FUFMY6990N8Z4,vendor2439@vendormail.test,9756415701,"947 Commercial Complex, Karnataka",
Anchor Print Works 2440,24IVHZH5635E7Z9,vendor2440@vendormail.test,9748887213,"521 Market Road, Gujarat",
Bluepeak Textiles 2441,22LMQHU9677K8Z9,vendor2441@vendormail.test,9499127300,"404 Commercial Complex, Chhattisgarh",
Fusion Consultants 2442,33PHLGK3087U9ZX,vendor2442@vendormail.test,9197926357,"409 Commercial Complex, Tamil Nadu",
Golden Harvest Engineering 2443,23MXICM9688M4ZQ,vendor2443@vendormail.test,9773306527,"70 Commercial Complex, Madhya Pradesh",
Skyline Distributors 2444,22RLLKF8303V2ZB,vendor2444@vendormail.test,9307518765,"69 Market Road, Chhattisgarh",
Orbit Office Supplies 2445,37ZYEMO7851B7Z8,vendor2445@vendormail.test,9642794021,"814 Market Road, Andhra Pradesh",
Crestline Logistics 2446,32SHXYI1498V6Z4,vendor2446@vendormail.test,9674439028,"992 Commercial Complex, Kerala",
Greenfield Hosting 2447,03KGKCS6209Y2ZW,vendor2447@vendormail.test,9349877519,"88 Industrial Estate, Punjab",
Everest Stationery 2448,03RGNQN8934T1Z8,vendor2448@vendormail.test,9903946367,"851 Market Road, Punjab",
Horizon Advertising 2449,,vendor2449@vendormail.test,9438149495,"807 Industrial Estate, Jharkhand",
Anchor Electricals 2450,,vendor2450@vendormail.test,9999923125,"420 Industrial Estate, Jharkhand",
Emerald IT Services 2451,,vendor2451@vendormail.test,9115114555,"820 Market Road, Chhattisgarh",
Fusion Packaging 2452,29KAZVI3702F7ZT,vendor2452@vendormail.test,9183587389,"756 Industrial Estate, Karnataka",
Prime Freight 2453,,vendor2453@vendormail.test,9459540619,"158 Market Road, Assam",
Crestline Security Services 2454,,vendor2454@vendormail.test,9487937191,"736 Commercial Complex, Karnataka",
Orbit Print Works 2455,07XCODY3947F8ZH,vendor2455@vendormail.test,9188628713,"220 Market Road, Delhi",
Everest Textiles 2456,02DTPBS9742I8ZU,vendor2456@vendormail.test,9975680729,"875 Commercial Complex, Himachal Pradesh",
Fusion Consultants 2457,22GRFOF2118G3ZE,vendor2457@vendormail.test,9690339578,"812 Market Road, Chhattisgarh",
CloudNet Engineering 2458,27VZQGP1162Q5ZY,vendor2458@vendormail.test,9744699189,"529 Commercial Complex, Maharashtra",
Metro Distributors 2459,21XNTLM4105O1ZJ,vendor2459@vendormail.test,9378551071,"937 Commercial Complex, Odisha",
Greenfield Office Supplies 2460,,vendor2460@vendormail.test,9397009500,"357 Market Road, Madhya Pradesh",
Orbit Logistics 2461,,vendor2461@vendormail.test,9131251034,"617 Industrial Estate, Telangana",
Greenfield Hosting 2462,01OMFBK7974J7ZV,vendor2462@vendormail.test,9639057596,"918 Market Road, Jammu and Kashmir",
Anchor Stationery 2463,24MZGHX4973C3Z7,vendor2463@vendormail.test,9834782675,"287 Industrial Estate, Gujarat",
Crestline Advertising 2464,,vendor2464@vendormail.test,9285496243,"470 Commercial Complex, Maharashtra",
Pioneer Electricals 2465,27VPCCD3976Y2ZV,vendor2465@vendormail.test,9804186466,"99 Industrial Estate, Maharashtra",
Silverline IT Services 2466,,vendor2466@vendormail.test,9184037552,"216 Commercial Complex, Assam",
Zenith Packaging 2467,11HCKIZ9004A1Z8,vendor2467@vendormail.test,9585355630,"511 Commercial Complex, Sikkim",
Fusion Freight 2468,02TFESA4963J8Z6,vendor2468@vendormail.test,9902043181,"294 Industrial Estate, Himachal Pradesh",
Apex Security Services 2469,09WIHQC2013Z4ZI,vendor2469@vendormail.test,9334365093,"238 Market Road, Uttar Pradesh",
Anchor Print Works 2470,,vendor2470@vendormail.test,9970806405,"264 Industrial Estate, Assam",
Delta Textiles 2471,,vendor2471@vendormail.test,9353532204,"57 Market Road, Chhattisgarh",
Fusion Consultants 2472,24EQXHI7874R3ZI,vendor2472@vendormail.test,9391451471,"211 Industrial Estate, Gujarat",
Anchor Engineering 2473,32WDYJN9514G3ZN,vendor2473@vendormail.test,9122505994,"489 Market Road, Kerala",
Nimbus Distributors 2474,05YTMRL1958O8ZL,vendor2474@vendormail.test,9422261671,"260 Market Road, Uttarakhand",
Falcon Office Supplies 2475,36VMRZB4777D6Z0,vendor2475@vendormail.test,9959438536,"540 Commercial Complex, Telangana",
Metro Logistics 2476,02DEUIS8032H5Z1,vendor2476@vendormail.test,9667280608,"294 Commercial Complex, Himachal Pradesh",
Zenith Hosting 2477,04UUAWO6651Q8ZI,vendor2477@vendormail.test,9505888703,"195 Market Road, Chandigarh",
Apex Stationery 2478,,vendor2478@vendormail.test,9475780330,"36 Industrial Estate, Chhattisgarh",
Vertex Advertising 2479,,vendor2479@vendormail.test,9266015593,"399 Commercial Complex, Karnataka",
Apex Electricals 2480,01EOLEW9967A8ZP,vendor2480@vendormail.test,9566754536,"425 Market Road, Jammu and Kashmir",
Meridian IT Services 2481,,vendor2481@vendormail.test,9430244788,"583 Commercial Complex, Goa",
BlueWave Packaging 2482,29VPQSR2916S7ZR,vendor2482@vendormail.test,9336899203,"764 Market Road, Karnataka",
Ironclad Freight 2483,20DPUEX2978Q8ZA,vendor2483@vendormail.test,9837094007,"46 Industrial Estate, Jharkhand",
BlueWave Security Services 2484,05EZJDE9876S4ZW,vendor2484@vendormail.test,9511759738,"785 Industrial Estate, Uttarakhand",
Zenith Print Works 2485,01HJWDW2509J8Z8,vendor2485@vendormail.test,9294724575,"270 Commercial Complex, Jammu and Kashmir",
Falcon Textiles 2486,27PCDMO7425N6ZD,vendor2486@vendormail.test,9890508746,"413 Market Road, Maharashtra",
Zenith Consultants 2487,,vendor2487@vendormail.test,9491987167,"474 Market Road, Madhya Pradesh",
Horizon Engineering 2488,,vendor2488@vendormail.test,9599123000,"971 Industrial Estate, Haryana",
Nimbus Distributors 2489,08VJDHW1255M4ZI,vendor2489@vendormail.test,9896707197,"475 Industrial Estate, Rajasthan",
Anchor Office Supplies 2490,,vendor2490@vendormail.test,9475242110,"159 Commercial Complex, Kerala",
Anchor Logistics 2491,20PGTTL5911M9Z0,vendor2491@vendormail.test,9506837252,"479 Commercial Complex, Jharkhand",
Redwood Hosting 2492,,vendor2492@vendormail.test,9886016419,"729 Commercial Complex, Kerala",
Horizon Stationery 2493,,vendor2493@vendormail.test,9398557121,"170 Market Road, Chandigarh",
Zenith Advertising 2494,01AXASF8267I4Z2,vendor2494@vendormail.test,9648230592,"278 Commercial Complex, Jammu and Kashmir",
Bluepeak Electricals 2495,37MNEYD9883W4ZO,vendor2495@vendormail.test,9616341838,"438 Industrial Estate, Andhra Pradesh",
Silverline IT Services 2496,,vendor2496@vendormail.test,9873822162,"241 Commercial Complex, Delhi",
Reliable Packaging 2497,11HMKMZ8161C1ZD,vendor2497@vendormail.test,9138375141,"20 Commercial Complex, Sikkim",
Northstar Freight 2498,04NJQGP4911T4ZN,vendor2498@vendormail.test,9423604485,"521 Market Road, Chandigarh",
Pioneer Security Services 2499,02DZQKX4691C6ZW,vendor2499@vendormail.test,9780064237,"360 Market Road, Himachal Pradesh",
Zenith Print Works 2500,01NJULC4473D9ZO,vendor2500@vendormail.test,9889627802,"742 Market Road, Jammu and Kashmir",
Golden Harvest Textiles 2501,,vendor2501@vendormail.test,9158218466,"682 Market Road, Chhattisgarh",
Orbit Consultants 2502,09KYICF9874C4Z6,vendor2502@vendormail.test,9493922773,"733 Market Road, Uttar Pradesh",
Skyline Engineering 2503,,vendor2503@vendormail.test,9431466288,"182 Market Road, Gujarat",
CloudNet Distributors 2504,19TZLBW8353H4Z5,vendor2504@vendormail.test,9809856081,"39 Industrial Estate, West Bengal",
BlueWave Office Supplies 2505,07KIUVM4012P4ZF,vendor2505@vendormail.test,9773260177,"39 Market Road, Delhi",
Golden Harvest Logistics 2506,,vendor2506@vendormail.test,9795016477,"664 Commercial Complex, Haryana",
Delta Hosting 2507,37YPSTL1361J2Z6,vendor2507@vendormail.test,9565634556,"632 Commercial Complex, Andhra Pradesh",
Sunrise Stationery 2508,,vendor2508@vendormail.test,9512555993,"413 Industrial Estate, Assam",
Everest Advertising 2509,,vendor2509@vendormail.test,9300651104,"564 Market Road, Gujarat",
Golden Harvest Electricals 2510,,vendor2510@vendormail.test,9118685402,"493 Commercial Complex, Tamil Nadu",
Zenith IT Services 2511,08JVAMF4247W7ZM,vendor2511@vendormail.test,9221208427,"981 Commercial Complex, Rajasthan",
Pioneer Packaging 2512,,vendor2512@vendormail.test,9638584294,"645 Market Road, Uttarakhand",
Horizon Freight 2513,,vendor2513@vendormail.test,9654059992,"703 Commercial Complex, Chandigarh",
Nimbus Security Services 2514,,vendor2514@vendormail.test,9794482586,"405 Market Road, Sikkim",
Horizon Print Works 2515,11RUYYR3778F1Z0,vendor2515@vendormail.test,9968887347,"848 Market Road, Sikkim",
Meridian Textiles 2516,,vendor2516@vendormail.test,9264466533,"347 Commercial Complex, Kerala",
Zenith Consultants 2517,,vendor2517@vendormail.test,9111643346,"203 Commercial Complex, Himachal Pradesh",
Orbit Engineering 2518,33SUJQY5160X5ZG,vendor2518@vendormail.test,9872056489,"878 Industrial Estate, Tamil Nadu",
Zenith Distributors 2519,08HOOXX4054O3Z2,vendor2519@vendormail.test,9969857238,"930 Commercial Complex, Rajasthan",
Zenith Office Supplies 2520,,vendor2520@vendormail.test,9150555077,"509 Market Road, Bihar",
Falcon Logistics 2521,,vendor2521@vendormail.test,9247838674,"963 Market Road, Delhi",
Everest Hosting 2522,,vendor2522@vendormail.test,9514584631,"679 Commercial Complex, Punjab",
Everest Stationery 2523,,vendor2523@vendormail.test,9585243143,"682 Industrial Estate, Chhattisgarh",
Nimbus Advertising 2524,10BBXWL9160J6Z3,vendor2524@vendormail.test,9912669797,"268 Industrial Estate, Bihar",
Vertex Electricals 2525,,vendor2525@vendormail.test,9638986499,"279 Market Road, Punjab",
Zenith IT Services 2526,02AAVFB3760X2ZR,vendor2526@vendormail.test,9985356213,"561 Market Road, Himachal Pradesh",
Sunrise Packaging 2527,01CSXVU3648D6Z9,vendor2527@vendormail.test,9880140448,"901 Industrial Estate, Jammu and Kashmir",
Pioneer Freight 2528,37MDHQS5734K7ZE,vendor2528@vendormail.test,9655884785,"749 Market Road, Andhra Pradesh",
Meridian Security Services 2529,,vendor2529@vendormail.test,9702235417,"588 Industrial Estate, Jharkhand",
Fusion Print Works 2530,,vendor2530@vendormail.test,9685550945,"763 Industrial Estate, Goa",
Metro Textiles 2531,,vendor2531@vendormail.test,9766834518,"779 Commercial Complex, Sikkim",
Skyline Consultants 2532,02YQPHL2944T3ZA,vendor2532@vendormail.test,9648577527,"808 Industrial Estate, Himachal Pradesh",
CloudNet Engineering 2533,,vendor2533@vendormail.test,9900879739,"385 Commercial Complex, Uttarakhand",
Horizon Distributors 2534,22NUPOB7176M7ZH,vendor2534@vendormail.test,9513428269,"748 Market Road, Chhattisgarh",
Titan Office Supplies 2535,06SZWRR9230Z7ZY,vendor2535@vendormail.test,9481272295,"467 Commercial Complex, Haryana",
Anchor Logistics 2536,20JPLYP8601P7Z4,vendor2536@vendormail.test,9329717356,"709 Market Road, Jharkhand",
Emerald Hosting 2537,,vendor2537@vendormail.test,9116830228,"41 Commercial Complex, Madhya Pradesh",
Reliable Stationery 2538,20NETUG4669S4ZR,vendor2538@vendormail.test,9602109780,"791 Commercial Complex, Jharkhand",
Ironclad Advertising 2539,32SLOKI1855O4Z8,vendor2539@vendormail.test,9495224781,"268 Commercial Complex, Kerala",
Sunrise Electricals 2540,,vendor2540@vendormail.test,9485904198,"160 Industrial Estate, Andhra Pradesh",
Delta IT Services 2541,,vendor2541@vendormail.test,9245275527,"69 Industrial Estate, Delhi",
Metro Packaging 2542,11NLOEQ9606A3ZK,vendor2542@vendormail.test,9731813950,"673 Commercial Complex, Sikkim",
Reliable Freight 2543,,vendor2543@vendormail.test,9527726024,"634 Industrial Estate, Chhattisgarh",
BlueWave Security Services 2544,24FVAPP2121W1Z0,vendor2544@vendormail.test,9236791760,"193 Market Road, Gujarat",
Crestline Print Works 2545,,vendor2545@vendormail.test,9895518711,"289 Industrial Estate, Assam",
Redwood Textiles 2546,29CVIWA9944J9ZZ,vendor2546@vendormail.test,9623975708,"128 Industrial Estate, Karnataka",
Ironclad Consultants 2547,37EPQVJ5195G7ZX,vendor2547@vendormail.test,9991605694,"807 Market Road, Andhra Pradesh",
Titan Engineering 2548,29GKDSS7419O3ZR,vendor2548@vendormail.test,9111635169,"518 Market Road, Karnataka",
Greenfield Distributors 2549,32MCSDC7523N8ZD,vendor2549@vendormail.test,9167671521,"694 Market Road, Kerala",
Everest Office Supplies 2550,04MAUSO3600W1Z4,vendor2550@vendormail.test,9969701243,"81 Market Road, Chandigarh",
Titan Logistics 2551,,vendor2551@vendormail.test,9123999632,"154 Industrial Estate, Kerala",
Everest Hosting 2552,24PKIEI2785U2Z4,vendor2552@vendormail.test,9355466870,"303 Industrial Estate, Gujarat",
Vertex Stationery 2553,,vendor2553@vendormail.test,9194480076,"286 Commercial Complex, Uttar Pradesh",
Falcon Advertising 2554,,vendor2554@vendormail.test,9422157396,"336 Industrial Estate, Assam",
Emerald Electricals 2555,,vendor2555@vendormail.test,9321664363,"957 Commercial Complex, Rajasthan",
Fusion IT Services 2556,20UTTCR7654G1ZM,vendor2556@vendormail.test,9510004874,"205 Industrial Estate, Jharkhand",
Zenith Packaging 2557,10NIBYG6334F6ZA,vendor2557@vendormail.test,9169042923,"581 Industrial Estate, Bihar",
Horizon Freight 2558,19GAKLL8862P9ZG,vendor2558@vendormail.test,9982893651,"867 Industrial Estate, West Bengal",
Prime Security Services 2559,11DYHYH2062V6ZN,vendor2559@vendormail.test,9471622013,"940 Industrial Estate, Sikkim",
Pioneer Print Works 2560,09FJTVH7203G3ZQ,vendor2560@vendormail.test,9783953998,"750 Commercial Complex, Uttar Pradesh",
Fusion Textiles 2561,07DLBHR2699F7ZR,vendor2561@vendormail.test,9908378624,"242 Market Road, Delhi",
Prime Consultants 2562,,vendor2562@vendormail.test,9127783697,"751 Market Road, Tamil Nadu",
Orbit Engineering 2563,06QJYCJ4461H3ZP,vendor2563@vendormail.test,9978574752,"974 Commercial Complex, Haryana",
Golden Harvest Distributors 2564,08DOJTD3766W5ZG,vendor2564@vendormail.test,9250321714,"524 Market Road, Rajasthan",
Anchor Office Supplies 2565,,vendor2565@vendormail.test,9128555545,"438 Industrial Estate, Jammu and Kashmir",
Titan Logistics 2566,24CFYRE6964D7Z5,vendor2566@vendormail.test,9712591306,"92 Commercial Complex, Gujarat",
Delta Hosting 2567,32SLMVC3304T3ZP,vendor2567@vendormail.test,9345240286,"969 Market Road, Kerala",
Reliable Stationery 2568,08TJCJJ3745W9Z3,vendor2568@vendormail.test,9872590950,"141 Market Road, Rajasthan",
Skyline Advertising 2569,,vendor2569@vendormail.test,9990108114,"649 Industrial Estate, Tamil Nadu",
Redwood Electricals 2570,33AGGLM8030R3Z8,vendor2570@vendormail.test,9815317925,"625 Market Road, Tamil Nadu",
Apex IT Services 2571,30DHOVC4188M3Z5,vendor2571@vendormail.test,9104196741,"218 Market Road, Goa",
Horizon Packaging 2572,,vendor2572@vendormail.test,9791336376,"888 Market Road, Bihar",
Meridian Freight 2573,,vendor2573@vendormail.test,9571597034,"900 Industrial Estate, Goa",
Golden Harvest Security Services 2574,,vendor2574@vendormail.test,9333756577,"928 Industrial Estate, Haryana",
Golden Harvest Print Works 2575,20FZOFN2287F6ZQ,vendor2575@vendormail.test,9211698957,"301 Commercial Complex, Jharkhand",
Golden Harvest Textiles 2576,,vendor2576@vendormail.test,9620915197,"964 Market Road, Andhra Pradesh",
Prime Consultants 2577,29AGHCL4519I5ZE,vendor2577@vendormail.test,9103754384,"353 Commercial Complex, Karnataka",
Pioneer Engineering 2578,36AREJE5042U3ZR,vendor2578@vendormail.test,9420948126,"856 Commercial Complex, Telangana",
Crestline Distributors 2579,08HJOPI1084Y9Z2,vendor2579@vendormail.test,9618426588,"326 Commercial Complex, Rajasthan",
Vertex Office Supplies 2580,24UTRAL3915L1ZG,vendor2580@vendormail.test,9857973090,"440 Industrial Estate, Gujarat",
Apex Logistics 2581,07RLZGW9977P3ZS,vendor2581@vendormail.test,9656191417,"257 Market Road, Delhi",
Golden Harvest Hosting 2582,18ENTZG6287Y7Z9,vendor2582@vendormail.test,9243354389,"746 Industrial Estate, Assam",
Titan Stationery 2583,,vendor2583@vendormail.test,9646228521,"180 Industrial Estate, Himachal Pradesh",
Bluepeak Advertising 2584,23WPNEZ3119L3ZH,vendor2584@vendormail.test,9104200313,"663 Market Road, Madhya Pradesh",
Emerald Electricals 2585,37DQRMC1813X3Z5,vendor2585@vendormail.test,9935958536,"595 Industrial Estate, Andhra Pradesh",
Pioneer IT Services 2586,,vendor2586@vendormail.test,9112061433,"172 Commercial Complex, Maharashtra",
Everest Packaging 2587,32XEPYD6916O9Z7,vendor2587@vendormail.test,9365894657,"341 Market Road, Kerala",
Ironclad Freight 2588,,vendor2588@vendormail.test,9369129424,"951 Industrial Estate, Kerala",
Apex Security Services 2589,02GVHOW8664P1ZA,vendor2589@vendormail.test,9350157088,"493 Market Road, Himachal Pradesh",
Nimbus Print Works 2590,18BJIHA9357R6ZK,vendor2590@vendormail.test,9824402484,"52 Market Road, Assam",
Reliable Textiles 2591,18CEQNX1744A8ZS,vendor2591@vendormail.test,9720459151,"288 Industrial Estate, Assam",
Nimbus Consultants 2592,,vendor2592@vendormail.test,9500806714,"597 Industrial Estate, Chandigarh",
CloudNet Engineering 2593,23SGDIR1350Y2ZJ,vendor2593@vendormail.test,9439397011,"617 Market Road, Madhya Pradesh",
Horizon Distributors 2594,23RGFDO8234R7Z5,vendor2594@vendormail.test,9179894984,"344 Commercial Complex, Madhya Pradesh",
Crestline Office Supplies 2595,,vendor2595@vendormail.test,9982414058,"581 Market Road, Telangana",
Redwood Logistics 2596,,vendor2596@vendormail.test,9766635979,"946 Market Road, Kerala",
Redwood Hosting 2597,,vendor2597@vendormail.test,9187747425,"807 Market Road, Chhattisgarh",
Skyline Stationery 2598,30MBZPC1771H6ZM,vendor2598@vendormail.test,9335092052,"412 Industrial Estate, Goa",
Meridian Advertising 2599,05CYEGY2419L6Z8,vendor2599@vendormail.test,9874819151,"954 Market Road, Uttarakhand",
Silverline Electricals 2600,,vendor2600@vendormail.test,9365861834,"838 Industrial Estate, Jharkhand",
Crestline IT Services 2601,,vendor2601@vendormail.test,9337562480,"555 Commercial Complex, Kerala",
BlueWave Packaging 2602,03IDXDV9551Y9ZV,vendor2602@vendormail.test,9756936526,"263 Market Road, Punjab",
Ironclad Freight 2603,,vendor2603@vendormail.test,9258856455,"743 Market Road, Karnataka",
Greenfield Security Services 2604,27IMGRK9990D5ZO,vendor2604@vendormail.test,9194696157,"224 Commercial Complex, Maharashtra",
Meridian Print Works 2605,37TSOBD2761A7ZP,vendor2605@vendormail.test,9696174054,"169 Industrial Estate, Andhra Pradesh",
Prime Textiles 2606,,vendor2606@vendormail.test,9270630757,"394 Commercial Complex, Rajasthan",
Redwood Consultants 2607,27VIRPR2974U8Z6,vendor2607@vendormail.test,9802147554,"680 Commercial Complex, Maharashtra",
Titan Engineering 2608,21PJWKO1668U4ZR,vendor2608@vendormail.test,9494262363,"617 Market Road, Odisha",
Prime Distributors 2609,29FZHHN2138B1Z0,vendor2609@vendormail.test,9729811336,"334 Commercial Complex, Karnataka",
Northstar Office Supplies 2610,29NFYZE7513P3ZY,vendor2610@vendormail.test,9958168879,"395 Commercial Complex, Karnataka",
Sunrise Logistics 2611,,vendor2611@vendormail.test,9355179064,"725 Industrial Estate, Tamil Nadu",
Delta Hosting 2612,11OOAYH9452D1ZY,vendor2612@vendormail.test,9580409267,"113 Industrial Estate, Sikkim",
Pioneer Stationery 2613,29JCUZP1417R7ZV,vendor2613@vendormail.test,9331004664,"742 Commercial Complex, Karnataka",
Skyline Advertising 2614,18RSFEN8120M6ZQ,vendor2614@vendormail.test,9706341929,"988 Industrial Estate, Assam",
Prime Electricals 2615,,vendor2615@vendormail.test,9213811502,"813 Industrial Estate, Madhya Pradesh",
Redwood IT Services 2616,,vendor2616@vendormail.test,9688738462,"527 Market Road, Madhya Pradesh",
Nimbus Packaging 2617,30XQOJZ4904F1ZF,vendor2617@vendormail.test,9742336437,"476 Industrial Estate, Goa",
Silverline Freight 2618,,vendor2618@vendormail.test,9626701823,"643 Market Road, Jammu and Kashmir",
Nimbus Security Services 2619,20DZEIN2867C2ZK,vendor2619@vendormail.test,9892126498,"451 Commercial Complex, Jharkhand",
Horizon Print Works 2620,18WOLNG3077I7Z3,vendor2620@vendormail.test,9566794112,"802 Market Road, Assam",
Emerald Textiles 2621,,vendor2621@vendormail.test,9372687985,"891 Market Road, Himachal Pradesh",
Golden Harvest Consultants 2622,,vendor2622@vendormail.test,9753120518,"455 Commercial Complex, Assam",
Reliable Engineering 2623,06IHJHZ6781C7ZE,vendor2623@vendormail.test,9373016265,"588 Market Road, Haryana",
Sunrise Distributors 2624,,vendor2624@vendormail.test,9991095452,"676 Market Road, Punjab",
Prime Office Supplies 2625,27YIYHW7926F6ZJ,vendor2625@vendormail.test,9989332328,"113 Commercial Complex, Maharashtra",
Fusion Logistics 2626,29LUVFP1788O7ZY,vendor2626@vendormail.test,9897828380,"412 Commercial Complex, Karnataka",
Fusion Hosting 2627,,vendor2627@vendormail.test,9791773449,"305 Industrial Estate, Uttar Pradesh",
Sunrise Stationery 2628,,vendor2628@vendormail.test,9211440765,"858 Commercial Complex, Rajasthan",
Vertex Advertising 2629,22AXJOC3145I6ZD,vendor2629@vendormail.test,9954379556,"485 Commercial Complex, Chhattisgarh",
Orbit Electricals 2630,08IRQTB2686S3ZJ,vendor2630@vendormail.test,9593406696,"123 Commercial Complex, Rajasthan",
Horizon IT Services 2631,29QJXAL8330F7ZV,vendor2631@vendormail.test,9460530850,"518 Industrial Estate, Karnataka",
Falcon Packaging 2632,,vendor2632@vendormail.test,9951440399,"994 Commercial Complex, Uttarakhand",
Nimbus Freight 2633,30UYVXW2347V9ZI,vendor2633@vendormail.test,9329600943,"208 Market Road, Goa",
Redwood Security Services 2634,,vendor2634@vendormail.test,9774048091,"929 Industrial Estate, Goa",
BlueWave Print Works 2635,32FHZSM6060A8ZG,vendor2635@vendormail.test,9684698484,"947 Market Road, Kerala",
Emerald Textiles 2636,08CCKSF7794F9Z3,vendor2636@vendormail.test,9464518813,"198 Market Road, Rajasthan",
Nimbus Consultants 2637,,vendor2637@vendormail.test,9682962831,"957 Industrial Estate, Uttar Pradesh",
CloudNet Engineering 2638,27DIVWP5151L9Z3,vendor2638@vendormail.test,9907102639,"65 Commercial Complex, Maharashtra",
Greenfield Distributors 2639,29FBZEL9413B8ZA,vendor2639@vendormail.test,9202705924,"525 Industrial Estate, Karnataka",
Titan Office Supplies 2640,,vendor2640@vendormail.test,9984374211,"920 Commercial Complex, Tamil Nadu",
Reliable Logistics 2641,32CDUJE9924R4ZM,vendor2641@vendormail.test,9411778236,"16 Market Road, Kerala",
Everest Hosting 2642,33BXGSI6991P7ZY,vendor2642@vendormail.test,9724827820,"774 Market Road, Tamil Nadu",
Greenfield Stationery 2643,07KVCDD4738J6Z4,vendor2643@vendormail.test,9842984539,"275 Industrial Estate, Delhi",
Silverline Advertising 2644,,vendor2644@vendormail.test,9465915414,"390 Commercial Complex, Odisha",
Titan Electricals 2645,,vendor2645@vendormail.test,9285458070,"214 Industrial Estate, Telangana",
BlueWave IT Services 2646,,vendor2646@vendormail.test,9414124191,"183 Industrial Estate, Haryana",
CloudNet Packaging 2647,,vendor2647@vendormail.test,9198313139,"413 Commercial Complex, Odisha",
Skyline Freight 2648,07RFUYJ2384Z8ZK,vendor2648@vendormail.test,9170264459,"68 Industrial Estate, Delhi",
Reliable Security Services 2649,29ETAUQ4478X1Z0,vendor2649@vendormail.test,9971710222,"483 Commercial Complex, Karnataka",
Silverline Print Works 2650,02QSUSC5023C1ZE,vendor2650@vendormail.test,9143080269,"628 Industrial Estate, Himachal Pradesh",
Sunrise Textiles 2651,,vendor2651@vendormail.test,9381760597,"402 Industrial Estate, Andhra Pradesh",
BlueWave Consultants 2652,,vendor2652@vendormail.test,9796106516,"946 Industrial Estate, Haryana",
Skyline Engineering 2653,19XNKJA9983T6ZN,vendor2653@vendormail.test,9606995847,"703 Market Road, West Bengal",
Apex Distributors 2654,37SNVXT1133F6ZN,vendor2654@vendormail.test,9294759802,"315 Commercial Complex, Andhra Pradesh",
Zenith Office Supplies 2655,01MZPSL8580P7ZU,vendor2655@vendormail.test,9434866330,"219 Market Road, Jammu and Kashmir",
Fusion Logistics 2656,,vendor2656@vendormail.test,9694991494,"581 Industrial Estate, Haryana",
Prime Hosting 2657,37BWUIG8431I2ZE,vendor2657@vendormail.test,9536164555,"35 Market Road, Andhra Pradesh",
Zenith Stationery 2658,21OYODF5367V5ZS,vendor2658@vendormail.test,9398967867,"465 Market Road, Odisha",
Emerald Advertising 2659,10NUKQW6085J6ZF,vendor2659@vendormail.test,9851241082,"269 Industrial Estate, Bihar",
Nimbus Electricals 2660,,vendor2660@vendormail.test,9250799675,"636 Market Road, Odisha",
Pioneer IT Services 2661,05JBBFP5420H9ZI,vendor2661@vendormail.test,9573170097,"413 Commercial Complex, Uttarakhand",
Crestline Packaging 2662,37DTJGT3413K2ZN,vendor2662@vendormail.test,9574046873,"177 Industrial Estate, Andhra Pradesh",
Falcon Freight 2663,21LWFYZ8550R1ZP,vendor2663@vendormail.test,9756631189,"627 Market Road, Odisha",
Metro Security Services 2664,24KBMZY2896T2ZM,vendor2664@vendormail.test,9689489738,"956 Industrial Estate, Gujarat",
Zenith Print Works 2665,,vendor2665@vendormail.test,9983839493,"86 Market Road, Maharashtra",
Falcon Textiles 2666,,vendor2666@vendormail.test,9444091123,"14 Commercial Complex, Telangana",
CloudNet Consultants 2667,,vendor2667@vendormail.test,9671467653,"654 Commercial Complex, Bihar",
Reliable Engineering 2668,02KDCCK8546Q6ZZ,vendor2668@vendormail.test,9926306484,"650 Commercial Complex, Himachal Pradesh",
Apex Distributors 2669,33TYRWE4769Q2ZT,vendor2669@vendormail.test,9388976240,"893 Commercial Complex, Tamil Nadu",
Horizon Office Supplies 2670,,vendor2670@vendormail.test,9189424909,"727 Commercial Complex, Assam",
Pioneer Logistics 2671,,vendor2671@vendormail.test,9318615842,"666 Industrial Estate, Sikkim",
Everest Hosting 2672,19TGGII1054C3ZJ,vendor2672@vendormail.test,9250101852,"76 Market Road, West Bengal",
Crestline Stationery 2673,,vendor2673@vendormail.test,9639862086,"305 Market Road, Goa",
Nimbus Advertising 2674,05ZYWGO9526T4ZB,vendor2674@vendormail.test,9707608211,"719 Industrial Estate, Uttarakhand",
Silverline Electricals 2675,,vendor2675@vendormail.test,9864774334,"41 Industrial Estate, Uttarakhand",
Ironclad IT Services 2676,,vendor2676@vendormail.test,9174185892,"829 Commercial Complex, Bihar",
Horizon Packaging 2677,27LVXRW4298W9ZK,vendor2677@vendormail.test,9693453513,"169 Commercial Complex, Maharashtra",
Ironclad Freight 2678,10BYRPZ8878P4ZU,vendor2678@vendormail.test,9841744623,"873 Commercial Complex, Bihar",
Pioneer Security Services 2679,,vendor2679@vendormail.test,9492288677,"682 Market Road, Haryana",
Fusion Print Works 2680,36CCJXB3650K4ZQ,vendor2680@vendormail.test,9835052640,"204 Commercial Complex, Telangana",
Bluepeak Textiles 2681,20PMLQX5889J1ZN,vendor2681@vendormail.test,9776279988,"89 Commercial Complex, Jharkhand",
Zenith Consultants 2682,04BSXIY9090F1ZW,vendor2682@vendormail.test,9502630511,"328 Industrial Estate, Chandigarh",
Apex Engineering 2683,36TXUOI6763K1ZJ,vendor2683@vendormail.test,9516084950,"844 Market Road, Telangana",
Skyline Distributors 2684,,vendor2684@vendormail.test,9478646070,"991 Market Road, Jammu and Kashmir",
Falcon Office Supplies 2685,19BEZNU4265S3Z8,vendor2685@vendormail.test,9781039139,"992 Market Road, West Bengal",
Bluepeak Logistics 2686,,vendor2686@vendormail.test,9516762907,"518 Market Road, Jharkhand",
Zenith Hosting 2687,01KRYXS9687L5ZT,vendor2687@vendormail.test,9888405416,"201 Industrial Estate, Jammu and Kashmir",
Reliable Stationery 2688,07TLYWT8080Z4Z2,vendor2688@vendormail.test,9119178506,"472 Market Road, Delhi",
Apex Advertising 2689,09SXBZX6726B3ZS,vendor2689@vendormail.test,9963181303,"806 Industrial Estate, Uttar Pradesh",
Meridian Electricals 2690,,vendor2690@vendormail.test,9759024406,"233 Market Road, Maharashtra",
Anchor IT Services 2691,36OVBGJ2643L1ZW,vendor2691@vendormail.test,9384796634,"175 Commercial Complex, Telangana",
Orbit Packaging 2692,,vendor2692@vendormail.test,9403421135,"649 Industrial Estate, Madhya Pradesh",
Skyline Freight 2693,10MCANT9490O8ZW,vendor2693@vendormail.test,9943829755,"80 Commercial Complex, Bihar",
Ironclad Security Services 2694,,vendor2694@vendormail.test,9732201665,"851 Industrial Estate, Karnataka",
Golden Harvest Print Works 2695,30FQPQK9577J1ZT,vendor2695@vendormail.test,9850297975,"490 Commercial Complex, Goa",
Ironclad Textiles 2696,01URYIU2639J2ZU,vendor2696@vendormail.test,9802733225,"830 Market Road, Jammu and Kashmir",
Apex Consultants 2697,,vendor2697@vendormail.test,9424247228,"142 Commercial Complex, Madhya Pradesh",
Meridian Engineering 2698,,vendor2698@vendormail.test,9626490607,"842 Commercial Complex, West Bengal",
Prime Distributors 2699,11GLXTT8221R6Z0,vendor2699@vendormail.test,9321165031,"701 Commercial Complex, Sikkim",
Nimbus Office Supplies 2700,08KQSCK9485L6ZI,vendor2700@vendormail.test,9433623773,"73 Commercial Complex, Rajasthan",
Nimbus Logistics 2701,22HOIQH4342F6ZF,vendor2701@vendormail.test,9110810694,"126 Industrial Estate, Chhattisgarh",
Sunrise Hosting 2702,24NSUOU5421C1ZF,vendor2702@vendormail.test,9196362581,"760 Industrial Estate, Gujarat",
BlueWave Stationery 2703,,vendor2703@vendormail.test,9586791636,"832 Commercial Complex, Goa",
Delta Advertising 2704,24CIMLZ5490E4Z6,vendor2704@vendormail.test,9160660308,"191 Market Road, Gujarat",
Everest Electricals 2705,11UOGUT9338A8ZC,vendor2705@vendormail.test,9727778648,"185 Commercial Complex, Sikkim",
Zenith IT Services 2706,,vendor2706@vendormail.test,9581696190,"276 Market Road, Assam",
Metro Packaging 2707,10EHRRB3821M2ZU,vendor2707@vendormail.test,9984649135,"812 Market Road, Bihar",
Skyline Freight 2708,20PDWMS8522E3ZP,vendor2708@vendormail.test,9852467864,"119 Market Road, Jharkhand",
Anchor Security Services 2709,21ZNKRF5957Y5ZW,vendor2709@vendormail.test,9347584408,"597 Commercial Complex, Odisha",
Fusion Print Works 2710,,vendor2710@vendormail.test,9689417528,"177 Market Road, Himachal Pradesh",
Meridian Textiles 2711,,vendor2711@vendormail.test,9315961547,"978 Market Road, Tamil Nadu",
Bluepeak Consultants 2712,,vendor2712@vendormail.test,9852107408,"878 Market Road, West Bengal",
Zenith Engineering 2713,05OHYDN7879W3ZY,vendor2713@vendormail.test,9692900110,"993 Market Road, Uttarakhand",
Anchor Distributors 2714,10CWWUL1904I5Z3,vendor2714@vendormail.test,9450330447,"84 Commercial Complex, Bihar",
CloudNet Office Supplies 2715,,vendor2715@vendormail.test,9750250827,"171 Commercial Complex, Goa",
Meridian Logistics 2716,,vendor2716@vendormail.test,9563094936,"22 Market Road, Andhra Pradesh",
Redwood Hosting 2717,,vendor2717@vendormail.test,9367498168,"700 Market Road, Uttarakhand",
Golden Harvest Stationery 2718,32AREMA8892X9ZI,vendor2718@vendormail.test,9772018505,"275 Commercial Complex, Kerala",
Reliable Advertising 2719,,vendor2719@vendormail.test,9105117933,"625 Industrial Estate, Delhi",
Golden Harvest Electricals 2720,06DNCQF6246R4ZL,vendor2720@vendormail.test,9869758089,"918 Industrial Estate, Haryana",
CloudNet IT Services 2721,05FGGXW1948Q4Z9,vendor2721@vendormail.test,9663758646,"957 Market Road, Uttarakhand",
Crestline Packaging 2722,37OQHYE3688G4ZI,vendor2722@vendormail.test,9289467035,"515 Market Road, Andhra Pradesh",
Skyline Freight 2723,19DPLBS9339M4ZJ,vendor2723@vendormail.test,9219106716,"246 Market Road, West Bengal",
CloudNet Security Services 2724,37SSREU6648V6ZT,vendor2724@vendormail.test,9376333095,"458 Industrial Estate, Andhra Pradesh",
Golden Harvest Print Works 2725,33BGNPR9067Z5ZQ,vendor2725@vendormail.test,9277489388,"931 Industrial Estate, Tamil Nadu",
Crestline Textiles 2726,32WFFGW6975U1Z7,vendor2726@vendormail.test,9327658761,"803 Commercial Complex, Kerala",
Falcon Consultants 2727,08DBXZB1072U9ZP,vendor2727@vendormail.test,9102114292,"655 Commercial Complex, Rajasthan",
Vertex Engineering 2728,20TJTYJ9500O8ZF,vendor2728@vendormail.test,9880817665,"752 Market Road, Jharkhand",
Reliable Distributors 2729,08FIFFT1610F4Z8,vendor2729@vendormail.test,9876709377,"953 Market Road, Rajasthan",
Pioneer Office Supplies 2730,,vendor2730@vendormail.test,9938944925,"692 Industrial Estate, Bihar",
Reliable Logistics 2731,36HVJCP8591X9ZH,vendor2731@vendormail.test,9264700195,"761 Market Road, Telangana",
Meridian Hosting 2732,29QEOWU6786F3ZQ,vendor2732@vendormail.test,9805470828,"137 Commercial Complex, Karnataka",
Reliable Stationery 2733,21SXLBM1372C2Z2,vendor2733@vendormail.test,9444863525,"654 Commercial Complex, Odisha",
Reliable Advertising 2734,,vendor2734@vendormail.test,9593517414,"894 Commercial Complex, Odisha",
Vertex Electricals 2735,04BKSWG9324S1Z5,vendor2735@vendormail.test,9233643307,"718 Commercial Complex, Chandigarh",
Vertex IT Services 2736,,vendor2736@vendormail.test,9893011293,"729 Market Road, Madhya Pradesh",
BlueWave Packaging 2737,06ZZODR1031A9ZN,vendor2737@vendormail.test,9340900287,"310 Industrial Estate, Haryana",
Meridian Freight 2738,04USUAV4180B4Z6,vendor2738@vendormail.test,9110486458,"195 Commercial Complex, Chandigarh",
Prime Security Services 2739,08LFDSJ1472Z5Z9,vendor2739@vendormail.test,9652826669,"642 Market Road, Rajasthan",
Orbit Print Works 2740,29OSOZM3263W3ZI,vendor2740@vendormail.test,9995021017,"493 Market Road, Karnataka",
BlueWave Textiles 2741,,vendor2741@vendormail.test,9660428188,"241 Market Road, Uttarakhand",
Crestline Consultants 2742,24KWCBE5529N8Z9,vendor2742@vendormail.test,9545325988,"933 Industrial Estate, Gujarat",
Anchor Engineering 2743,08OWPXT9934M8ZC,vendor2743@vendormail.test,9602181582,"665 Commercial Complex, Rajasthan",
Ironclad Distributors 2744,,vendor2744@vendormail.test,9905073380,"417 Commercial Complex, Gujarat",
Prime Office Supplies 2745,,vendor2745@vendormail.test,9168996639,"123 Market Road, Maharashtra",
Fusion Logistics 2746,04IRLZI8526H1ZG,vendor2746@vendormail.test,9641276694,"765 Industrial Estate, Chandigarh",
Zenith Hosting 2747,11NEFDQ8788Z3Z5,vendor2747@vendormail.test,9842273384,"929 Commercial Complex, Sikkim",
Apex Stationery 2748,18VEUSY3411H2ZH,vendor2748@vendormail.test,9852760393,"273 Industrial Estate, Assam",
Skyline Advertising 2749,19JWOKL6986Z8ZI,vendor2749@vendormail.test,9599422924,"452 Commercial Complex, West Bengal",
Nimbus Electricals 2750,,vendor2750@vendormail.test,9852058193,"282 Commercial Complex, Madhya Pradesh",
Sunrise IT Services 2751,33YYXIX5692Y1ZY,vendor2751@vendormail.test,9950826049,"552 Industrial Estate, Tamil Nadu",
Prime Packaging 2752,,vendor2752@vendormail.test,9568851621,"801 Market Road, Gujarat",
Northstar Freight 2753,04LHZUP2529Y8Z4,vendor2753@vendormail.test,9907324850,"198 Commercial Complex, Chandigarh",
Redwood Security Services 2754,08TPXZX2399Z1ZB,vendor2754@vendormail.test,9134315364,"494 Market Road, Rajasthan",
Vertex Print Works 2755,04ZNZTF5098C9Z5,vendor2755@vendormail.test,9828923592,"763 Industrial Estate, Chandigarh",
Metro Textiles 2756,,vendor2756@vendormail.test,9441145601,"58 Market Road, Haryana",
Zenith Consultants 2757,07GREZG5769L5ZW,vendor2757@vendormail.test,9880042559,"992 Commercial Complex, Delhi",
Redwood Engineering 2758,22YLXSV5754J8Z3,vendor2758@vendormail.test,9975752928,"78 Commercial Complex, Chhattisgarh",
Skyline Distributors 2759,19OLUTD1094V7ZH,vendor2759@vendormail.test,9334826904,"484 Commercial Complex, West Bengal",
Northstar Office Supplies 2760,,vendor2760@vendormail.test,9305161576,"464 Commercial Complex, Haryana",
Everest Logistics 2761,,vendor2761@vendormail.test,9440536281,"738 Market Road, Uttarakhand",
Titan Hosting 2762,,vendor2762@vendormail.test,9131915448,"558 Commercial Complex, Delhi",
Zenith Stationery 2763,,vendor2763@vendormail.test,9705292599,"30 Market Road, Chhattisgarh",
Everest Advertising 2764,03ECEKI2829L7Z4,vendor2764@vendormail.test,9180491853,"35 Industrial Estate, Punjab",
Meridian Electricals 2765,06STTPE7869E9ZS,vendor2765@vendormail.test,9412038885,"236 Commercial Complex, Haryana",
Crestline IT Services 2766,24EXGSC3748L3ZD,vendor2766@vendormail.test,9146309742,"272 Industrial Estate, Gujarat",
Apex Packaging 2767,03ONQDM7509V7Z1,vendor2767@vendormail.test,9957539144,"677 Commercial Complex, Punjab",
Zenith Freight 2768,07ZMPGP4539P6ZF,vendor2768@vendormail.test,9328834965,"499 Commercial Complex, Delhi",
Meridian Security Services 2769,,vendor2769@vendormail.test,9961598735,"265 Market Road, Gujarat",
Nimbus Print Works 2770,30CPJOW2632R5ZU,vendor2770@vendormail.test,9173319933,"639 Industrial Estate, Goa",
Sunrise Textiles 2771,09ZTJUI5298B6ZZ,vendor2771@vendormail.test,9679357061,"297 Market Road, Uttar Pradesh",
Fusion Consultants 2772,,vendor2772@vendormail.test,9329893991,"711 Commercial Complex, Maharashtra",
BlueWave Engineering 2773,,vendor2773@vendormail.test,9150475547,"856 Commercial Complex, Chandigarh",
Fusion Distributors 2774,,vendor2774@vendormail.test,9586182736,"725 Market Road, Gujarat",
Northstar Office Supplies 2775,05WXMSS1775E3ZV,vendor2775@vendormail.test,9762495307,"255 Market Road, Uttarakhand",
Emerald Logistics 2776,06XEMJW6992K1ZP,vendor2776@vendormail.test,9831165858,"14 Commercial Complex, Haryana",
Pioneer Hosting 2777,05IUMLG7146O8Z7,vendor2777@vendormail.test,9305365646,"578 Industrial Estate, Uttarakhand",
Delta Stationery 2778,03KOKET5897A1Z3,vendor2778@vendormail.test,9324009266,"478 Market Road, Punjab",
Golden Harvest Advertising 2779,36CKNFB6830J5ZB,vendor2779@vendormail.test,9828889011,"736 Industrial Estate, Telangana",
Northstar Electricals 2780,29JIRIN5927C5ZL,vendor2780@vendormail.test,9967449056,"130 Market Road, Karnataka",
CloudNet IT Services 2781,,vendor2781@vendormail.test,9531155631,"35 Market Road, Tamil Nadu",
Golden Harvest Packaging 2782,27GJBRU9373U7ZM,vendor2782@vendormail.test,9546165012,"637 Industrial Estate, Maharashtra",
Anchor Freight 2783,02JGZMR5306H6ZG,vendor2783@vendormail.test,9622838757,"384 Market Road, Himachal Pradesh",
Metro Security Services 2784,06KWWAR5305K7ZM,vendor2784@vendormail.test,9792574176,"79 Commercial Complex, Haryana",
Delta Print Works 2785,,vendor2785@vendormail.test,9211656757,"785 Industrial Estate, West Bengal",
Horizon Textiles 2786,23NPMZN6243G8Z4,vendor2786@vendormail.test,9678611535,"956 Market Road, Madhya Pradesh",
Falcon Consultants 2787,33KQQIC9997Y9Z9,vendor2787@vendormail.test,9578230050,"293 Market Road, Tamil Nadu",
Skyline Engineering 2788,,vendor2788@vendormail.test,9949569548,"186 Industrial Estate, Delhi",
Vertex Distributors 2789,,vendor2789@vendormail.test,9921101980,"331 Commercial Complex, Madhya Pradesh",
Reliable Office Supplies 2790,22YMKNQ6601X6Z9,vendor2790@vendormail.test,9874842736,"520 Market Road, Chhattisgarh",
Metro Logistics 2791,18WHYGE8641W6ZT,vendor2791@vendormail.test,9188369724,"998 Industrial Estate, Assam",
Bluepeak Hosting 2792,,vendor2792@vendormail.test,9490710583,"154 Commercial Complex, Jharkhand",
Delta Stationery 2793,03YIYJK9810C9ZD,vendor2793@vendormail.test,9982852792,"377 Industrial Estate, Punjab",
Delta Advertising 2794,,vendor2794@vendormail.test,9260497374,"28 Industrial Estate, Maharashtra",
Orbit Electricals 2795,19GCSUY7702B7ZZ,vendor2795@vendormail.test,9781384170,"317 Market Road, West Bengal",
Redwood IT Services 2796,06GISON4303X4ZO,vendor2796@vendormail.test,9802150592,"92 Commercial Complex, Haryana",
Pioneer Packaging 2797,05JHIPE3848X1ZZ,vendor2797@vendormail.test,9561318833,"446 Commercial Complex, Uttarakhand",
Metro Freight 2798,29LSCOA9797C1ZC,vendor2798@vendormail.test,9121028939,"211 Industrial Estate, Karnataka",
Bluepeak Security Services 2799,20WMASV5207J2ZZ,vendor2799@vendormail.test,9254237122,"977 Commercial Complex, Jharkhand",
Ironclad Print Works 2800,20IDTTY3651L1ZF,vendor2800@vendormail.test,9265495718,"137 Market Road, Jharkhand",
Nimbus Textiles 2801,07JLZZE8883C8ZZ,vendor2801@vendormail.test,9900271298,"404 Industrial Estate, Delhi",
Greenfield Consultants 2802,05PUFAV1793Y8ZC,vendor2802@vendormail.test,9224099092,"450 Commercial Complex, Uttarakhand",
Redwood Engineering 2803,,vendor2803@vendormail.test,9431258059,"406 Industrial Estate, Bihar",
Orbit Distributors 2804,24XGDTA9971Y4ZG,vendor2804@vendormail.test,9241764496,"984 Industrial Estate, Gujarat",
CloudNet Office Supplies 2805,11WFPJC9028J2ZB,vendor2805@vendormail.test,9909315160,"990 Market Road, Sikkim",
CloudNet Logistics 2806,04HJOTS9654V9ZL,vendor2806@vendormail.test,9303580789,"625 Market Road, Chandigarh",
Delta Hosting 2807,,vendor2807@vendormail.test,9795547224,"134 Commercial Complex, Delhi",
Zenith Stationery 2808,06VHQVZ4529L6ZW,vendor2808@vendormail.test,9803861794,"683 Industrial Estate, Haryana",
Everest Advertising 2809,32PUVGR6701E6ZM,vendor2809@vendormail.test,9461723404,"591 Commercial Complex, Kerala",
CloudNet Electricals 2810,,vendor2810@vendormail.test,9930789550,"587 Commercial Complex, Punjab",
Fusion IT Services 2811,36MIZWZ6911V2ZQ,vendor2811@vendormail.test,9436131987,"152 Industrial Estate, Telangana",
Sunrise Packaging 2812,30TNRAL5045X7ZB,vendor2812@vendormail.test,9409273487,"966 Industrial Estate, Goa",
Everest Freight 2813,04UAHOP6794E2ZC,vendor2813@vendormail.test,9164927120,"539 Commercial Complex, Chandigarh",
Orbit Security Services 2814,10ERILS7287E3ZK,vendor2814@vendormail.test,9762853886,"57 Market Road, Bihar",
Silverline Print Works 2815,09HCCJW9157G3ZN,vendor2815@vendormail.test,9849463314,"889 Market Road, Uttar Pradesh",
Horizon Textiles 2816,,vendor2816@vendormail.test,9599963312,"10 Commercial Complex, Himachal Pradesh",
Prime Consultants 2817,,vendor2817@vendormail.test,9628788204,"146 Market Road, Goa",
CloudNet Engineering 2818,23ZZTEO6468C8ZX,vendor2818@vendormail.test,9782553565,"143 Industrial Estate, Madhya Pradesh",
Skyline Distributors 2819,01BNSRL3125O4ZK,vendor2819@vendormail.test,9488633957,"352 Industrial Estate, Jammu and Kashmir",
Orbit Office Supplies 2820,36HOEVT3642E6ZD,vendor2820@vendormail.test,9557014088,"893 Industrial Estate, Telangana",
Skyline Logistics 2821,21GTTXG1046C5Z0,vendor2821@vendormail.test,9375533927,"435 Commercial Complex, Odisha",
Fusion Hosting 2822,,vendor2822@vendormail.test,9367325009,"543 Industrial Estate, Jammu and Kashmir",
Emerald Stationery 2823,,vendor2823@vendormail.test,9894186898,"303 Industrial Estate, Sikkim",
Orbit Advertising 2824,06BPCBX1321I5ZN,vendor2824@vendormail.test,9333877377,"37 Commercial Complex, Haryana",
Redwood Electricals 2825,24BPXGG7699W1ZD,vendor2825@vendormail.test,9882824496,"542 Commercial Complex, Gujarat",
Meridian IT Services 2826,,vendor2826@vendormail.test,9413242213,"683 Market Road, Madhya Pradesh",
Greenfield Packaging 2827,23REJWL9561L8ZV,vendor2827@vendormail.test,9493218228,"710 Commercial Complex, Madhya Pradesh",
Falcon Freight 2828,,vendor2828@vendormail.test,9434704627,"993 Industrial Estate, Bihar",
Pioneer Security Services 2829,22ICFUD7681O5ZR,vendor2829@vendormail.test,9247765580,"879 Industrial Estate, Chhattisgarh",
Redwood Print Works 2830,,vendor2830@vendormail.test,9555660705,"395 Industrial Estate, Punjab",
Northstar Textiles 2831,,vendor2831@vendormail.test,9287571887,"196 Market Road, Assam",
Emerald Consultants 2832,09PLREA4643V6Z3,vendor2832@vendormail.test,9635518107,"461 Market Road, Uttar Pradesh",
CloudNet Engineering 2833,09BPNSF3401Y4ZE,vendor2833@vendormail.test,9626540256,"347 Market Road, Uttar Pradesh",
Fusion Distributors 2834,36MQXZQ4566B7ZU,vendor2834@vendormail.test,9675858770,"365 Market Road, Telangana",
Golden Harvest Office Supplies 2835,20ZHVUW2111L9Z5,vendor2835@vendormail.test,9335249060,"651 Industrial Estate, Jharkhand",
Silverline Logistics 2836,22TYZYX6111U3Z7,vendor2836@vendormail.test,9863166565,"205 Commercial Complex, Chhattisgarh",
Orbit Hosting 2837,04QLAKC6687Y6ZX,vendor2837@vendormail.test,9962469979,"100 Industrial Estate, Chandigarh",
Vertex Stationery 2838,,vendor2838@vendormail.test,9771721018,"559 Industrial Estate, Karnataka",
Orbit Advertising 2839,37PJCJN1450C8ZE,vendor2839@vendormail.test,9888112430,"515 Commercial Complex, Andhra Pradesh",
Falcon Electricals 2840,21XVSWN2914L7ZK,vendor2840@vendormail.test,9795935572,"895 Commercial Complex, Odisha",
Apex IT Services 2841,02JWBCQ8888N1ZV,vendor2841@vendormail.test,9385253974,"253 Commercial Complex, Himachal Pradesh",
Redwood Packaging 2842,19WUTUP5872W8ZF,vendor2842@vendormail.test,9724887100,"752 Industrial Estate, West Bengal",
Ironclad Freight 2843,08ESAVM5037E6Z2,vendor2843@vendormail.test,9492400466,"639 Industrial Estate, Rajasthan",
Nimbus Security Services 2844,,vendor2844@vendormail.test,9971591275,"37 Industrial Estate, Rajasthan",
Titan Print Works 2845,29OVBKG4348C8ZI,vendor2845@vendormail.test,9932297046,"968 Industrial Estate, Karnataka",
Bluepeak Textiles 2846,30HZFVU9601W7Z3,vendor2846@vendormail.test,9117352259,"668 Industrial Estate, Goa",
Pioneer Consultants 2847,24YFAIX6924T4ZG,vendor2847@vendormail.test,9687579950,"110 Industrial Estate, Gujarat",
Nimbus Engineering 2848,10XAYPF2692H6ZB,vendor2848@vendormail.test,9467242315,"285 Market Road, Bihar",
Sunrise Distributors 2849,20GXCOR3128U5ZM,vendor2849@vendormail.test,9539200432,"562 Market Road, Jharkhand",
Nimbus Office Supplies 2850,10WXYTH1136Y8ZI,vendor2850@vendormail.test,9938639369,"24 Commercial Complex, Bihar",
Redwood Logistics 2851,09SJZHN1887F3ZK,vendor2851@vendormail.test,9576186766,"738 Commercial Complex, Uttar Pradesh",
Greenfield Hosting 2852,,vendor2852@vendormail.test,9202866671,"568 Industrial Estate, Uttarakhand",
Horizon Stationery 2853,,vendor2853@vendormail.test,9235823797,"344 Industrial Estate, Chhattisgarh",
Delta Advertising 2854,37SVGHX3013W1ZZ,vendor2854@vendormail.test,9572503551,"501 Commercial Complex, Andhra Pradesh",
Silverline Electricals 2855,36VWZEK5533J4Z5,vendor2855@vendormail.test,9210420211,"20 Market Road, Telangana",
Crestline IT Services 2856,06IWZZE4753O4ZV,vendor2856@vendormail.test,9326294263,"705 Commercial Complex, Haryana",
Pioneer Packaging 2857,,vendor2857@vendormail.test,9434464968,"535 Commercial Complex, Uttarakhand",
Zenith Freight 2858,,vendor2858@vendormail.test,9798680390,"666 Market Road, Madhya Pradesh",
Meridian Security Services 2859,06XWWFA3981O8ZQ,vendor2859@vendormail.test,9799054060,"406 Market Road, Haryana",
Pioneer Print Works 2860,08NMCYX6562Q8Z5,vendor2860@vendormail.test,9881981738,"344 Industrial Estate, Rajasthan",
Apex Textiles 2861,03WXRZX1549X5ZA,vendor2861@vendormail.test,9780639890,"154 Industrial Estate, Punjab",
Crestline Consultants 2862,,vendor2862@vendormail.test,9150718087,"193 Industrial Estate, Uttarakhand",
Crestline Engineering 2863,,vendor2863@vendormail.test,9787827614,"216 Market Road, Chhattisgarh",
Skyline Distributors 2864,37VJABC7739H9ZM,vendor2864@vendormail.test,9532631395,"387 Commercial Complex, Andhra Pradesh",
Pioneer Office Supplies 2865,37EWNSX2161T8Z8,vendor2865@vendormail.test,9845961389,"897 Commercial Complex, Andhra Pradesh",
Titan Logistics 2866,,vendor2866@vendormail.test,9862078164,"659 Commercial Complex, Rajasthan",
Skyline Hosting 2867,,vendor2867@vendormail.test,9444392066,"254 Market Road, Telangana",
Apex Stationery 2868,22MMIIX9873G2Z6,vendor2868@vendormail.test,9795056600,"557 Market Road, Chhattisgarh",
Crestline Advertising 2869,19YKGHU1568T2ZG,vendor2869@vendormail.test,9464179545,"266 Market Road, West Bengal",
Nimbus Electricals 2870,06HULTR5245V2ZE,vendor2870@vendormail.test,9824322427,"955 Market Road, Haryana",
Prime IT Services 2871,,vendor2871@vendormail.test,9498621948,"659 Commercial Complex, Jharkhand",
Vertex Packaging 2872,04ZYLRU5481T1Z3,vendor2872@vendormail.test,9482752097,"823 Industrial Estate, Chandigarh",
Fusion Freight 2873,23GYKVF5947V6Z1,vendor2873@vendormail.test,9455105293,"112 Commercial Complex, Madhya Pradesh",
Ironclad Security Services 2874,05SXVPZ8978M1ZV,vendor2874@vendormail.test,9709425015,"438 Commercial Complex, Uttarakhand",
Horizon Print Works 2875,,vendor2875@vendormail.test,9819404261,"782 Commercial Complex, Assam",
Everest Textiles 2876,27XRFXG6116M8ZY,vendor2876@vendormail.test,9724326532,"750 Market Road, Maharashtra",
Redwood Consultants 2877,27DRWCH4665P4ZV,vendor2877@vendormail.test,9786308310,"668 Market Road, Maharashtra",
Apex Engineering 2878,,vendor2878@vendormail.test,9341259524,"87 Market Road, Madhya Pradesh",
Everest Distributors 2879,,vendor2879@vendormail.test,9807922334,"528 Commercial Complex, Tamil Nadu",
Delta Office Supplies 2880,,vendor2880@vendormail.test,9936064512,"840 Commercial Complex, Uttar Pradesh",
Zenith Logistics 2881,,vendor2881@vendormail.test,9583614449,"205 Industrial Estate, Madhya Pradesh",
Sunrise Hosting 2882,24CCQGC9987E7Z5,vendor2882@vendormail.test,9818616649,"85 Market Road, Gujarat",
Ironclad Stationery 2883,,vendor2883@vendormail.test,9161068722,"731 Industrial Estate, Kerala",
Reliable Advertising 2884,27OMYAT2265S2ZT,vendor2884@vendormail.test,9870723410,"909 Market Road, Maharashtra",
Northstar Electricals 2885,11RDDME2309J3ZJ,vendor2885@vendormail.test,9576621720,"318 Industrial Estate, Sikkim",
Skyline IT Services 2886,06VNIVU4582U8ZB,vendor2886@vendormail.test,9700853438,"119 Industrial Estate, Haryana",
Bluepeak Packaging 2887,21RFCOD1484J3ZQ,vendor2887@vendormail.test,9531663589,"38 Industrial Estate, Odisha",
Meridian Freight 2888,,vendor2888@vendormail.test,9682046626,"642 Commercial Complex, Uttarakhand",
Prime Security Services 2889,,vendor2889@vendormail.test,9717316730,"744 Market Road, Maharashtra",
Delta Print Works 2890,,vendor2890@vendormail.test,9931793717,"893 Industrial Estate, West Bengal",
Nimbus Textiles 2891,,vendor2891@vendormail.test,9649742797,"74 Industrial Estate, Himachal Pradesh",
Orbit Consultants 2892,21VGRDP8355T1ZN,vendor2892@vendormail.test,9445956436,"286 Market Road, Odisha",
BlueWave Engineering 2893,,vendor2893@vendormail.test,9390833775,"154 Market Road, West Bengal",
Silverline Distributors 2894,08WONVN8950M2Z8,vendor2894@vendormail.test,9871011878,"820 Commercial Complex, Rajasthan",
Skyline Office Supplies 2895,,vendor2895@vendormail.test,9845136772,"955 Commercial Complex, Madhya Pradesh",
Everest Logistics 2896,,vendor2896@vendormail.test,9259574478,"244 Commercial Complex, Punjab",
Pioneer Hosting 2897,18PQTBK8599E4ZV,vendor2897@vendormail.test,9249504603,"401 Commercial Complex, Assam",
Ironclad Stationery 2898,,vendor2898@vendormail.test,9509690097,"92 Industrial Estate, Delhi",
CloudNet Advertising 2899,,vendor2899@vendormail.test,9953997010,"906 Market Road, Madhya Pradesh",
Vertex Electricals 2900,11MXLVN9150X6ZT,vendor2900@vendormail.test,9640921219,"505 Industrial Estate, Sikkim",
Bluepeak IT Services 2901,,vendor2901@vendormail.test,9562387514,"262 Commercial Complex, Maharashtra",
Nimbus Packaging 2902,27PNZUW6774M1ZH,vendor2902@vendormail.test,9566678621,"826 Commercial Complex, Maharashtra",
Zenith Freight 2903,37KZLPG3246J8ZV,vendor2903@vendormail.test,9957784973,"221 Market Road, Andhra Pradesh",
Metro Security Services 2904,30KBPOD1353H9ZZ,vendor2904@vendormail.test,9219867978,"648 Commercial Complex, Goa",
Bluepeak Print Works 2905,30UHDZY4101M9ZM,vendor2905@vendormail.test,9582560785,"755 Market Road, Goa",
Sunrise Textiles 2906,,vendor2906@vendormail.test,9185425533,"479 Industrial Estate, Odisha",
Orbit Consultants 2907,24WAHKD3401B5Z0,vendor2907@vendormail.test,9462760362,"310 Commercial Complex, Gujarat",
Greenfield Engineering 2908,19FKTKZ2857G3ZI,vendor2908@vendormail.test,9288967715,"216 Industrial Estate, West Bengal",
Meridian Distributors 2909,37EBMTZ9994F1ZT,vendor2909@vendormail.test,9790067422,"551 Commercial Complex, Andhra Pradesh",
Pioneer Office Supplies 2910,,vendor2910@vendormail.test,9330757225,"511 Market Road, Telangana",
BlueWave Logistics 2911,,vendor2911@vendormail.test,9287295778,"238 Industrial Estate, Punjab",
Reliable Hosting 2912,,vendor2912@vendormail.test,9710826770,"832 Market Road, Tamil Nadu",
Metro Stationery 2913,,vendor2913@vendormail.test,9605894270,"726 Market Road, Goa",
Fusion Advertising 2914,03EDVQQ1394C4ZN,vendor2914@vendormail.test,9576676956,"15 Market Road, Punjab",
Skyline Electricals 2915,22WSRXB8741W5ZF,vendor2915@vendormail.test,9186789940,"232 Market Road, Chhattisgarh",
Golden Harvest IT Services 2916,07WKKIG3421Y7Z9,vendor2916@vendormail.test,9340801537,"90 Industrial Estate, Delhi",
Orbit Packaging 2917,01SFGFG8105X8ZM,vendor2917@vendormail.test,9854826209,"415 Industrial Estate, Jammu and Kashmir",
Skyline Freight 2918,,vendor2918@vendormail.test,9404788290,"511 Market Road, Himachal Pradesh",
Horizon Security Services 2919,10XXKXS9780D9ZH,vendor2919@vendormail.test,9792788503,"77 Industrial Estate, Bihar",
Greenfield Print Works 2920,,vendor2920@vendormail.test,9746794901,"296 Market Road, Karnataka",
Meridian Textiles 2921,27EYBQT6618W9ZN,vendor2921@vendormail.test,9791757564,"666 Industrial Estate, Maharashtra",
BlueWave Consultants 2922,02ZOURX8877F4ZJ,vendor2922@vendormail.test,9880961863,"817 Industrial Estate, Himachal Pradesh",
Silverline Engineering 2923,,vendor2923@vendormail.test,9977324447,"510 Commercial Complex, Kerala",
Bluepeak Distributors 2924,08UCXID9338R4ZT,vendor2924@vendormail.test,9917818081,"963 Commercial Complex, Rajasthan",
Prime Office Supplies 2925,08MDPHU9211K9ZQ,vendor2925@vendormail.test,9610614938,"767 Commercial Complex, Rajasthan",
BlueWave Logistics 2926,27DREBB8195C2ZA,vendor2926@vendormail.test,9413702309,"657 Industrial Estate, Maharashtra",
Bluepeak Hosting 2927,37PVYGI2486A3ZT,vendor2927@vendormail.test,9254983097,"357 Industrial Estate, Andhra Pradesh",
Reliable Stationery 2928,,vendor2928@vendormail.test,9318344834,"109 Industrial Estate, West Bengal",
Anchor Advertising 2929,06LOHBO8668Z7Z8,vendor2929@vendormail.test,9756036510,"425 Industrial Estate, Haryana",
Ironclad Electricals 2930,20QLEYD1325J3Z5,vendor2930@vendormail.test,9494023821,"813 Market Road, Jharkhand",
Orbit IT Services 2931,,vendor2931@vendormail.test,9200381959,"706 Commercial Complex, Himachal Pradesh",
Everest Packaging 2932,01NYIPE1775M6ZG,vendor2932@vendormail.test,9224344478,"491 Commercial Complex, Jammu and Kashmir",
Orbit Freight 2933,11XIDUN1428B5Z0,vendor2933@vendormail.test,9126443200,"844 Commercial Complex, Sikkim",
Prime Security Services 2934,01JBHQT2427P1ZQ,vendor2934@vendormail.test,9235037031,"827 Industrial Estate, Jammu and Kashmir",
Redwood Print Works 2935,07VXVOV6430E7ZO,vendor2935@vendormail.test,9272940999,"170 Market Road, Delhi",
Zenith Textiles 2936,,vendor2936@vendormail.test,9224188679,"239 Industrial Estate, Bihar",
Crestline Consultants 2937,24QWRBF8808A1ZJ,vendor2937@vendormail.test,9356309617,"846 Industrial Estate, Gujarat",
Reliable Engineering 2938,07IWAEI2354X6Z4,vendor2938@vendormail.test,9157224740,"916 Market Road, Delhi",
Titan Distributors 2939,,vendor2939@vendormail.test,9316551899,"172 Market Road, Madhya Pradesh",
Greenfield Office Supplies 2940,,vendor2940@vendormail.test,9202794274,"390 Industrial Estate, Uttar Pradesh",
Skyline Logistics 2941,09FSPCT9241S3ZT,vendor2941@vendormail.test,9985491531,"355 Market Road, Uttar Pradesh",
Reliable Hosting 2942,10QQSFF5460A4ZC,vendor2942@vendormail.test,9815514471,"682 Market Road, Bihar",
Reliable Stationery 2943,03NJNJI8042E3ZX,vendor2943@vendormail.test,9674857702,"680 Industrial Estate, Punjab",
Bluepeak Advertising 2944,,vendor2944@vendormail.test,9396344676,"627 Industrial Estate, Karnataka",
Pioneer Electricals 2945,,vendor2945@vendormail.test,9370014835,"793 Industrial Estate, Andhra Pradesh",
Delta IT Services 2946,,vendor2946@vendormail.test,9329503127,"69 Industrial Estate, Rajasthan",
Falcon Packaging 2947,,vendor2947@vendormail.test,9319777888,"714 Market Road, Karnataka",
Greenfield Freight 2948,,vendor2948@vendormail.test,9461059476,"413 Market Road, Assam",
Reliable Security Services 2949,,vendor2949@vendormail.test,9267858802,"913 Industrial Estate, Himachal Pradesh",
Sunrise Print Works 2950,,vendor2950@vendormail.test,9501807587,"195 Market Road, Jammu and Kashmir",
Ironclad Textiles 2951,22YROSL7055C4ZL,vendor2951@vendormail.test,9935368257,"761 Commercial Complex, Chhattisgarh",
Greenfield Consultants 2952,24EJYCL3740B2ZQ,vendor2952@vendormail.test,9143626813,"747 Commercial Complex, Gujarat",
Pioneer Engineering 2953,,vendor2953@vendormail.test,9394789129,"19 Industrial Estate, Rajasthan",
Delta Distributors 2954,,vendor2954@vendormail.test,9960682307,"704 Market Road, Punjab",
Horizon Office Supplies 2955,,vendor2955@vendormail.test,9890260715,"32 Market Road, Chandigarh",
Bluepeak Logistics 2956,,vendor2956@vendormail.test,9932613012,"113 Commercial Complex, Rajasthan",
Emerald Hosting 2957,29SLEJF4949T8ZU,vendor2957@vendormail.test,9316940806,"105 Commercial Complex, Karnataka",
Reliable Stationery 2958,24JUYEZ1770B3ZU,vendor2958@vendormail.test,9716190386,"203 Commercial Complex, Gujarat",
Falcon Advertising 2959,,vendor2959@vendormail.test,9189798677,"546 Industrial Estate, Gujarat",
Reliable Electricals 2960,02EOYGZ9692S8ZX,vendor2960@vendormail.test,9792636223,"500 Market Road, Himachal Pradesh",
Zenith IT Services 2961,,vendor2961@vendormail.test,9345796121,"355 Industrial Estate, Uttarakhand",
Silverline Packaging 2962,32AVUIC5941S3Z8,vendor2962@vendormail.test,9861396393,"523 Commercial Complex, Kerala",
Everest Freight 2963,08YSWMQ4062P7ZM,vendor2963@vendormail.test,9763208307,"688 Industrial Estate, Rajasthan",
Sunrise Security Services 2964,03VUTMU6816W4ZO,vendor2964@vendormail.test,9111927236,"297 Industrial Estate, Punjab",
Prime Print Works 2965,,vendor2965@vendormail.test,9219850555,"371 Market Road, Gujarat",
Orbit Textiles 2966,,vendor2966@vendormail.test,9841564112,"399 Market Road, Uttarakhand",
Vertex Consultants 2967,08GMYCG1185E1ZO,vendor2967@vendormail.test,9121595926,"52 Market Road, Rajasthan",
Nimbus Engineering 2968,,vendor2968@vendormail.test,9338458228,"622 Industrial Estate, Jammu and Kashmir",
Everest Distributors 2969,10AIZMU3756C7ZN,vendor2969@vendormail.test,9370958956,"519 Commercial Complex, Bihar",
Bluepeak Office Supplies 2970,,vendor2970@vendormail.test,9351553358,"962 Industrial Estate, Bihar",
Reliable Logistics 2971,09YQMIJ9434E4Z9,vendor2971@vendormail.test,9256215142,"541 Market Road, Uttar Pradesh",
Orbit Hosting 2972,19CYQPI9444R1Z5,vendor2972@vendormail.test,9342381371,"811 Industrial Estate, West Bengal",
Anchor Stationery 2973,10JJHNL9515N4Z8,vendor2973@vendormail.test,9576639948,"182 Industrial Estate, Bihar",
Metro Advertising 2974,,vendor2974@vendormail.test,9314111193,"538 Industrial Estate, Haryana",
Redwood Electricals 2975,05MIGWD5792A3ZY,vendor2975@vendormail.test,9478567166,"352 Market Road, Uttarakhand",
Reliable IT Services 2976,,vendor2976@vendormail.test,9493748073,"574 Industrial Estate, Uttar Pradesh",
Apex Packaging 2977,36GACJH9787X1ZU,vendor2977@vendormail.test,9901314396,"699 Industrial Estate, Telangana",
Prime Freight 2978,23NEFQV1755S5ZR,vendor2978@vendormail.test,9634028736,"94 Market Road, Madhya Pradesh",
Titan Security Services 2979,,vendor2979@vendormail.test,9934341995,"925 Industrial Estate, Goa",
Bluepeak Print Works 2980,05HADBH7702D4ZN,vendor2980@vendormail.test,9476987431,"267 Commercial Complex, Uttarakhand",
Metro Textiles 2981,,vendor2981@vendormail.test,9606901698,"61 Industrial Estate, Rajasthan",
Titan Consultants 2982,,vendor2982@vendormail.test,9472719750,"774 Market Road, Sikkim",
Greenfield Engineering 2983,30OXCWJ8445V2Z9,vendor2983@vendormail.test,9160685501,"766 Commercial Complex, Goa",
Anchor Distributors 2984,05DRYWQ8025N6ZI,vendor2984@vendormail.test,9671714313,"650 Commercial Complex, Uttarakhand",
Ironclad Office Supplies 2985,09CATXT8336I6Z2,vendor2985@vendormail.test,9395443769,"383 Commercial Complex, Uttar Pradesh",
Fusion Logistics 2986,,vendor2986@vendormail.test,9798394514,"772 Market Road, Maharashtra",
Golden Harvest Hosting 2987,,vendor2987@vendormail.test,9623816146,"440 Industrial Estate, Jammu and Kashmir",
CloudNet Stationery 2988,33UKWFT4778P2ZL,vendor2988@vendormail.test,9205327013,"300 Commercial Complex, Tamil Nadu",
CloudNet Advertising 2989,02QBZNU5215F9ZZ,vendor2989@vendormail.test,9332953472,"153 Industrial Estate, Himachal Pradesh",
Everest Electricals 2990,19JIZHG5771T4ZZ,vendor2990@vendormail.test,9522476036,"503 Industrial Estate, West Bengal",
Reliable IT Services 2991,,vendor2991@vendormail.test,9529549005,"17 Market Road, Chandigarh",
CloudNet Packaging 2992,06XNLHA4470Y4ZR,vendor2992@vendormail.test,9758256890,"708 Market Road, Haryana",
Greenfield Freight 2993,29YJQVI7382F2ZU,vendor2993@vendormail.test,9412519162,"154 Market Road, Karnataka",
Emerald Security Services 2994,20LCNPQ3588N8ZD,vendor2994@vendormail.test,9196440997,"214 Commercial Complex, Jharkhand",
Everest Print Works 2995,20KFUDT8497U8ZW,vendor2995@vendormail.test,9733197466,"284 Industrial Estate, Jharkhand",
Skyline Textiles 2996,22TAHFF8248X7Z3,vendor2996@vendormail.test,9742317682,"104 Market Road, Chhattisgarh",
Horizon Consultants 2997,19DVGKX7568H1ZC,vendor2997@vendormail.test,9600045527,"604 Market Road, West Bengal",
Apex Engineering 2998,07QVOWM9038Y4ZX,vendor2998@vendormail.test,9549614430,"227 Market Road, Delhi",
Apex Distributors 2999,23YOTTD9617P8ZO,vendor2999@vendormail.test,9452572179,"758 Market Road, Madhya Pradesh",
Nimbus Office Supplies 3000,,vendor3000@vendormail.test,9836127005,"816 Market Road, Assam",
Northstar Logistics 3001,10HXNUA5819O5Z3,vendor3001@vendormail.test,9913490510,"682 Market Road, Bihar",
Apex Hosting 3002,30KZWCW3526X1Z8,vendor3002@vendormail.test,9577700970,"588 Industrial Estate, Goa",
Pioneer Stationery 3003,19GULTL8007H7ZY,vendor3003@vendormail.test,9347281847,"885 Commercial Complex, West Bengal",
Golden Harvest Advertising 3004,19AULJG5517D4Z6,vendor3004@vendormail.test,9348501405,"800 Market Road, West Bengal",
Pioneer Electricals 3005,03LXUQA8686T1Z5,vendor3005@vendormail.test,9619011849,"873 Market Road, Punjab",
Anchor IT Services 3006,23SNKXE7787W2Z0,vendor3006@vendormail.test,9557835097,"268 Industrial Estate, Madhya Pradesh",
Meridian Packaging 3007,30AXODX3941V5ZS,vendor3007@vendormail.test,9516543040,"444 Industrial Estate, Goa",
Ironclad Freight 3008,03MVOKZ7609L8ZD,vendor3008@vendormail.test,9420734133,"929 Industrial Estate, Punjab",
Orbit Security Services 3009,,vendor3009@vendormail.test,9311662785,"773 Market Road, Delhi",
Apex Print Works 3010,32SGQSE7477T2Z3,vendor3010@vendormail.test,9535102786,"785 Commercial Complex, Kerala",
Pioneer Textiles 3011,21LWEFI5290B8ZB,vendor3011@vendormail.test,9875943048,"833 Commercial Complex, Odisha",
Skyline Consultants 3012,02TDGWR3321S7Z3,vendor3012@vendormail.test,9869702761,"609 Commercial Complex, Himachal Pradesh",
Meridian Engineering 3013,23PYSKB4806W2ZC,vendor3013@vendormail.test,9130854503,"947 Industrial Estate, Madhya Pradesh",
Anchor Distributors 3014,22MJRBE1407U4Z1,vendor3014@vendormail.test,9430664892,"792 Industrial Estate, Chhattisgarh",
Metro Office Supplies 3015,05GIDPC5258K7ZL,vendor3015@vendormail.test,9780077860,"641 Industrial Estate, Uttarakhand",
Golden Harvest Logistics 3016,,vendor3016@vendormail.test,9281843271,"370 Commercial Complex, Jammu and Kashmir",
Falcon Hosting 3017,,vendor3017@vendormail.test,9719573103,"259 Industrial Estate, Jammu and Kashmir",
Everest Stationery 3018,,vendor3018@vendormail.test,9945085539,"413 Commercial Complex, Maharashtra",
Prime Advertising 3019,11SCUIS4609N5ZU,vendor3019@vendormail.test,9128043134,"849 Market Road, Sikkim",
Silverline Electricals 3020,,vendor3020@vendormail.test,9258393363,"524 Market Road, Jharkhand",
Emerald IT Services 3021,32ZDZRE2627J4ZA,vendor3021@vendormail.test,9535228503,"104 Commercial Complex, Kerala",
CloudNet Packaging 3022,,vendor3022@vendormail.test,9637303190,"970 Commercial Complex, Madhya Pradesh",
Zenith Freight 3023,10LPPZK9964D9ZI,vendor3023@vendormail.test,9339477008,"808 Commercial Complex, Bihar",
Everest Security Services 3024,10PMRFK7945R1ZY,vendor3024@vendormail.test,9862592017,"546 Market Road, Bihar",
Delta Print Works 3025,24YECQL8928T1ZV,vendor3025@vendormail.test,9305191927,"985 Market Road, Gujarat",
Orbit Textiles 3026,,vendor3026@vendormail.test,9181446869,"737 Market Road, Sikkim",
Zenith Consultants 3027,,vendor3027@vendormail.test,9466007981,"218 Market Road, Karnataka",
Redwood Engineering 3028,06ZPQBO8578X8ZM,vendor3028@vendormail.test,9349131201,"966 Market Road, Haryana",
Sunrise Distributors 3029,,vendor3029@vendormail.test,9197066688,"263 Market Road, Uttar Pradesh",
Falcon Office Supplies 3030,30XUKRY6118U5ZH,vendor3030@vendormail.test,9943039366,"9 Commercial Complex, Goa",
Redwood Logistics 3031,07VYAZW7336L9ZY,vendor3031@vendormail.test,9286903653,"714 Market Road, Delhi",
Metro Hosting 3032,,vendor3032@vendormail.test,9703240597,"498 Market Road, Uttar Pradesh",
Everest Stationery 3033,,vendor3033@vendormail.test,9279551857,"919 Industrial Estate, Bihar",
Everest Advertising 3034,,vendor3034@vendormail.test,9792307773,"290 Commercial Complex, Odisha",
Delta Electricals 3035,22FSCQC7877C8ZM,vendor3035@vendormail.test,9192551093,"182 Commercial Complex, Chhattisgarh",
CloudNet IT Services 3036,36PODZV7529D8ZR,vendor3036@vendormail.test,9152087018,"234 Commercial Complex, Telangana",
Silverline Packaging 3037,,vendor3037@vendormail.test,9140190472,"41 Commercial Complex, Tamil Nadu",
Anchor Freight 3038,09DLMHK9034Z6ZQ,vendor3038@vendormail.test,9225557930,"233 Industrial Estate, Uttar Pradesh",
Greenfield Security Services 3039,33AWRCU6241B9ZI,vendor3039@vendormail.test,9241189347,"629 Market Road, Tamil Nadu",
Metro Print Works 3040,05DTFMG6274Z1ZN,vendor3040@vendormail.test,9796110017,"527 Commercial Complex, Uttarakhand",
Sunrise Textiles 3041,29HADLU6488D3ZX,vendor3041@vendormail.test,9987195810,"120 Market Road, Karnataka",
Delta Consultants 3042,,vendor3042@vendormail.test,9676567017,"750 Commercial Complex, Uttarakhand",
Reliable Engineering 3043,22QGJWQ3530P9Z1,vendor3043@vendormail.test,9310677133,"993 Market Road, Chhattisgarh",
Ironclad Distributors 3044,21VUJKX2566E9ZD,vendor3044@vendormail.test,9538333272,"621 Commercial Complex, Odisha",
Anchor Office Supplies 3045,37EDAVT4474C7ZH,vendor3045@vendormail.test,9458830089,"392 Commercial Complex, Andhra Pradesh",
Vertex Logistics 3046,,vendor3046@vendormail.test,9462319352,"629 Commercial Complex, Kerala",
Redwood Hosting 3047,09BZVPQ9514C1ZR,vendor3047@vendormail.test,9280980560,"872 Industrial Estate, Uttar Pradesh",
Orbit Stationery 3048,,vendor3048@vendormail.test,9772864833,"186 Commercial Complex, Sikkim",
Delta Advertising 3049,,vendor3049@vendormail.test,9839702855,"855 Commercial Complex, Sikkim",
Skyline Electricals 3050,,vendor3050@vendormail.test,9965486963,"514 Commercial Complex, Himachal Pradesh",
Reliable IT Services 3051,23XPWYY1719M1ZT,vendor3051@vendormail.test,9358028566,"594 Market Road, Madhya Pradesh",
Vertex Packaging 3052,24YPHQO5989Y5ZA,vendor3052@vendormail.test,9524779583,"40 Industrial Estate, Gujarat",
Emerald Freight 3053,37YOJHI3174D9ZB,vendor3053@vendormail.test,9301139763,"937 Industrial Estate, Andhra Pradesh",
Emerald Security Services 3054,,vendor3054@vendormail.test,9635548620,"199 Industrial Estate, Odisha",
Orbit Print Works 3055,,vendor3055@vendormail.test,9197080503,"338 Industrial Estate, Madhya Pradesh",
Sunrise Textiles 3056,27FFKXL6663E8ZI,vendor3056@vendormail.test,9479480677,"240 Market Road, Maharashtra",
Skyline Consultants 3057,37DVLQU3350L4ZP,vendor3057@vendormail.test,9250218856,"720 Commercial Complex, Andhra Pradesh",
Zenith Engineering 3058,,vendor3058@vendormail.test,9939196166,"267 Market Road, Madhya Pradesh",
Redwood Distributors 3059,,vendor3059@vendormail.test,9426234817,"777 Industrial Estate, Jammu and Kashmir",
Horizon Office Supplies 3060,09ECRCT6342J5ZT,vendor3060@vendormail.test,9794713904,"943 Market Road, Uttar Pradesh",
Redwood Logistics 3061,05RTSAR7371R2ZA,vendor3061@vendormail.test,9631241517,"105 Industrial Estate, Uttarakhand",
Meridian Hosting 3062,32PTGYQ6486D5ZZ,vendor3062@vendormail.test,9111176275,"458 Industrial Estate, Kerala",
Titan Stationery 3063,02HGERH5649J1ZG,vendor3063@vendormail.test,9269870574,"78 Commercial Complex, Himachal Pradesh",
Orbit Advertising 3064,20ZZWFR6085G7ZE,vendor3064@vendormail.test,9394092048,"346 Commercial Complex, Jharkhand",
Falcon Electricals 3065,06PGCEZ9784N7Z3,vendor3065@vendormail.test,9570975971,"354 Commercial Complex, Haryana",
Skyline IT Services 3066,29ZVUFG3469B5Z7,vendor3066@vendormail.test,9898928237,"97 Commercial Complex, Karnataka",
Zenith Packaging 3067,,vendor3067@vendormail.test,9191689090,"906 Market Road, Delhi",
Meridian Freight 3068,29ANYVB5985M2Z6,vendor3068@vendormail.test,9604247212,"904 Industrial Estate, Karnataka",
Emerald Security Services 3069,,vendor3069@vendormail.test,9611502629,"715 Industrial Estate, Haryana",
Meridian Print Works 3070,,vendor3070@vendormail.test,9958134673,"400 Commercial Complex, Uttar Pradesh",
Orbit Textiles 3071,,vendor3071@vendormail.test,9427305832,"993 Market Road, Punjab",
Emerald Consultants 3072,06IAVTG5338U4Z0,vendor3072@vendormail.test,9995774671,"585 Commercial Complex, Haryana",
Titan Engineering 3073,,vendor3073@vendormail.test,9871613868,"688 Commercial Complex, Bihar",
Crestline Distributors 3074,,vendor3074@vendormail.test,9259465573,"256 Commercial Complex, Delhi",
Apex Office Supplies 3075,27SEECF6009A7ZE,vendor3075@vendormail.test,9655144438,"413 Market Road, Maharashtra",
Northstar Logistics 3076,,vendor3076@vendormail.test,9121573767,"367 Commercial Complex, West Bengal",
Pioneer Hosting 3077,,vendor3077@vendormail.test,9580825680,"259 Commercial Complex, Uttarakhand",
Sunrise Stationery 3078,,vendor3078@vendormail.test,9854115774,"417 Market Road, Telangana",
Fusion Advertising 3079,,vendor3079@vendormail.test,9510552033,"86 Commercial Complex, Haryana",
Bluepeak Electricals 3080,07HFTRB6553R1ZL,vendor3080@vendormail.test,9443644168,"886 Commercial Complex, Delhi",
Apex IT Services 3081,21HLHHH5363D5ZJ,vendor3081@vendormail.test,9844024141,"694 Commercial Complex, Odisha",
Reliable Packaging 3082,20BKGHA1443O3ZT,vendor3082@vendormail.test,9597180962,"922 Commercial Complex, Jharkhand",
Meridian Freight 3083,33AXUFV8875Y9ZN,vendor3083@vendormail.test,9596289612,"291 Commercial Complex, Tamil Nadu",
Greenfield Security Services 3084,36PFMMU5999Y3ZQ,vendor3084@vendormail.test,9281327381,"495 Market Road, Telangana",
Skyline Print Works 3085,,vendor3085@vendormail.test,9289154162,"867 Market Road, Punjab",
Crestline Textiles 3086,20UZCTN7990D3ZR,vendor3086@vendormail.test,9996073478,"732 Market Road, Jharkhand",
Northstar Consultants 3087,,vendor3087@vendormail.test,9595604734,"460 Market Road, Gujarat",
Pioneer Engineering 3088,,vendor3088@vendormail.test,9807296883,"852 Market Road, Bihar",
Everest Distributors 3089,33WKOEL7581C1ZS,vendor3089@vendormail.test,9139531956,"573 Commercial Complex, Tamil Nadu",
Vertex Office Supplies 3090,,vendor3090@vendormail.test,9253760988,"332 Market Road, Delhi",
Anchor Logistics 3091,09NAWHB7343L7ZM,vendor3091@vendormail.test,9775306736,"876 Market Road, Uttar Pradesh",
Emerald Hosting 3092,,vendor3092@vendormail.test,9550283674,"914 Commercial Complex, Telangana",
Everest Stationery 3093,,vendor3093@vendormail.test,9461084861,"270 Industrial Estate, Jammu and Kashmir",
Fusion Advertising 3094,,vendor3094@vendormail.test,9128277489,"747 Commercial Complex, Madhya Pradesh",
Zenith Electricals 3095,37HTAKP3269A3ZP,vendor3095@vendormail.test,9307343632,"390 Industrial Estate, Andhra Pradesh",
Vertex IT Services 3096,,vendor3096@vendormail.test,9498545911,"787 Industrial Estate, West Bengal",
Crestline Packaging 3097,07VOIKD4304K5ZO,vendor3097@vendormail.test,9492368847,"666 Industrial Estate, Delhi",
Apex Freight 3098,01IOOKS6800T6ZI,vendor3098@vendormail.test,9411515175,"837 Industrial Estate, Jammu and Kashmir",
Reliable Security Services 3099,,vendor3099@vendormail.test,9398021452,"848 Commercial Complex, Himachal Pradesh",
Emerald Print Works 3100,01TQTAO1725S6ZK,vendor3100@vendormail.test,9788612816,"268 Industrial Estate, Jammu and Kashmir",
Pioneer Textiles 3101,,vendor3101@vendormail.test,9641060026,"88 Commercial Complex, Goa",
Zenith Consultants 3102,,vendor3102@vendormail.test,9275100473,"159 Commercial Complex, Rajasthan",
Falcon Engineering 3103,06CKTKR1709F9ZL,vendor3103@vendormail.test,9663351799,"900 Industrial Estate, Haryana",
Prime Distributors 3104,,vendor3104@vendormail.test,9522899737,"934 Commercial Complex, Karnataka",
Meridian Office Supplies 3105,32PWVMC6993I9ZM,vendor3105@vendormail.test,9512237531,"823 Industrial Estate, Kerala",
Bluepeak Logistics 3106,,vendor3106@vendormail.test,9359095186,"572 Industrial Estate, Sikkim",
CloudNet Hosting 3107,,vendor3107@vendormail.test,9918015223,"655 Commercial Complex, West Bengal",
Skyline Stationery 3108,10MHBHD8629R5ZV,vendor3108@vendormail.test,9960403182,"406 Commercial Complex, Bihar",
Bluepeak Advertising 3109,,vendor3109@vendormail.test,9216964544,"786 Commercial Complex, Punjab",
Anchor Electricals 3110,24QXXPJ1942L8Z6,vendor3110@vendormail.test,9629773711,"870 Commercial Complex, Gujarat",
Horizon IT Services 3111,37TBYEY7240D5Z4,vendor3111@vendormail.test,9344298828,"18 Commercial Complex, Andhra Pradesh",
Skyline Packaging 3112,,vendor3112@vendormail.test,9130584604,"154 Commercial Complex, Telangana",
Northstar Freight 3113,33SYXFC8001T5ZZ,vendor3113@vendormail.test,9500458751,"815 Industrial Estate, Tamil Nadu",
Nimbus Security Services 3114,18QIPSN4200Z9Z1,vendor3114@vendormail.test,9703483580,"303 Commercial Complex, Assam",
Falcon Print Works 3115,24AKNCH8639S6ZW,vendor3115@vendormail.test,9890803569,"832 Market Road, Gujarat",
Emerald Textiles 3116,,vendor3116@vendormail.test,9693692854,"886 Industrial Estate, Delhi",
Reliable Consultants 3117,,vendor3117@vendormail.test,9585318820,"592 Market Road, Tamil Nadu",
Vertex Engineering 3118,,vendor3118@vendormail.test,9186344039,"353 Commercial Complex, Madhya Pradesh",
Everest Distributors 3119,01DUFEM7597G2ZZ,vendor3119@vendormail.test,9863662010,"647 Market Road, Jammu and Kashmir",
Skyline Office Supplies 3120,,vendor3120@vendormail.test,9321343999,"996 Market Road, Chhattisgarh",
Delta Logistics 3121,21RJPKZ9184D9ZF,vendor3121@vendormail.test,9823961557,"958 Commercial Complex, Odisha",
Fusion Hosting 3122,,vendor3122@vendormail.test,9141834020,"595 Commercial Complex, Uttar Pradesh",
Nimbus Stationery 3123,,vendor3123@vendormail.test,9785923732,"633 Commercial Complex, Maharashtra",
Redwood Advertising 3124,,vendor3124@vendormail.test,9221835394,"90 Commercial Complex, Assam",
Reliable Electricals 3125,07VHHKD1570S2ZY,vendor3125@vendormail.test,9973423677,"807 Industrial Estate, Delhi",
Horizon IT Services 3126,,vendor3126@vendormail.test,9550640651,"946 Commercial Complex, Karnataka",
Apex Packaging 3127,,vendor3127@vendormail.test,9946282567,"517 Market Road, Odisha",
Falcon Freight 3128,,vendor3128@vendormail.test,9330518781,"180 Industrial Estate, Rajasthan",
Greenfield Security Services 3129,,vendor3129@vendormail.test,9314158084,"67 Market Road, Chhattisgarh",
Horizon Print Works 3130,,vendor3130@vendormail.test,9427042167,"199 Commercial Complex, Haryana",
Pioneer Textiles 3131,03TXBMR8352F7Z3,vendor3131@vendormail.test,9229488086,"380 Commercial Complex, Punjab",
Pioneer Consultants 3132,10SMZBQ9896G5ZW,vendor3132@vendormail.test,9414255669,"81 Commercial Complex, Bihar",
Prime Engineering 3133,22RJAQR6689F9ZV,vendor3133@vendormail.test,9314973475,"52 Industrial Estate, Chhattisgarh",
Prime Distributors 3134,22SNKWI3987E3ZI,vendor3134@vendormail.test,9893613860,"54 Industrial Estate, Chhattisgarh",
Redwood Office Supplies 3135,18SQMLQ5864I3ZD,vendor3135@vendormail.test,9189091574,"520 Market Road, Assam",
Sunrise Logistics 3136,10YAJTO3834C8ZB,vendor3136@vendormail.test,9401270559,"855 Market Road, Bihar",
Horizon Hosting 3137,22QARSR2980Z8ZY,vendor3137@vendormail.test,9252104888,"128 Industrial Estate, Chhattisgarh",
Horizon Stationery 3138,05GGSNZ7508Z6Z8,vendor3138@vendormail.test,9102425961,"766 Market Road, Uttarakhand",
Crestline Advertising 3139,,vendor3139@vendormail.test,9536338111,"687 Commercial Complex, Chandigarh",
Fusion Electricals 3140,32CFUSE3508B9ZY,vendor3140@vendormail.test,9167603928,"702 Industrial Estate, Kerala",
Golden Harvest IT Services 3141,01SJWYV5263P9ZM,vendor3141@vendormail.test,9416385873,"543 Market Road, Jammu and Kashmir",
Everest Packaging 3142,,vendor3142@vendormail.test,9106769526,"776 Market Road, West Bengal",
Redwood Freight 3143,09SHZMR5956G5ZT,vendor3143@vendormail.test,9406144791,"818 Industrial Estate, Uttar Pradesh",
Crestline Security Services 3144,,vendor3144@vendormail.test,9504394049,"440 Commercial Complex, Assam",
Everest Print Works 3145,,vendor3145@vendormail.test,9527811404,"191 Industrial Estate, Karnataka",
CloudNet Textiles 3146,08PEJCR8918Z7ZF,vendor3146@vendormail.test,9142796450,"783 Industrial Estate, Rajasthan",
Golden Harvest Consultants 3147,,vendor3147@vendormail.test,9464724094,"872 Market Road, West Bengal",
Ironclad Engineering 3148,24LJMAS2240X2ZO,vendor3148@vendormail.test,9662817061,"549 Industrial Estate, Gujarat",
Anchor Distributors 3149,,vendor3149@vendormail.test,9119896419,"278 Commercial Complex, Karnataka",
Silverline Office Supplies 3150,19RMEWP4982A5ZI,vendor3150@vendormail.test,9937086538,"34 Industrial Estate, West Bengal",
Orbit Logistics 3151,02UEFCO7448L7Z5,vendor3151@vendormail.test,9299377158,"191 Commercial Complex, Himachal Pradesh",
Nimbus Hosting 3152,19YSSYN3045B2ZW,vendor3152@vendormail.test,9964447630,"902 Market Road, West Bengal",
Northstar Stationery 3153,,vendor3153@vendormail.test,9271380121,"186 Commercial Complex, Haryana",
Pioneer Advertising 3154,09GWATL2404L3ZI,vendor3154@vendormail.test,9244178991,"54 Market Road, Uttar Pradesh",
Vertex Electricals 3155,,vendor3155@vendormail.test,9825057765,"285 Market Road, Tamil Nadu",
Greenfield IT Services 3156,07TOJWR2946J4ZL,vendor3156@vendormail.test,9964470026,"77 Industrial Estate, Delhi",
Ironclad Packaging 3157,09JTUCE9637U1Z9,vendor3157@vendormail.test,9544433522,"117 Commercial Complex, Uttar Pradesh",
Zenith Freight 3158,22XFFNH4215E5ZJ,vendor3158@vendormail.test,9163892291,"911 Market Road, Chhattisgarh",
Fusion Security Services 3159,36FJTPI1421P3Z4,vendor3159@vendormail.test,9802375482,"761 Market Road, Telangana",
Apex Print Works 3160,,vendor3160@vendormail.test,9381086534,"726 Commercial Complex, Tamil Nadu",
Bluepeak Textiles 3161,36PTVBX2138X8ZJ,vendor3161@vendormail.test,9192256342,"666 Industrial Estate, Telangana",
Vertex Consultants 3162,33LBMKR3963P1ZJ,vendor3162@vendormail.test,9255638375,"749 Commercial Complex, Tamil Nadu",
Everest Engineering 3163,06KCNAF4057A2ZT,vendor3163@vendormail.test,9861744097,"232 Market Road, Haryana",
Nimbus Distributors 3164,,vendor3164@vendormail.test,9675433537,"828 Commercial Complex, Rajasthan",
Falcon Office Supplies 3165,11UGCBW3744H1Z4,vendor3165@vendormail.test,9982661196,"237 Industrial Estate, Sikkim",
CloudNet Logistics 3166,05ONVNY2193G1ZT,vendor3166@vendormail.test,9251080181,"874 Industrial Estate, Uttarakhand",
Zenith Hosting 3167,19NAPAY8518T7ZS,vendor3167@vendormail.test,9268876836,"736 Commercial Complex, West Bengal",
Meridian Stationery 3168,02PMUDG2075G9ZU,vendor3168@vendormail.test,9431089119,"972 Industrial Estate, Himachal Pradesh",
CloudNet Advertising 3169,33LQGRI2989Z6ZQ,vendor3169@vendormail.test,9401932178,"969 Industrial Estate, Tamil Nadu",
Crestline Electricals 3170,09GESQY6428C1Z7,vendor3170@vendormail.test,9663697942,"621 Industrial Estate, Uttar Pradesh",
Silverline IT Services 3171,,vendor3171@vendormail.test,9203084055,"2 Market Road, Odisha",
Crestline Packaging 3172,24ICPQU8100J7ZA,vendor3172@vendormail.test,9700344530,"764 Commercial Complex, Gujarat",
Crestline Freight 3173,11GWZIY9962D8Z1,vendor3173@vendormail.test,9676500510,"231 Commercial Complex, Sikkim",
Metro Security Services 3174,22NVSAX2939Z7ZJ,vendor3174@vendormail.test,9222602808,"998 Market Road, Chhattisgarh",
Zenith Print Works 3175,22GZKTF7865R2ZW,vendor3175@vendormail.test,9827866647,"692 Industrial Estate, Chhattisgarh",
Greenfield Textiles 3176,04SABHH2900T7ZS,vendor3176@vendormail.test,9993166782,"590 Industrial Estate, Chandigarh",
CloudNet Consultants 3177,,vendor3177@vendormail.test,9845943006,"979 Commercial Complex, West Bengal",
Everest Engineering 3178,,vendor3178@vendormail.test,9114683735,"118 Commercial Complex, Karnataka",
Silverline Distributors 3179,23YWHZE7702O2ZN,vendor3179@vendormail.test,9166906513,"392 Market Road, Madhya Pradesh",
Anchor Office Supplies 3180,,vendor3180@vendormail.test,9985858812,"500 Industrial Estate, Bihar",
Ironclad Logistics 3181,37NJIRO3652X5ZN,vendor3181@vendormail.test,9453713460,"683 Market Road, Andhra Pradesh",
Anchor Hosting 3182,,vendor3182@vendormail.test,9221815479,"242 Industrial Estate, Assam",
CloudNet Stationery 3183,33YTJGD4004I7ZO,vendor3183@vendormail.test,9476608427,"365 Industrial Estate, Tamil Nadu",
Horizon Advertising 3184,,vendor3184@vendormail.test,9654580453,"812 Industrial Estate, Gujarat",
Crestline Electricals 3185,,vendor3185@vendormail.test,9617447695,"816 Industrial Estate, Chhattisgarh",
Redwood IT Services 3186,08YZWNO5472E8ZH,vendor3186@vendormail.test,9891688240,"385 Market Road, Rajasthan",
Northstar Packaging 3187,20HJTUW3659Q5ZB,vendor3187@vendormail.test,9318160121,"968 Commercial Complex, Jharkhand",
Vertex Freight 3188,29KTSYH7845M9ZT,vendor3188@vendormail.test,9260517281,"349 Industrial Estate, Karnataka",
Apex Security Services 3189,19PAQOB9862P3ZH,vendor3189@vendormail.test,9798794056,"195 Market Road, West Bengal",
Orbit Print Works 3190,,vendor3190@vendormail.test,9118345193,"943 Industrial Estate, Telangana",
BlueWave Textiles 3191,,vendor3191@vendormail.test,9559617332,"643 Market Road, Assam",
Reliable Consultants 3192,06RNRKB9930N2ZG,vendor3192@vendormail.test,9361898168,"966 Market Road, Haryana",
Anchor Engineering 3193,,vendor3193@vendormail.test,9827152091,"278 Industrial Estate, Jharkhand",
Ironclad Distributors 3194,11YAZTB6085B5Z5,vendor3194@vendormail.test,9623775878,"248 Commercial Complex, Sikkim",
BlueWave Office Supplies 3195,04NNPVB4665F3Z7,vendor3195@vendormail.test,9435819191,"364 Commercial Complex, Chandigarh",
Titan Logistics 3196,,vendor3196@vendormail.test,9982098373,"980 Industrial Estate, Rajasthan",
Horizon Hosting 3197,32AVEIW2519P3ZG,vendor3197@vendormail.test,9226484343,"874 Market Road, Kerala",
Apex Stationery 3198,,vendor3198@vendormail.test,9174514588,"254 Industrial Estate, Maharashtra",
Falcon Advertising 3199,,vendor3199@vendormail.test,9121771393,"159 Commercial Complex, Punjab",
Everest Electricals 3200,,vendor3200@vendormail.test,9788327823,"534 Industrial Estate, Assam",
Prime IT Services 3201,30ORSJG4554B5Z3,vendor3201@vendormail.test,9719222482,"759 Market Road, Goa",
Delta Packaging 3202,23NSFUK5486K9ZJ,vendor3202@vendormail.test,9755510294,"332 Commercial Complex, Madhya Pradesh",
Greenfield Freight 3203,,vendor3203@vendormail.test,9323083433,"255 Industrial Estate, Chhattisgarh",
Anchor Security Services 3204,08SHCRV3483H5ZL,vendor3204@vendormail.test,9492958820,"254 Market Road, Rajasthan",
Silverline Print Works 3205,,vendor3205@vendormail.test,9235016341,"649 Market Road, Chandigarh",
Emerald Textiles 3206,,vendor3206@vendormail.test,9736701002,"296 Industrial Estate, Punjab",
Redwood Consultants 3207,03DIBRN9771P5ZG,vendor3207@vendormail.test,9425725121,"396 Commercial Complex, Punjab",
Horizon Engineering 3208,,vendor3208@vendormail.test,9353839093,"462 Industrial Estate, Goa",
Vertex Distributors 3209,09TGRFY7019C5ZP,vendor3209@vendormail.test,9501298424,"984 Industrial Estate, Uttar Pradesh",
Titan Office Supplies 3210,36GTDRW5923O7ZY,vendor3210@vendormail.test,9138201937,"58 Market Road, Telangana",
Vertex Logistics 3211,37POXCE2767T4ZX,vendor3211@vendormail.test,9695801158,"101 Commercial Complex, Andhra Pradesh",
Nimbus Hosting 3212,24UJVHB9349T7ZV,vendor3212@vendormail.test,9566788593,"8 Market Road, Gujarat",
Prime Stationery 3213,18HHWXT8648O6ZX,vendor3213@vendormail.test,9560013322,"936 Industrial Estate, Assam",
Apex Advertising 3214,01BCSDP5812A2ZW,vendor3214@vendormail.test,9127515131,"495 Commercial Complex, Jammu and Kashmir",
Apex Electricals 3215,09ECTLU1690S5ZO,vendor3215@vendormail.test,9374621437,"179 Industrial Estate, Uttar Pradesh",
Sunrise IT Services 3216,05HWCPR8589O9Z4,vendor3216@vendormail.test,9326565791,"296 Industrial Estate, Uttarakhand",
Crestline Packaging 3217,,vendor3217@vendormail.test,9260042016,"213 Industrial Estate, Odisha",
Ironclad Freight 3218,,vendor3218@vendormail.test,9438639102,"505 Industrial Estate, Rajasthan",
Silverline Security Services 3219,36BLGMX6895G6ZK,vendor3219@vendormail.test,9444604076,"547 Commercial Complex, Telangana",
Titan Print Works 3220,11ITODH5776H7ZD,vendor3220@vendormail.test,9410237649,"246 Market Road, Sikkim",
Vertex Textiles 3221,10GZNOK1533N5ZH,vendor3221@vendormail.test,9420416211,"308 Market Road, Bihar",
Golden Harvest Consultants 3222,33BWJEU6438W8ZD,vendor3222@vendormail.test,9208354293,"335 Commercial Complex, Tamil Nadu",
Sunrise Engineering 3223,01WFIHH1110U6ZL,vendor3223@vendormail.test,9747527544,"399 Commercial Complex, Jammu and Kashmir",
CloudNet Distributors 3224,09MSXPJ7494R4ZU,vendor3224@vendormail.test,9158201772,"364 Industrial Estate, Uttar Pradesh",
Falcon Office Supplies 3225,09IALJQ1866D5ZL,vendor3225@vendormail.test,9732947733,"348 Industrial Estate, Uttar Pradesh",
CloudNet Logistics 3226,,vendor3226@vendormail.test,9718294424,"251 Commercial Complex, Jharkhand",
Orbit Hosting 3227,02ECAIT9512B5ZY,vendor3227@vendormail.test,9128246492,"405 Commercial Complex, Himachal Pradesh",
Metro Stationery 3228,,vendor3228@vendormail.test,9722352567,"219 Industrial Estate, Goa",
Northstar Advertising 3229,20XFPKW7124X6Z5,vendor3229@vendormail.test,9582780993,"987 Industrial Estate, Jharkhand",
Titan Electricals 3230,,vendor3230@vendormail.test,9380188663,"368 Commercial Complex, Himachal Pradesh",
Silverline IT Services 3231,20ZUFPQ4467C3ZE,vendor3231@vendormail.test,9871406648,"48 Market Road, Jharkhand",
Nimbus Packaging 3232,02FMESZ9980A1Z2,vendor3232@vendormail.test,9895358738,"512 Market Road, Himachal Pradesh",
Northstar Freight 3233,,vendor3233@vendormail.test,9201001059,"880 Market Road, Madhya Pradesh",
Ironclad Security Services 3234,37YXSKK8042Q9ZT,vendor3234@vendormail.test,9314673566,"843 Industrial Estate, Andhra Pradesh",
Everest Print Works 3235,02PFXBE3298Z5ZC,vendor3235@vendormail.test,9216052044,"866 Commercial Complex, Himachal Pradesh",
BlueWave Textiles 3236,07ZFJQP5345P4Z6,vendor3236@vendormail.test,9402667605,"255 Market Road, Delhi",
Reliable Consultants 3237,,vendor3237@vendormail.test,9291057428,"377 Market Road, Chhattisgarh",
Zenith Engineering 3238,11URJHK1290B4ZL,vendor3238@vendormail.test,9341203205,"37 Industrial Estate, Sikkim",
Sunrise Distributors 3239,36PJNXK2810P4Z6,vendor3239@vendormail.test,9481015892,"332 Market Road, Telangana",
Fusion Office Supplies 3240,02IQCSX7175C5ZK,vendor3240@vendormail.test,9514672505,"811 Commercial Complex, Himachal Pradesh",
Golden Harvest Logistics 3241,08KMSVQ2471C1Z6,vendor3241@vendormail.test,9143239317,"55 Market Road, Rajasthan",
Meridian Hosting 3242,19XQFIP5237Q6ZZ,vendor3242@vendormail.test,9385521281,"144 Commercial Complex, West Bengal",
Golden Harvest Stationery 3243,36FLTYA4782O3ZW,vendor3243@vendormail.test,9540327262,"353 Commercial Complex, Telangana",
CloudNet Advertising 3244,,vendor3244@vendormail.test,9312504061,"979 Commercial Complex, Chhattisgarh",
Metro Electricals 3245,,vendor3245@vendormail.test,9694101820,"623 Industrial Estate, Gujarat",
Northstar IT Services 3246,37VTYEE2183Z3Z2,vendor3246@vendormail.test,9596269584,"385 Industrial Estate, Andhra Pradesh",
Greenfield Packaging 3247,,vendor3247@vendormail.test,9500761009,"686 Market Road, Uttarakhand",
Fusion Freight 3248,,vendor3248@vendormail.test,9684158229,"484 Commercial Complex, Chhattisgarh",
Skyline Security Services 3249,05TIHCZ3874Z8ZQ,vendor3249@vendormail.test,9926115379,"922 Market Road, Uttarakhand",
Golden Harvest Print Works 3250,33QBTHW2413G7Z4,vendor3250@vendormail.test,9218880273,"448 Industrial Estate, Tamil Nadu",
Silverline Textiles 3251,10TRNTO2234U3ZY,vendor3251@vendormail.test,9352888773,"707 Market Road, Bihar",
Ironclad Consultants 3252,,vendor3252@vendormail.test,9738273004,"316 Industrial Estate, Odisha",
Skyline Engineering 3253,18AMWFX9542P1ZO,vendor3253@vendormail.test,9651868208,"166 Market Road, Assam",
Prime Distributors 3254,,vendor3254@vendormail.test,9686943281,"369 Market Road, Maharashtra",
Golden Harvest Office Supplies 3255,10PQGHH7387G5ZY,vendor3255@vendormail.test,9380127306,"493 Commercial Complex, Bihar",
Pioneer Logistics 3256,11OGCBU3082F2Z7,vendor3256@vendormail.test,9200160663,"360 Market Road, Sikkim",
Fusion Hosting 3257,,vendor3257@vendormail.test,9177593066,"168 Industrial Estate, Gujarat",
Horizon Stationery 3258,,vendor3258@vendormail.test,9702257775,"540 Commercial Complex, Telangana",
Greenfield Advertising 3259,32OEDYC5037V6ZK,vendor3259@vendormail.test,9285388666,"331 Market Road, Kerala",
Prime Electricals 3260,10JACKR1916C4ZK,vendor3260@vendormail.test,9398711880,"482 Industrial Estate, Bihar",
Titan IT Services 3261,02NHHYL8179I6ZR,vendor3261@vendormail.test,9992303584,"777 Commercial Complex, Himachal Pradesh",
Titan Packaging 3262,,vendor3262@vendormail.test,9915700816,"970 Industrial Estate, Odisha",
Redwood Freight 3263,,vendor3263@vendormail.test,9172137418,"417 Commercial Complex, Jammu and Kashmir",
Ironclad Security Services 3264,,vendor3264@vendormail.test,9589151402,"402 Commercial Complex, Madhya Pradesh",
Delta Print Works 3265,18TBKZX6786K2Z2,vendor3265@vendormail.test,9255744949,"802 Market Road, Assam",
Greenfield Textiles 3266,03TLXMC8925F3ZI,vendor3266@vendormail.test,9752114028,"986 Market Road, Punjab",
Emerald Consultants 3267,07YOSIJ5761D9ZA,vendor3267@vendormail.test,9939486104,"342 Commercial Complex, Delhi",
Titan Engineering 3268,23IFTUR5476Y3ZB,vendor3268@vendormail.test,9938801962,"897 Commercial Complex, Madhya Pradesh",
Redwood Distributors 3269,,vendor3269@vendormail.test,9214902483,"713 Market Road, Tamil Nadu",
Pioneer Office Supplies 3270,30QPULT2306H2ZG,vendor3270@vendormail.test,9696987649,"906 Commercial Complex, Goa",
Sunrise Logistics 3271,,vendor3271@vendormail.test,9661989969,"471 Market Road, Kerala",
Bluepeak Hosting 3272,21XSYDW2103N6Z1,vendor3272@vendormail.test,9606937148,"51 Market Road, Odisha",
Pioneer Stationery 3273,20LVOIT3914A4Z9,vendor3273@vendormail.test,9990671792,"377 Industrial Estate, Jharkhand",
Silverline Advertising 3274,21PVBWY5725W2ZX,vendor3274@vendormail.test,9119460657,"409 Market Road, Odisha",
Emerald Electricals 3275,11COQCR9031R8ZM,vendor3275@vendormail.test,9391881433,"524 Industrial Estate, Sikkim",
Orbit IT Services 3276,,vendor3276@vendormail.test,9849134988,"259 Market Road, Chandigarh",
Meridian Packaging 3277,20LLCYO5758A3ZM,vendor3277@vendormail.test,9200780987,"801 Industrial Estate, Jharkhand",
Redwood Freight 3278,,vendor3278@vendormail.test,9836974771,"395 Market Road, Haryana",
Metro Security Services 3279,,vendor3279@vendormail.test,9820499450,"392 Market Road, Andhra Pradesh",
Northstar Print Works 3280,04ZVQPJ1358B2Z1,vendor3280@vendormail.test,9687350905,"300 Commercial Complex, Chandigarh",
Everest Textiles 3281,,vendor3281@vendormail.test,9886341139,"278 Market Road, Haryana",
BlueWave Consultants 3282,23TVNRE4326R2ZS,vendor3282@vendormail.test,9884342038,"477 Commercial Complex, Madhya Pradesh",
Falcon Engineering 3283,01OWWTK3629E6ZW,vendor3283@vendormail.test,9318014875,"453 Commercial Complex, Jammu and Kashmir",
Apex Distributors 3284,01SOJEL8199Z3ZC,vendor3284@vendormail.test,9564383124,"407 Commercial Complex, Jammu and Kashmir",
Fusion Office Supplies 3285,,vendor3285@vendormail.test,9795247474,"16 Commercial Complex, Maharashtra",
Pioneer Logistics 3286,01GIGUJ1995Q9ZN,vendor3286@vendormail.test,9104277255,"736 Commercial Complex, Jammu and Kashmir",
Orbit Hosting 3287,,vendor3287@vendormail.test,9379554115,"529 Industrial Estate, Maharashtra",
Titan Stationery 3288,02HPKDH8306X2ZE,vendor3288@vendormail.test,9560670600,"930 Industrial Estate, Himachal Pradesh",
Delta Advertising 3289,,vendor3289@vendormail.test,9938124310,"962 Industrial Estate, Madhya Pradesh",
BlueWave Electricals 3290,21DESYO3764G8Z5,vendor3290@vendormail.test,9102904265,"786 Market Road, Odisha",
Meridian IT Services 3291,02WIETR5382J4ZF,vendor3291@vendormail.test,9147705780,"946 Industrial Estate, Himachal Pradesh",
Northstar Packaging 3292,05CXZMW1577B3ZV,vendor3292@vendormail.test,9983644524,"795 Market Road, Uttarakhand",
Bluepeak Freight 3293,22APFRN2998R1ZP,vendor3293@vendormail.test,9933632291,"286 Industrial Estate, Chhattisgarh",
Sunrise Security Services 3294,,vendor3294@vendormail.test,9424021116,"843 Market Road, Chandigarh",
Emerald Print Works 3295,07WYTHA3163P6Z8,vendor3295@vendormail.test,9968967248,"727 Commercial Complex, Delhi",
Zenith Textiles 3296,24CYHOS5896N8ZQ,vendor3296@vendormail.test,9687079134,"902 Industrial Estate, Gujarat",
Apex Consultants 3297,24KZEIH5565O2Z5,vendor3297@vendormail.test,9414288696,"143 Commercial Complex, Gujarat",
Fusion Engineering 3298,,vendor3298@vendormail.test,9685026505,"920 Commercial Complex, Gujarat",
Anchor Distributors 3299,20LCDIC8093V1ZG,vendor3299@vendormail.test,9268544279,"820 Market Road, Jharkhand",
Prime Office Supplies 3300,,vendor3300@vendormail.test,9995382935,"568 Industrial Estate, Chandigarh",
Nimbus Logistics 3301,,vendor3301@vendormail.test,9589950440,"407 Industrial Estate, Himachal Pradesh",
Bluepeak Hosting 3302,27YKQSK3967C7Z9,vendor3302@vendormail.test,9391248545,"481 Industrial Estate, Maharashtra",
Bluepeak Stationery 3303,02JBIUX3142I5ZN,vendor3303@vendormail.test,9295432963,"600 Commercial Complex, Himachal Pradesh",
Bluepeak Advertising 3304,,vendor3304@vendormail.test,9104537435,"681 Commercial Complex, Bihar",
Emerald Electricals 3305,23SHYVT9053F5Z3,vendor3305@vendormail.test,9938953302,"141 Commercial Complex, Madhya Pradesh",
Crestline IT Services 3306,23WOAXI7378E1ZN,vendor3306@vendormail.test,9575574483,"289 Commercial Complex, Madhya Pradesh",
Bluepeak Packaging 3307,03OBLMH3427U2ZQ,vendor3307@vendormail.test,9255252611,"976 Industrial Estate, Punjab",
Nimbus Freight 3308,21RUWZR6118T3ZA,vendor3308@vendormail.test,9631088757,"59 Industrial Estate, Odisha",
Zenith Security Services 3309,,vendor3309@vendormail.test,9413510922,"178 Commercial Complex, Maharashtra",
Nimbus Print Works 3310,,vendor3310@vendormail.test,9880837146,"272 Industrial Estate, Rajasthan",
Skyline Textiles 3311,20RHRDV6153W8ZG,vendor3311@vendormail.test,9552219750,"742 Commercial Complex, Jharkhand",
BlueWave Consultants 3312,,vendor3312@vendormail.test,9637933444,"928 Market Road, Uttar Pradesh",
Pioneer Engineering 3313,06GGQUX6959N5Z0,vendor3313@vendormail.test,9523680157,"224 Market Road, Haryana",
Vertex Distributors 3314,23BCTBF6797P6Z4,vendor3314@vendormail.test,9765297422,"280 Market Road, Madhya Pradesh",
Delta Office Supplies 3315,19LKJKJ8228Z5ZF,vendor3315@vendormail.test,9335944817,"310 Market Road, West Bengal",
Zenith Logistics 3316,27TUYXF5943Y3ZK,vendor3316@vendormail.test,9218763475,"434 Market Road, Maharashtra",
Prime Hosting 3317,,vendor3317@vendormail.test,9853489317,"140 Market Road, Delhi",
Skyline Stationery 3318,,vendor3318@vendormail.test,9842151479,"650 Industrial Estate, Bihar",
Nimbus Advertising 3319,04AHNIQ1864K9ZG,vendor3319@vendormail.test,9920756876,"633 Market Road, Chandigarh",
Metro Electricals 3320,03TKBPC4717P7ZW,vendor3320@vendormail.test,9319585763,"635 Commercial Complex, Punjab",
Pioneer IT Services 3321,,vendor3321@vendormail.test,9444464058,"470 Market Road, Himachal Pradesh",
Metro Packaging 3322,,vendor3322@vendormail.test,9118282194,"556 Industrial Estate, Punjab",
Vertex Freight 3323,27IRYZH7101D4Z1,vendor3323@vendormail.test,9395536679,"39 Industrial Estate, Maharashtra",
Bluepeak Security Services 3324,,vendor3324@vendormail.test,9288182419,"992 Market Road, Bihar",
Golden Harvest Print Works 3325,,vendor3325@vendormail.test,9814326574,"694 Market Road, Himachal Pradesh",
Reliable Textiles 3326,01YZCUS2585L6ZW,vendor3326@vendormail.test,9717059581,"629 Market Road, Jammu and Kashmir",
Fusion Consultants 3327,06XBSCK6286Z4ZY,vendor3327@vendormail.test,9969859913,"48 Industrial Estate, Haryana",
Orbit Engineering 3328,30MADBG6818G9ZM,vendor3328@vendormail.test,9526180864,"73 Commercial Complex, Goa",
Prime Distributors 3329,,vendor3329@vendormail.test,9861009106,"638 Industrial Estate, Tamil Nadu",
Vertex Office Supplies 3330,03RIIWO2035D5Z0,vendor3330@vendormail.test,9693819128,"511 Industrial Estate, Punjab",
Greenfield Logistics 3331,22GADFV5217L1ZN,vendor3331@vendormail.test,9489256292,"334 Market Road, Chhattisgarh",
Pioneer Hosting 3332,21FFCDU2220X3ZT,vendor3332@vendormail.test,9312465066,"262 Market Road, Odisha",
Crestline Stationery 3333,33KVCFS7179F2ZV,vendor3333@vendormail.test,9343730721,"607 Commercial Complex, Tamil Nadu",
Titan Advertising 3334,37JBYKC3148A6Z9,vendor3334@vendormail.test,9395519227,"611 Market Road, Andhra Pradesh",
Skyline Electricals 3335,21JQLBM9449D4ZM,vendor3335@vendormail.test,9496716695,"242 Industrial Estate, Odisha",
Ironclad IT Services 3336,20XHWJN1052O6ZY,vendor3336@vendormail.test,9494621999,"549 Industrial Estate, Jharkhand",
Reliable Packaging 3337,,vendor3337@vendormail.test,9648317097,"756 Industrial Estate, Uttar Pradesh",
Zenith Freight 3338,36ZXVCF6576Y9Z5,vendor3338@vendormail.test,9754743437,"3 Commercial Complex, Telangana",
Sunrise Security Services 3339,07BTBWO9664K7ZP,vendor3339@vendormail.test,9515273146,"437 Commercial Complex, Delhi",
Delta Print Works 3340,07TTTRK4346R8ZV,vendor3340@vendormail.test,9430436496,"502 Industrial Estate, Delhi",
Nimbus Textiles 3341,,vendor3341@vendormail.test,9189665524,"295 Industrial Estate, Haryana",
Titan Consultants 3342,,vendor3342@vendormail.test,9985778520,"818 Market Road, Karnataka",
Metro Engineering 3343,,vendor3343@vendormail.test,9712070774,"266 Industrial Estate, Rajasthan",
Meridian Distributors 3344,06NTDUX2972Y6Z0,vendor3344@vendormail.test,9495084320,"761 Market Road, Haryana",
Redwood Office Supplies 3345,,vendor3345@vendormail.test,9415545453,"56 Industrial Estate, Jammu and Kashmir",
Orbit Logistics 3346,,vendor3346@vendormail.test,9427522461,"472 Commercial Complex, Bihar",
Anchor Hosting 3347,09OFINY3543I5ZI,vendor3347@vendormail.test,9348881280,"912 Commercial Complex, Uttar Pradesh",
Redwood Stationery 3348,24NFPPF7379A7ZJ,vendor3348@vendormail.test,9553415037,"202 Market Road, Gujarat",
Ironclad Advertising 3349,29CDHXT8712I6ZQ,vendor3349@vendormail.test,9964020438,"369 Commercial Complex, Karnataka",
Ironclad Electricals 3350,,vendor3350@vendormail.test,9306270338,"680 Industrial Estate, Jammu and Kashmir",
Silverline IT Services 3351,,vendor3351@vendormail.test,9541725688,"517 Commercial Complex, Gujarat",
Fusion Packaging 3352,22PPINV3893T7ZS,vendor3352@vendormail.test,9445906722,"995 Commercial Complex, Chhattisgarh",
Zenith Freight 3353,,vendor3353@vendormail.test,9594572017,"508 Industrial Estate, Uttarakhand",
Pioneer Security Services 3354,,vendor3354@vendormail.test,9748844944,"83 Market Road, Assam",
Nimbus Print Works 3355,,vendor3355@vendormail.test,9382709562,"114 Market Road, Maharashtra",
CloudNet Textiles 3356,10RMPDN5642J1ZH,vendor3356@vendormail.test,9956146652,"262 Commercial Complex, Bihar",
Redwood Consultants 3357,,vendor3357@vendormail.test,9289885419,"992 Industrial Estate, Gujarat",
Everest Engineering 3358,,vendor3358@vendormail.test,9218397088,"484 Market Road, West Bengal",
Golden Harvest Distributors 3359,24DRGGT8244D9ZB,vendor3359@vendormail.test,9384147037,"370 Commercial Complex, Gujarat",
Northstar Office Supplies 3360,,vendor3360@vendormail.test,9682729224,"888 Market Road, Haryana",
Pioneer Logistics 3361,06CVZXT6051Z8ZX,vendor3361@vendormail.test,9554961617,"769 Market Road, Haryana",
Bluepeak Hosting 3362,11DNUMH1691W3ZM,vendor3362@vendormail.test,9586567244,"782 Industrial Estate, Sikkim",
Silverline Stationery 3363,,vendor3363@vendormail.test,9124289833,"386 Market Road, Assam",
Apex Advertising 3364,05AYZZN4936Y8ZV,vendor3364@vendormail.test,9189080923,"638 Market Road, Uttarakhand",
Horizon Electricals 3365,,vendor3365@vendormail.test,9383425800,"384 Industrial Estate, Tamil Nadu",
Prime IT Services 3366,18NMGTP9402Z9ZU,vendor3366@vendormail.test,9932678937,"954 Commercial Complex, Assam",
Apex Packaging 3367,,vendor3367@vendormail.test,9267353456,"627 Commercial Complex, Karnataka",
Vertex Freight 3368,,vendor3368@vendormail.test,9491890182,"646 Market Road, Haryana",
Emerald Security Services 3369,18OIIHE1623K5Z6,vendor3369@vendormail.test,9878576071,"927 Commercial Complex, Assam",
Anchor Print Works 3370,27CPRWO8338H4ZX,vendor3370@vendormail.test,9826019136,"886 Market Road, Maharashtra",
CloudNet Textiles 3371,30LFFAB2401T6ZW,vendor3371@vendormail.test,9990629582,"489 Commercial Complex, Goa",
Metro Consultants 3372,18QDWDW7932U8ZR,vendor3372@vendormail.test,9954592670,"571 Market Road, Assam",
Greenfield Engineering 3373,10VBQFK9462N1ZI,vendor3373@vendormail.test,9514442399,"642 Market Road, Bihar",
Delta Distributors 3374,,vendor3374@vendormail.test,9590033540,"342 Market Road, Kerala",
Prime Office Supplies 3375,,vendor3375@vendormail.test,9458282996,"232 Industrial Estate, Jammu and Kashmir",
Orbit Logistics 3376,,vendor3376@vendormail.test,9456482790,"560 Commercial Complex, Jharkhand",
Apex Hosting 3377,23QKDEH7837B1ZP,vendor3377@vendormail.test,9415803410,"93 Industrial Estate, Madhya Pradesh",
Redwood Stationery 3378,24YOULV7111C8ZF,vendor3378@vendormail.test,9732295903,"603 Commercial Complex, Gujarat",
Crestline Advertising 3379,,vendor3379@vendormail.test,9577708438,"265 Commercial Complex, Maharashtra",
Sunrise Electricals 3380,,vendor3380@vendormail.test,9748351256,"489 Industrial Estate, Jammu and Kashmir",
Horizon IT Services 3381,32ZBZMZ3844V6ZO,vendor3381@vendormail.test,9958795788,"295 Commercial Complex, Kerala",
Nimbus Packaging 3382,11QEWQU8196R3ZD,vendor3382@vendormail.test,9221920659,"371 Market Road, Sikkim",
Everest Freight 3383,01XZXPE2221Y7ZU,vendor3383@vendormail.test,9782408978,"704 Industrial Estate, Jammu and Kashmir",
Fusion Security Services 3384,,vendor3384@vendormail.test,9911336743,"888 Industrial Estate, Uttarakhand",
Prime Print Works 3385,37BVOAU8868Z2ZN,vendor3385@vendormail.test,9624241352,"879 Commercial Complex, Andhra Pradesh",
Greenfield Textiles 3386,,vendor3386@vendormail.test,9805745386,"896 Market Road, Jammu and Kashmir",
Meridian Consultants 3387,37ABIWS5747A6ZG,vendor3387@vendormail.test,9194606585,"554 Industrial Estate, Andhra Pradesh",
Apex Engineering 3388,09ASCHH8443T1ZR,vendor3388@vendormail.test,9317047474,"935 Market Road, Uttar Pradesh",
Pioneer Distributors 3389,,vendor3389@vendormail.test,9444968879,"231 Industrial Estate, Delhi",
Delta Office Supplies 3390,05WLJRE5756U2ZE,vendor3390@vendormail.test,9366455736,"954 Commercial Complex, Uttarakhand",
Everest Logistics 3391,24VCKOD7302L9ZO,vendor3391@vendormail.test,9452126025,"969 Market Road, Gujarat",
Apex Hosting 3392,24FZQQU9948K7ZB,vendor3392@vendormail.test,9868658407,"949 Commercial Complex, Gujarat",
Anchor Stationery 3393,,vendor3393@vendormail.test,9449012372,"774 Commercial Complex, Uttar Pradesh",
Zenith Advertising 3394,,vendor3394@vendormail.test,9571454629,"53 Market Road, Uttar Pradesh",
Titan Electricals 3395,03QMRLO3956U4ZQ,vendor3395@vendormail.test,9375706534,"839 Market Road, Punjab",
Redwood IT Services 3396,,vendor3396@vendormail.test,9762274094,"223 Industrial Estate, Uttar Pradesh",
Delta Packaging 3397,,vendor3397@vendormail.test,9431719949,"337 Commercial Complex, Gujarat",
Titan Freight 3398,,vendor3398@vendormail.test,9368915803,"611 Market Road, Uttar Pradesh",
Bluepeak Security Services 3399,06VGMWC6072U7ZV,vendor3399@vendormail.test,9838126499,"33 Market Road, Haryana",
Crestline Print Works 3400,,vendor3400@vendormail.test,9553033628,"14 Industrial Estate, Gujarat",
Everest Textiles 3401,21KQBNU9959W9ZG,vendor3401@vendormail.test,9846329056,"664 Industrial Estate, Odisha",
Vertex Consultants 3402,04CHARG5145I6ZO,vendor3402@vendormail.test,9931807131,"864 Market Road, Chandigarh",
Golden Harvest Engineering 3403,22DZXBR6436C2ZA,vendor3403@vendormail.test,9710170121,"280 Commercial Complex, Chhattisgarh",
Bluepeak Distributors 3404,,vendor3404@vendormail.test,9531655858,"363 Market Road, Uttarakhand",
Silverline Office Supplies 3405,,vendor3405@vendormail.test,9536582639,"350 Commercial Complex, Punjab",
Everest Logistics 3406,20EWAAN9394R9Z4,vendor3406@vendormail.test,9789506491,"432 Commercial Complex, Jharkhand",
Bluepeak Hosting 3407,,vendor3407@vendormail.test,9357656625,"469 Commercial Complex, Bihar",
Apex Stationery 3408,23JYLPS4111C5ZO,vendor3408@vendormail.test,9481193235,"295 Market Road, Madhya Pradesh",
Orbit Advertising 3409,02SMDKY2181S1ZP,vendor3409@vendormail.test,9580543834,"981 Commercial Complex, Himachal Pradesh",
Delta Electricals 3410,04AEVRF8448V6ZO,vendor3410@vendormail.test,9323791734,"339 Market Road, Chandigarh",
Reliable IT Services 3411,18RQOBA5338N8ZI,vendor3411@vendormail.test,9344075440,"602 Commercial Complex, Assam",
Redwood Packaging 3412,,vendor3412@vendormail.test,9675969717,"997 Industrial Estate, Madhya Pradesh",
Nimbus Freight 3413,23DTTBJ1526K6ZU,vendor3413@vendormail.test,9674880654,"675 Market Road, Madhya Pradesh",
Crestline Security Services 3414,,vendor3414@vendormail.test,9148401427,"258 Industrial Estate, Andhra Pradesh",
Fusion Print Works 3415,21XKSKS3145L5ZZ,vendor3415@vendormail.test,9510270675,"31 Commercial Complex, Odisha",
Emerald Textiles 3416,24QFTMD1466L8ZH,vendor3416@vendormail.test,9267344031,"119 Commercial Complex, Gujarat",
Titan Consultants 3417,,vendor3417@vendormail.test,9293149124,"618 Commercial Complex, Jharkhand",
Crestline Engineering 3418,,vendor3418@vendormail.test,9777137480,"787 Market Road, Madhya Pradesh",
Apex Distributors 3419,09EOBVE9882K5ZS,vendor3419@vendormail.test,9523194593,"844 Industrial Estate, Uttar Pradesh",
Silverline Office Supplies 3420,,vendor3420@vendormail.test,9809597038,"413 Market Road, Tamil Nadu",
Zenith Logistics 3421,23ZPWZB2263V4ZM,vendor3421@vendormail.test,9887872958,"33 Commercial Complex, Madhya Pradesh",
Skyline Hosting 3422,22PZHRU7820I6ZA,vendor3422@vendormail.test,9404098878,"320 Commercial Complex, Chhattisgarh",
Apex Stationery 3423,37ITYHX7631G2Z1,vendor3423@vendormail.test,9878219415,"676 Market Road, Andhra Pradesh",
Bluepeak Advertising 3424,,vendor3424@vendormail.test,9909401172,"295 Industrial Estate, Andhra Pradesh",
Vertex Electricals 3425,02FLAZW5354Z3ZH,vendor3425@vendormail.test,9242467132,"767 Industrial Estate, Himachal Pradesh",
Horizon IT Services 3426,,vendor3426@vendormail.test,9523758377,"22 Commercial Complex, Kerala",
Titan Packaging 3427,,vendor3427@vendormail.test,9128077940,"711 Market Road, Madhya Pradesh",
Redwood Freight 3428,27YTSRC9157B9Z6,vendor3428@vendormail.test,9639091490,"12 Commercial Complex, Maharashtra",
Emerald Security Services 3429,05YMGZO8285O3ZJ,vendor3429@vendormail.test,9507196789,"855 Market Road, Uttarakhand",
Horizon Print Works 3430,,vendor3430@vendormail.test,9577808070,"232 Commercial Complex, West Bengal",
Northstar Textiles 3431,23SUZCI1586B9ZX,vendor3431@vendormail.test,9946781538,"569 Commercial Complex, Madhya Pradesh",
Redwood Consultants 3432,03SRJLM3761D3Z2,vendor3432@vendormail.test,9169967818,"737 Market Road, Punjab",
Titan Engineering 3433,19CDKBP9276H8ZI,vendor3433@vendormail.test,9129096287,"70 Commercial Complex, West Bengal",
Prime Distributors 3434,11YMGDI2500W7ZN,vendor3434@vendormail.test,9372361641,"568 Industrial Estate, Sikkim",
CloudNet Office Supplies 3435,02HZGJD7094U7ZH,vendor3435@vendormail.test,9817477694,"342 Industrial Estate, Himachal Pradesh",
Bluepeak Logistics 3436,,vendor3436@vendormail.test,9825670179,"246 Industrial Estate, Karnataka",
Reliable Hosting 3437,03YMJXA8020M2ZB,vendor3437@vendormail.test,9168250419,"36 Commercial Complex, Punjab",
Crestline Stationery 3438,,vendor3438@vendormail.test,9169881415,"587 Commercial Complex, Tamil Nadu",
Bluepeak Advertising 3439,03UCPSO9879N6ZM,vendor3439@vendormail.test,9559408034,"395 Industrial Estate, Punjab",
Skyline Electricals 3440,32BBMJB4722O5ZM,vendor3440@vendormail.test,9513156096,"662 Industrial Estate, Kerala",
Apex IT Services 3441,10ERVKC9611T2ZI,vendor3441@vendormail.test,9434517758,"65 Commercial Complex, Bihar",
Falcon Packaging 3442,,vendor3442@vendormail.test,9267032711,"83 Market Road, Punjab",
Emerald Freight 3443,,vendor3443@vendormail.test,9948694281,"825 Industrial Estate, Rajasthan",
Orbit Security Services 3444,01BKUQV9284S8ZW,vendor3444@vendormail.test,9595069382,"233 Commercial Complex, Jammu and Kashmir",
Bluepeak Print Works 3445,,vendor3445@vendormail.test,9567791496,"973 Market Road, Assam",
Bluepeak Textiles 3446,,vendor3446@vendormail.test,9418676711,"659 Industrial Estate, Goa",
Sunrise Consultants 3447,10JADUP5464X1ZM,vendor3447@vendormail.test,9631802504,"395 Commercial Complex, Bihar",
Pioneer Engineering 3448,03FGAPW5168X6ZX,vendor3448@vendormail.test,9267273092,"732 Industrial Estate, Punjab",
Falcon Distributors 3449,10YQGDN2164I2ZP,vendor3449@vendormail.test,9907859987,"402 Market Road, Bihar",
Metro Office Supplies 3450,11NLCFE4498A6Z1,vendor3450@vendormail.test,9206879813,"827 Market Road, Sikkim",
Meridian Logistics 3451,03DRGDF7888P1Z6,vendor3451@vendormail.test,9293713343,"761 Industrial Estate, Punjab",
Metro Hosting 3452,,vendor3452@vendormail.test,9879617764,"648 Industrial Estate, Assam",
Bluepeak Stationery 3453,,vendor3453@vendormail.test,9973600908,"121 Industrial Estate, Punjab",
Nimbus Advertising 3454,01YORBM4494H4ZC,vendor3454@vendormail.test,9745405722,"669 Industrial Estate, Jammu and Kashmir",
Metro Electricals 3455,30PQPYV1344F1Z6,vendor3455@vendormail.test,9264552606,"576 Market Road, Goa",
Horizon IT Services 3456,,vendor3456@vendormail.test,9886273782,"519 Market Road, Kerala",
Nimbus Packaging 3457,09GTXQZ9508N3Z8,vendor3457@vendormail.test,9366443908,"905 Commercial Complex, Uttar Pradesh",
Zenith Freight 3458,,vendor3458@vendormail.test,9489061608,"556 Market Road, Jammu and Kashmir",
Redwood Security Services 3459,32YPNLO1843F5ZS,vendor3459@vendormail.test,9549603916,"268 Commercial Complex, Kerala",
Apex Print Works 3460,,vendor3460@vendormail.test,9469773108,"958 Market Road, Goa",
Zenith Textiles 3461,,vendor3461@vendormail.test,9874860239,"391 Commercial Complex, Goa",
Zenith Consultants 3462,33SUEUA3379S1Z5,vendor3462@vendormail.test,9500121466,"262 Industrial Estate, Tamil Nadu",
Emerald Engineering 3463,,vendor3463@vendormail.test,9787697732,"270 Market Road, Uttarakhand",
Pioneer Distributors 3464,03HKOUV7580G2ZV,vendor3464@vendormail.test,9768759506,"402 Commercial Complex, Punjab",
Redwood Office Supplies 3465,20RSCBG5442R5ZV,vendor3465@vendormail.test,9397656745,"333 Industrial Estate, Jharkhand",
Horizon Logistics 3466,07QEKFI8289B9ZE,vendor3466@vendormail.test,9176965064,"944 Commercial Complex, Delhi",
Fusion Hosting 3467,,vendor3467@vendormail.test,9505661947,"418 Industrial Estate, Maharashtra",
Ironclad Stationery 3468,32LJRYB6740P2ZD,vendor3468@vendormail.test,9619040871,"45 Commercial Complex, Kerala",
Nimbus Advertising 3469,01YEFQX7845A7ZW,vendor3469@vendormail.test,9659441735,"343 Commercial Complex, Jammu and Kashmir",
Apex Electricals 3470,37PUJPH4513N1ZR,vendor3470@vendormail.test,9673465635,"527 Commercial Complex, Andhra Pradesh",
Orbit IT Services 3471,,vendor3471@vendormail.test,9828962930,"405 Market Road, Tamil Nadu",
Redwood Packaging 3472,04MITLN3129N4Z1,vendor3472@vendormail.test,9742534501,"715 Market Road, Chandigarh",
Sunrise Freight 3473,,vendor3473@vendormail.test,9723785364,"675 Commercial Complex, Madhya Pradesh",
CloudNet Security Services 3474,,vendor3474@vendormail.test,9337030091,"435 Commercial Complex, Himachal Pradesh",
Northstar Print Works 3475,,vendor3475@vendormail.test,9137618110,"477 Commercial Complex, Andhra Pradesh",
Prime Textiles 3476,09FHASL6250K6ZB,vendor3476@vendormail.test,9218326828,"712 Market Road, Uttar Pradesh",
Falcon Consultants 3477,07VYHXF2461Y8ZI,vendor3477@vendormail.test,9834748262,"499 Market Road, Delhi",
Skyline Engineering 3478,,vendor3478@vendormail.test,9846777180,"230 Industrial Estate, Jharkhand",
Zenith Distributors 3479,,vendor3479@vendormail.test,9351674395,"763 Commercial Complex, Assam",
Sunrise Office Supplies 3480,,vendor3480@vendormail.test,9233378336,"847 Market Road, West Bengal",
BlueWave Logistics 3481,36NIWJX4408C1Z2,vendor3481@vendormail.test,9854519121,"980 Market Road, Telangana",
Titan Hosting 3482,,vendor3482@vendormail.test,9604322700,"486 Market Road, Sikkim",
Ironclad Stationery 3483,20DAVDT2436C9Z0,vendor3483@vendormail.test,9521504948,"896 Market Road, Jharkhand",
Apex Advertising 3484,19FHCNC8182Z8ZQ,vendor3484@vendormail.test,9216041708,"563 Industrial Estate, West Bengal",
Falcon Electricals 3485,05MQYUX4171Y2ZR,vendor3485@vendormail.test,9664480255,"174 Market Road, Uttarakhand",
Orbit IT Services 3486,05MSHUG4817L8ZG,vendor3486@vendormail.test,9671225950,"818 Market Road, Uttarakhand",
Emerald Packaging 3487,30NFZMG8645J6Z3,vendor3487@vendormail.test,9219232305,"319 Market Road, Goa",
Emerald Freight 3488,21GRLYD9846A8ZE,vendor3488@vendormail.test,9237490664,"254 Industrial Estate, Odisha",
Horizon Security Services 3489,04RSIHU3616H8ZP,vendor3489@vendormail.test,9732550979,"700 Market Road, Chandigarh",
Delta Print Works 3490,33YHCVI9855R7ZF,vendor3490@vendormail.test,9332545136,"405 Commercial Complex, Tamil Nadu",
Metro Textiles 3491,18OWZKD9286O8ZU,vendor3491@vendormail.test,9913359607,"348 Commercial Complex, Assam",
Bluepeak Consultants 3492,,vendor3492@vendormail.test,9140242153,"864 Industrial Estate, Bihar",
Skyline Engineering 3493,01ZUPMS9487K8Z0,vendor3493@vendormail.test,9862338611,"5 Industrial Estate, Jammu and Kashmir",
Crestline Distributors 3494,33KRKLF4068P9ZM,vendor3494@vendormail.test,9517268371,"654 Market Road, Tamil Nadu",
BlueWave Office Supplies 3495,,vendor3495@vendormail.test,9630331757,"596 Market Road, Tamil Nadu",
Northstar Logistics 3496,27MRNPE1268P9ZP,vendor3496@vendormail.test,9851137872,"250 Market Road, Maharashtra",
Everest Hosting 3497,,vendor3497@vendormail.test,9912973723,"194 Commercial Complex, Chandigarh",
Meridian Stationery 3498,01NEPUD7201I7Z4,vendor3498@vendormail.test,9406991796,"896 Commercial Complex, Jammu and Kashmir",
Anchor Advertising 3499,33XSVDQ6389A6ZT,vendor3499@vendormail.test,9796512219,"392 Commercial Complex, Tamil Nadu",
Bluepeak Electricals 3500,23VHWVV7133S6ZQ,vendor3500@vendormail.test,9614483307,"294 Industrial Estate, Madhya Pradesh",
Sunrise IT Services 3501,24ZTFUF8418D5ZL,vendor3501@vendormail.test,9860033439,"292 Industrial Estate, Gujarat",
Crestline Packaging 3502,23BDXLX5465T3Z8,vendor3502@vendormail.test,9692886513,"888 Commercial Complex, Madhya Pradesh",
Falcon Freight 3503,36UKUIF6515H8ZU,vendor3503@vendormail.test,9217150929,"181 Industrial Estate, Telangana",
Sunrise Security Services 3504,03VIOOY6406M1ZL,vendor3504@vendormail.test,9297452534,"154 Commercial Complex, Punjab",
Vertex Print Works 3505,,vendor3505@vendormail.test,9281201444,"657 Market Road, Rajasthan",
Everest Textiles 3506,36WMWAK6059A7ZR,vendor3506@vendormail.test,9259364555,"587 Industrial Estate, Telangana",
Orbit Consultants 3507,,vendor3507@vendormail.test,9450702522,"376 Industrial Estate, Assam",
Delta Engineering 3508,,vendor3508@vendormail.test,9288186603,"799 Industrial Estate, Delhi",
BlueWave Distributors 3509,,vendor3509@vendormail.test,9669333218,"137 Market Road, Telangana",
Golden Harvest Office Supplies 3510,,vendor3510@vendormail.test,9387080869,"698 Market Road, Bihar",
Pioneer Logistics 3511,02QVAJR8960B5ZH,vendor3511@vendormail.test,9721441572,"193 Commercial Complex, Himachal Pradesh",
Prime Hosting 3512,37WHCVZ3029Q3ZL,vendor3512@vendormail.test,9282696811,"295 Industrial Estate, Andhra Pradesh",
CloudNet Stationery 3513,,vendor3513@vendormail.test,9899880583,"751 Market Road, Haryana",
Fusion Advertising 3514,01DEWEZ2983G3Z8,vendor3514@vendormail.test,9437900967,"949 Market Road, Jammu and Kashmir",
Meridian Electricals 3515,06MIECG2389M2ZD,vendor3515@vendormail.test,9841339159,"779 Industrial Estate, Haryana",
Northstar IT Services 3516,,vendor3516@vendormail.test,9464493847,"230 Market Road, Maharashtra",
Golden Harvest Packaging 3517,,vendor3517@vendormail.test,9452858285,"626 Commercial Complex, Jammu and Kashmir",
Zenith Freight 3518,,vendor3518@vendormail.test,9948737228,"184 Market Road, Kerala",
Orbit Security Services 3519,10YWQVS5991W2Z3,vendor3519@vendormail.test,9751109404,"808 Market Road, Bihar",
Titan Print Works 3520,20GRPRW2680D6ZR,vendor3520@vendormail.test,9960984380,"944 Industrial Estate, Jharkhand",
Bluepeak Textiles 3521,20RZCHY1020J9Z7,vendor3521@vendormail.test,9247291819,"835 Industrial Estate, Jharkhand",
Horizon Consultants 3522,18JDQQQ4087U3Z5,vendor3522@vendormail.test,9304511489,"444 Commercial Complex, Assam",
Golden Harvest Engineering 3523,,vendor3523@vendormail.test,9704638268,"997 Industrial Estate, Kerala",
Northstar Distributors 3524,18ZSDTQ7205L7Z3,vendor3524@vendormail.test,9764491997,"734 Industrial Estate, Assam",
Meridian Office Supplies 3525,,vendor3525@vendormail.test,9177027711,"915 Industrial Estate, Odisha",
Delta Logistics 3526,,vendor3526@vendormail.test,9433621694,"824 Commercial Complex, Karnataka",
Ironclad Hosting 3527,08AZLIF3704J8ZC,vendor3527@vendormail.test,9591956004,"684 Industrial Estate, Rajasthan",
Sunrise Stationery 3528,20WNZVV3997B3ZJ,vendor3528@vendormail.test,9683164986,"719 Commercial Complex, Jharkhand",
Skyline Advertising 3529,01DTLKZ5189K1ZG,vendor3529@vendormail.test,9442808919,"816 Commercial Complex, Jammu and Kashmir",
Bluepeak Electricals 3530,,vendor3530@vendormail.test,9467706122,"817 Market Road, Haryana",
Prime IT Services 3531,29TKHVT9903F8Z9,vendor3531@vendormail.test,9169773763,"290 Commercial Complex, Karnataka",
BlueWave Packaging 3532,36LPLCM3029F7Z6,vendor3532@vendormail.test,9202247390,"322 Industrial Estate, Telangana",
CloudNet Freight 3533,18FOVAQ7840T8Z6,vendor3533@vendormail.test,9647482195,"668 Industrial Estate, Assam",
Metro Security Services 3534,33ETBID6951M5ZV,vendor3534@vendormail.test,9759665413,"537 Industrial Estate, Tamil Nadu",
Metro Print Works 3535,02IULTV2293S8ZQ,vendor3535@vendormail.test,9850428321,"250 Market Road, Himachal Pradesh",
Redwood Textiles 3536,02GWTZQ5928W3ZB,vendor3536@vendormail.test,9736682238,"381 Commercial Complex, Himachal Pradesh",
Reliable Consultants 3537,29CTFVU5667S5ZR,vendor3537@vendormail.test,9241060555,"189 Market Road, Karnataka",
CloudNet Engineering 3538,30ORXZH8181T7ZO,vendor3538@vendormail.test,9103771212,"873 Commercial Complex, Goa",
Northstar Distributors 3539,,vendor3539@vendormail.test,9466232310,"24 Market Road, Goa",
Emerald Office Supplies 3540,,vendor3540@vendormail.test,9670650911,"668 Market Road, Odisha",
Greenfield Logistics 3541,,vendor3541@vendormail.test,9566293640,"202 Market Road, Punjab",
Orbit Hosting 3542,,vendor3542@vendormail.test,9819757423,"941 Industrial Estate, Madhya Pradesh",
Sunrise Stationery 3543,,vendor3543@vendormail.test,9872911048,"857 Market Road, Sikkim",
Redwood Advertising 3544,04EDXPW7244F4ZG,vendor3544@vendormail.test,9189679093,"445 Commercial Complex, Chandigarh",
Fusion Electricals 3545,,vendor3545@vendormail.test,9518967646,"229 Market Road, Assam",
Horizon IT Services 3546,,vendor3546@vendormail.test,9151929070,"958 Market Road, Jammu and Kashmir",
Skyline Packaging 3547,,vendor3547@vendormail.test,9317442923,"328 Market Road, Delhi",
Titan Freight 3548,,vendor3548@vendormail.test,9474099795,"406 Commercial Complex, Punjab",
Sunrise Security Services 3549,30JZIKH2503I7Z2,vendor3549@vendormail.test,9326189059,"349 Market Road, Goa",
Golden Harvest Print Works 3550,,vendor3550@vendormail.test,9875134781,"696 Market Road, Delhi",
Greenfield Textiles 3551,,vendor3551@vendormail.test,9910292614,"486 Commercial Complex, Assam",
Prime Consultants 3552,,vendor3552@vendormail.test,9522011027,"126 Commercial Complex, Kerala",
Anchor Engineering 3553,,vendor3553@vendormail.test,9838164466,"403 Commercial Complex, Jharkhand",
Meridian Distributors 3554,10AFJIK8333D2ZD,vendor3554@vendormail.test,9553578945,"585 Commercial Complex, Bihar",
Delta Office Supplies 3555,29FXEXQ3528H5ZS,vendor3555@vendormail.test,9315664075,"434 Market Road, Karnataka",
Anchor Logistics 3556,11CKSFM5660O8ZS,vendor3556@vendormail.test,9174308701,"512 Market Road, Sikkim",
Metro Hosting 3557,08KYDYY7963P7ZC,vendor3557@vendormail.test,9494807519,"220 Commercial Complex, Rajasthan",
Bluepeak Stationery 3558,,vendor3558@vendormail.test,9320017861,"337 Market Road, Himachal Pradesh",
Falcon Advertising 3559,,vendor3559@vendormail.test,9559780827,"689 Market Road, Chandigarh",
Emerald Electricals 3560,,vendor3560@vendormail.test,9432155939,"626 Market Road, Assam",
Meridian IT Services 3561,30BRCVJ9093M1Z7,vendor3561@vendormail.test,9817792167,"981 Commercial Complex, Goa",
Titan Packaging 3562,19HUAWW4321V3ZS,vendor3562@vendormail.test,9239882536,"551 Commercial Complex, West Bengal",
Greenfield Freight 3563,22CQQCF7345X6Z1,vendor3563@vendormail.test,9549657750,"469 Industrial Estate, Chhattisgarh",
Northstar Security Services 3564,32UBMER3672Z4Z0,vendor3564@vendormail.test,9501001362,"730 Commercial Complex, Kerala",
Horizon Print Works 3565,09LLJUZ8693U2Z0,vendor3565@vendormail.test,9373963588,"29 Industrial Estate, Uttar Pradesh",
Apex Textiles 3566,33RZVGX5180K8ZL,vendor3566@vendormail.test,9386330431,"706 Commercial Complex, Tamil Nadu",
Northstar Consultants 3567,,vendor3567@vendormail.test,9562227368,"278 Market Road, Odisha",
Ironclad Engineering 3568,,vendor3568@vendormail.test,9203471068,"309 Market Road, Jharkhand",
Silverline Distributors 3569,27PXXMU5001G9ZB,vendor3569@vendormail.test,9627322264,"13 Industrial Estate, Maharashtra",
Silverline Office Supplies 3570,04JTZAF5070U1Z8,vendor3570@vendormail.test,9938674005,"337 Industrial Estate, Chandigarh",
Northstar Logistics 3571,24RBORH9970T6Z0,vendor3571@vendormail.test,9895891643,"586 Industrial Estate, Gujarat",
Everest Hosting 3572,07AOXLJ7306G9ZB,vendor3572@vendormail.test,9377629396,"57 Commercial Complex, Delhi",
Redwood Stationery 3573,19BKQRF1058M4ZU,vendor3573@vendormail.test,9405045762,"539 Commercial Complex, West Bengal",
Metro Advertising 3574,20CVUYH9436Z1Z6,vendor3574@vendormail.test,9703342054,"940 Industrial Estate, Jharkhand",
Reliable Electricals 3575,,vendor3575@vendormail.test,9381375697,"891 Market Road, Chhattisgarh",
Pioneer IT Services 3576,33MNZUW3773J4Z6,vendor3576@vendormail.test,9593707322,"69 Industrial Estate, Tamil Nadu",
Orbit Packaging 3577,37DOFRT5311V5ZV,vendor3577@vendormail.test,9945507846,"939 Market Road, Andhra Pradesh",
Meridian Freight 3578,,vendor3578@vendormail.test,9763156876,"24 Commercial Complex, Andhra Pradesh",
Titan Security Services 3579,,vendor3579@vendormail.test,9800083454,"64 Industrial Estate, Delhi",
Pioneer Print Works 3580,,vendor3580@vendormail.test,9241979356,"406 Industrial Estate, Sikkim",
Redwood Textiles 3581,18ULNVJ7583N4Z1,vendor3581@vendormail.test,9330061494,"49 Commercial Complex, Assam",
Nimbus Consultants 3582,03KVQLW8547H4ZM,vendor3582@vendormail.test,9701168441,"855 Commercial Complex, Punjab",
Greenfield Engineering 3583,08KTIBS1982Z2ZV,vendor3583@vendormail.test,9826562608,"35 Market Road, Rajasthan",
CloudNet Distributors 3584,04ZLPFI4017D4ZQ,vendor3584@vendormail.test,9974958809,"200 Industrial Estate, Chandigarh",
Fusion Office Supplies 3585,,vendor3585@vendormail.test,9931519347,"816 Industrial Estate, Punjab",
Sunrise Logistics 3586,,vendor3586@vendormail.test,9623347375,"318 Market Road, Sikkim",
Golden Harvest Hosting 3587,,vendor3587@vendormail.test,9787123429,"548 Commercial Complex, Rajasthan",
Sunrise Stationery 3588,06NLDRN1544E5ZX,vendor3588@vendormail.test,9530978605,"318 Market Road, Haryana",
Reliable Advertising 3589,,vendor3589@vendormail.test,9227982735,"692 Industrial Estate, Rajasthan",
Vertex Electricals 3590,27SMAYP1666R7Z3,vendor3590@vendormail.test,9428587288,"271 Industrial Estate, Maharashtra",
Silverline IT Services 3591,,vendor3591@vendormail.test,9925156980,"232 Commercial Complex, Maharashtra",
Fusion Packaging 3592,,vendor3592@vendormail.test,9176245473,"417 Market Road, Chhattisgarh",
Crestline Freight 3593,18WQLGA2328A2ZP,vendor3593@vendormail.test,9835713681,"168 Industrial Estate, Assam",
Everest Security Services 3594,01FKENL1643R2Z0,vendor3594@vendormail.test,9738496670,"44 Industrial Estate, Jammu and Kashmir",
Reliable Print Works 3595,36TZBDS6626X9ZA,vendor3595@vendormail.test,9394798872,"140 Commercial Complex, Telangana",
Meridian Textiles 3596,,vendor3596@vendormail.test,9973736418,"997 Industrial Estate, Sikkim",
Silverline Consultants 3597,20NOFEV6119Z4ZY,vendor3597@vendormail.test,9632105911,"564 Commercial Complex, Jharkhand",
Zenith Engineering 3598,07ZTZKY8904N7Z7,vendor3598@vendormail.test,9238196814,"631 Industrial Estate, Delhi",
BlueWave Distributors 3599,,vendor3599@vendormail.test,9624255901,"214 Commercial Complex, Telangana",
Sunrise Office Supplies 3600,23YUHLZ4804Q6ZB,vendor3600@vendormail.test,9663514684,"531 Industrial Estate, Madhya Pradesh",
Fusion Logistics 3601,,vendor3601@vendormail.test,9403307830,"273 Market Road, Jammu and Kashmir",
Redwood Hosting 3602,18GOJNY5161F2ZD,vendor3602@vendormail.test,9724281777,"273 Industrial Estate, Assam",
Titan Stationery 3603,18URLUQ5325X9Z6,vendor3603@vendormail.test,9349527785,"7 Industrial Estate, Assam",
Zenith Advertising 3604,,vendor3604@vendormail.test,9983110610,"51 Market Road, Jharkhand",
Sunrise Electricals 3605,,vendor3605@vendormail.test,9494721657,"810 Market Road, Odisha",
CloudNet IT Services 3606,,vendor3606@vendormail.test,9808261530,"721 Market Road, Rajasthan",
Pioneer Packaging 3607,18TLTLA1472Y5ZL,vendor3607@vendormail.test,9614410213,"41 Market Road, Assam",
Zenith Freight 3608,20TITWW5912U4ZN,vendor3608@vendormail.test,9939913772,"783 Market Road, Jharkhand",
Silverline Security Services 3609,,vendor3609@vendormail.test,9494231809,"223 Commercial Complex, Telangana",
CloudNet Print Works 3610,30CZKNG8275U9ZD,vendor3610@vendormail.test,9470134220,"646 Market Road, Goa",
Emerald Textiles 3611,,vendor3611@vendormail.test,9473690482,"807 Industrial Estate, Uttar Pradesh",
Pioneer Consultants 3612,23EGCOO5241K3ZG,vendor3612@vendormail.test,9798815503,"519 Market Road, Madhya Pradesh",
Metro Engineering 3613,33BNMTK5210Z7ZE,vendor3613@vendormail.test,9690324904,"956 Commercial Complex, Tamil Nadu",
Titan Distributors 3614,11TBCMO8414Y5ZH,vendor3614@vendormail.test,9132115068,"335 Commercial Complex, Sikkim",
Horizon Office Supplies 3615,05KEHFY3952Y6Z5,vendor3615@vendormail.test,9682863961,"755 Commercial Complex, Uttarakhand",
Reliable Logistics 3616,,vendor3616@vendormail.test,9615988765,"565 Commercial Complex, Sikkim",
Horizon Hosting 3617,07LUFDC3726I6Z9,vendor3617@vendormail.test,9561170260,"85 Commercial Complex, Delhi",
Meridian Stationery 3618,29PNXXR2659R6ZE,vendor3618@vendormail.test,9742142904,"609 Commercial Complex, Karnataka",
Zenith Advertising 3619,06MKDVW9735S1Z6,vendor3619@vendormail.test,9254402702,"938 Industrial Estate, Haryana",
Vertex Electricals 3620,18PAEFP1332I8ZP,vendor3620@vendormail.test,9263572179,"947 Commercial Complex, Assam",
Emerald IT Services 3621,,vendor3621@vendormail.test,9392770443,"195 Market Road, Uttarakhand",
Anchor Packaging 3622,,vendor3622@vendormail.test,9680210434,"762 Market Road, Sikkim",
Ironclad Freight 3623,20DOXPT8310C9ZX,vendor3623@vendormail.test,9175707926,"122 Commercial Complex, Jharkhand",
Crestline Security Services 3624,,vendor3624@vendormail.test,9574119367,"477 Industrial Estate, Odisha",
Greenfield Print Works 3625,33IZNPK8612Q7ZH,vendor3625@vendormail.test,9200314926,"531 Market Road, Tamil Nadu",
Pioneer Textiles 3626,06ORHUS5398B3Z1,vendor3626@vendormail.test,9788400351,"731 Industrial Estate, Haryana",
Crestline Consultants 3627,08IOTTM4478L5ZD,vendor3627@vendormail.test,9930126906,"522 Commercial Complex, Rajasthan",
Redwood Engineering 3628,,vendor3628@vendormail.test,9270887083,"868 Industrial Estate, Bihar",
Skyline Distributors 3629,,vendor3629@vendormail.test,9774880226,"258 Market Road, Assam",
Apex Office Supplies 3630,19YRLIT7706N9Z7,vendor3630@vendormail.test,9181809566,"320 Commercial Complex, West Bengal",
Silverline Logistics 3631,27VRVZZ4275X4Z5,vendor3631@vendormail.test,9318741327,"193 Industrial Estate, Maharashtra",
Greenfield Hosting 3632,,vendor3632@vendormail.test,9658829062,"99 Market Road, Himachal Pradesh",
Silverline Stationery 3633,10OZTDN3301Z8ZO,vendor3633@vendormail.test,9482827208,"625 Market Road, Bihar",
Nimbus Advertising 3634,05CMRLY5523W9ZK,vendor3634@vendormail.test,9705162175,"968 Commercial Complex, Uttarakhand",
Everest Electricals 3635,,vendor3635@vendormail.test,9947889467,"985 Commercial Complex, Jammu and Kashmir",
Golden Harvest IT Services 3636,,vendor3636@vendormail.test,9580345249,"29 Industrial Estate, Madhya Pradesh",
Nimbus Packaging 3637,19EHZJX2076U3ZJ,vendor3637@vendormail.test,9478762902,"416 Industrial Estate, West Bengal",
Prime Freight 3638,21KDPEZ1623N7ZW,vendor3638@vendormail.test,9379597900,"376 Commercial Complex, Odisha",
Meridian Security Services 3639,,vendor3639@vendormail.test,9551556813,"802 Commercial Complex, Goa",
BlueWave Print Works 3640,,vendor3640@vendormail.test,9151521744,"451 Industrial Estate, Odisha",
Everest Textiles 3641,,vendor3641@vendormail.test,9502349192,"995 Market Road, Maharashtra",
Meridian Consultants 3642,37ZGNNS6614Y8Z9,vendor3642@vendormail.test,9373703825,"705 Industrial Estate, Andhra Pradesh",
Delta Engineering 3643,04MUVRY6741W7ZG,vendor3643@vendormail.test,9838866057,"65 Market Road, Chandigarh",
Bluepeak Distributors 3644,24COUXN2448L9ZH,vendor3644@vendormail.test,9667454449,"646 Commercial Complex, Gujarat",
Golden Harvest Office Supplies 3645,07MGNMO8812C6ZZ,vendor3645@vendormail.test,9990151183,"899 Industrial Estate, Delhi",
Redwood Logistics 3646,02VGMUU5774B7ZV,vendor3646@vendormail.test,9565267799,"529 Commercial Complex, Himachal Pradesh",
Emerald Hosting 3647,02FLAOK2036J7ZN,vendor3647@vendormail.test,9732509549,"85 Industrial Estate, Himachal Pradesh",
Golden Harvest Stationery 3648,,vendor3648@vendormail.test,9780098605,"301 Industrial Estate, Odisha",
Metro Advertising 3649,23FZLXC5506P1ZF,vendor3649@vendormail.test,9256367398,"404 Market Road, Madhya Pradesh",
Sunrise Electricals 3650,,vendor3650@vendormail.test,9857226227,"719 Industrial Estate, Jharkhand",
Northstar IT Services 3651,19PXKBC4802J3ZG,vendor3651@vendormail.test,9370016953,"733 Market Road, West Bengal",
Falcon Packaging 3652,08ASNZZ2795C9ZB,vendor3652@vendormail.test,9317037860,"123 Market Road, Rajasthan",
Greenfield Freight 3653,,vendor3653@vendormail.test,9454121601,"197 Commercial Complex, Gujarat",
Pioneer Security Services 3654,36JNRGX5618O9Z7,vendor3654@vendormail.test,9851736552,"543 Industrial Estate, Telangana",
Skyline Print Works 3655,29XPMCF2973Z8ZJ,vendor3655@vendormail.test,9312265298,"781 Industrial Estate, Karnataka",
Orbit Textiles 3656,30TQSVI2518Y4Z7,vendor3656@vendormail.test,9607099688,"51 Commercial Complex, Goa",
Anchor Consultants 3657,10AYRMJ3996J2ZM,vendor3657@vendormail.test,9552062331,"855 Market Road, Bihar",
BlueWave Engineering 3658,,vendor3658@vendormail.test,9955285554,"871 Industrial Estate, Himachal Pradesh",
Bluepeak Distributors 3659,,vendor3659@vendormail.test,9759341026,"972 Industrial Estate, Maharashtra",
Prime Office Supplies 3660,,vendor3660@vendormail.test,9840944778,"482 Industrial Estate, Jammu and Kashmir",
Vertex Logistics 3661,,vendor3661@vendormail.test,9652130209,"579 Commercial Complex, Odisha",
Vertex Hosting 3662,,vendor3662@vendormail.test,9318744209,"705 Commercial Complex, Telangana",
Anchor Stationery 3663,09VYTHM5619E8ZX,vendor3663@vendormail.test,9347218138,"478 Industrial Estate, Uttar Pradesh",
Delta Advertising 3664,19WRWFD6117I8ZH,vendor3664@vendormail.test,9275477184,"940 Industrial Estate, West Bengal",
Greenfield Electricals 3665,,vendor3665@vendormail.test,9178506894,"298 Market Road, Sikkim",
Meridian IT Services 3666,,vendor3666@vendormail.test,9547040740,"612 Industrial Estate, Rajasthan",
Anchor Packaging 3667,,vendor3667@vendormail.test,9722546319,"99 Industrial Estate, Himachal Pradesh",
Fusion Freight 3668,,vendor3668@vendormail.test,9501301988,"242 Commercial Complex, Madhya Pradesh",
Bluepeak Security Services 3669,,vendor3669@vendormail.test,9745859720,"497 Industrial Estate, Uttarakhand",
Zenith Print Works 3670,,vendor3670@vendormail.test,9353489023,"520 Market Road, Assam",
Northstar Textiles 3671,20RAFWH7422P9ZI,vendor3671@vendormail.test,9560057213,"857 Industrial Estate, Jharkhand",
Meridian Consultants 3672,29DKASO4992D9ZB,vendor3672@vendormail.test,9416246551,"684 Commercial Complex, Karnataka",
Redwood Engineering 3673,10ZIUZI2694K5ZA,vendor3673@vendormail.test,9539313578,"780 Industrial Estate, Bihar",
CloudNet Distributors 3674,,vendor3674@vendormail.test,9780245897,"803 Industrial Estate, Jharkhand",
Delta Office Supplies 3675,,vendor3675@vendormail.test,9180987783,"19 Market Road, West Bengal",
Fusion Logistics 3676,37PMCYQ5008O3Z9,vendor3676@vendormail.test,9203169946,"473 Commercial Complex, Andhra Pradesh",
Bluepeak Hosting 3677,24PNMLR2227Z2ZX,vendor3677@vendormail.test,9891925595,"880 Commercial Complex, Gujarat",
Reliable Stationery 3678,,vendor3678@vendormail.test,9168809500,"432 Commercial Complex, Telangana",
Metro Advertising 3679,,vendor3679@vendormail.test,9788260487,"604 Market Road, Tamil Nadu",
Golden Harvest Electricals 3680,08KUMAP5131D9Z9,vendor3680@vendormail.test,9545725908,"565 Industrial Estate, Rajasthan",
Redwood IT Services 3681,33ZMJYP9878R8ZL,vendor3681@vendormail.test,9780628946,"793 Market Road, Tamil Nadu",
Metro Packaging 3682,21IYVVK2542M6Z9,vendor3682@vendormail.test,9370762471,"103 Market Road, Odisha",
Emerald Freight 3683,01AWFEA5789M3ZB,vendor3683@vendormail.test,9551022053,"667 Commercial Complex, Jammu and Kashmir",
Vertex Security Services 3684,23GUPHC1474F9ZL,vendor3684@vendormail.test,9740717550,"413 Industrial Estate, Madhya Pradesh",
Bluepeak Print Works 3685,,vendor3685@vendormail.test,9104901939,"181 Commercial Complex, Kerala",
Skyline Textiles 3686,,vendor3686@vendormail.test,9890976764,"158 Market Road, Goa",
BlueWave Consultants 3687,18CXELQ9621C8Z3,vendor3687@vendormail.test,9287480982,"596 Market Road, Assam",
Silverline Engineering 3688,21NLZND1284K4ZJ,vendor3688@vendormail.test,9451457359,"142 Commercial Complex, Odisha",
BlueWave Distributors 3689,30CQXXG1271P4Z7,vendor3689@vendormail.test,9665092648,"961 Market Road, Goa",
Crestline Office Supplies 3690,03QEDQT7804L3ZG,vendor3690@vendormail.test,9164619096,"80 Industrial Estate, Punjab",
Delta Logistics 3691,,vendor3691@vendormail.test,9457109684,"183 Industrial Estate, Uttar Pradesh",
Bluepeak Hosting 3692,02AXCPS2912K9ZB,vendor3692@vendormail.test,9648304526,"823 Commercial Complex, Himachal Pradesh",
Silverline Stationery 3693,33BWYIR5960D3ZK,vendor3693@vendormail.test,9878893637,"875 Commercial Complex, Tamil Nadu",
BlueWave Advertising 3694,,vendor3694@vendormail.test,9278844622,"928 Market Road, Chandigarh",
Delta Electricals 3695,,vendor3695@vendormail.test,9164392714,"534 Industrial Estate, Sikkim",
Greenfield IT Services 3696,02FBMOL2551J4Z5,vendor3696@vendormail.test,9215395286,"615 Industrial Estate, Himachal Pradesh",
BlueWave Packaging 3697,04HGSNZ9107K7ZE,vendor3697@vendormail.test,9145238148,"580 Commercial Complex, Chandigarh",
Orbit Freight 3698,10OGYBE6499H7ZL,vendor3698@vendormail.test,9423385086,"946 Commercial Complex, Bihar",
Northstar Security Services 3699,,vendor3699@vendormail.test,9160089271,"363 Industrial Estate, Telangana",
Redwood Print Works 3700,07YRIIU2147P9ZM,vendor3700@vendormail.test,9482306285,"749 Commercial Complex, Delhi",
Metro Textiles 3701,,vendor3701@vendormail.test,9390061293,"864 Industrial Estate, West Bengal",
Silverline Consultants 3702,,vendor3702@vendormail.test,9496317195,"541 Commercial Complex, Kerala",
Zenith Engineering 3703,04OJMMA8394L8Z1,vendor3703@vendormail.test,9565369395,"932 Industrial Estate, Chandigarh",
Anchor Distributors 3704,02WSCAE1540H1Z4,vendor3704@vendormail.test,9322000821,"944 Market Road, Himachal Pradesh",
Bluepeak Office Supplies 3705,24KDNIV8649R1ZA,vendor3705@vendormail.test,9874331588,"479 Market Road, Gujarat",
Titan Logistics 3706,04XLAVI5269W8ZU,vendor3706@vendormail.test,9437880405,"63 Market Road, Chandigarh",
Delta Hosting 3707,23CHHTG7729X3ZZ,vendor3707@vendormail.test,9528268447,"179 Commercial Complex, Madhya Pradesh",
Redwood Stationery 3708,18CZNSF4821G5ZT,vendor3708@vendormail.test,9185299788,"327 Commercial Complex, Assam",
Meridian Advertising 3709,36VQMMR2458G6Z8,vendor3709@vendormail.test,9762982307,"620 Market Road, Telangana",
Horizon Electricals 3710,19ACCGZ9070Q8ZE,vendor3710@vendormail.test,9959871853,"966 Market Road, West Bengal",
Vertex IT Services 3711,,vendor3711@vendormail.test,9815045890,"726 Market Road, Odisha",
Silverline Packaging 3712,,vendor3712@vendormail.test,9713775936,"875 Industrial Estate, Haryana",
BlueWave Freight 3713,37LMVOB1848T1Z0,vendor3713@vendormail.test,9300766177,"649 Commercial Complex, Andhra Pradesh",
Sunrise Security Services 3714,37HSRAW1030N9ZB,vendor3714@vendormail.test,9963299454,"920 Industrial Estate, Andhra Pradesh",
Falcon Print Works 3715,18TWNTL8537U9ZQ,vendor3715@vendormail.test,9127440342,"453 Market Road, Assam",
Sunrise Textiles 3716,04PEGDZ2706P8ZI,vendor3716@vendormail.test,9304913797,"968 Commercial Complex, Chandigarh",
Pioneer Consultants 3717,,vendor3717@vendormail.test,9345977655,"33 Market Road, Andhra Pradesh",
Titan Engineering 3718,08VFBRE3036Q7ZS,vendor3718@vendormail.test,9581147194,"21 Commercial Complex, Rajasthan",
Zenith Distributors 3719,37IECUZ5812W5Z5,vendor3719@vendormail.test,9229128214,"876 Commercial Complex, Andhra Pradesh",
Anchor Office Supplies 3720,02FMITX1174P5Z9,vendor3720@vendormail.test,9652891246,"227 Market Road, Himachal Pradesh",
Golden Harvest Logistics 3721,05VCASU2761K3ZZ,vendor3721@vendormail.test,9286330149,"50 Commercial Complex, Uttarakhand",
Crestline Hosting 3722,,vendor3722@vendormail.test,9556920491,"702 Commercial Complex, Andhra Pradesh",
Pioneer Stationery 3723,22IMSNX8348E6ZB,vendor3723@vendormail.test,9966498319,"28 Commercial Complex, Chhattisgarh",
Titan Advertising 3724,08LYNUQ5275S3ZN,vendor3724@vendormail.test,9228251849,"648 Commercial Complex, Rajasthan",
Nimbus Electricals 3725,30OUNCF8512C1ZM,vendor3725@vendormail.test,9843510111,"790 Commercial Complex, Goa",
Horizon IT Services 3726,,vendor3726@vendormail.test,9539701507,"370 Market Road, Chhattisgarh",
Zenith Packaging 3727,23XVUVZ7896C8ZE,vendor3727@vendormail.test,9242007160,"975 Commercial Complex, Madhya Pradesh",
Reliable Freight 3728,,vendor3728@vendormail.test,9469582388,"554 Commercial Complex, Odisha",
Pioneer Security Services 3729,04UMNVX5358B9ZM,vendor3729@vendormail.test,9389606887,"954 Market Road, Chandigarh",
Prime Print Works 3730,09BXNRW2391B9Z3,vendor3730@vendormail.test,9585911687,"111 Commercial Complex, Uttar Pradesh",
Reliable Textiles 3731,,vendor3731@vendormail.test,9881431403,"699 Industrial Estate, West Bengal",
Reliable Consultants 3732,01VVNOT4307F1ZA,vendor3732@vendormail.test,9602176970,"985 Market Road, Jammu and Kashmir",
Metro Engineering 3733,32KXGAD7449Z3Z7,vendor3733@vendormail.test,9754131807,"471 Market Road, Kerala",
Golden Harvest Distributors 3734,27XKYUF9764P8ZY,vendor3734@vendormail.test,9146846651,"99 Industrial Estate, Maharashtra",
Nimbus Office Supplies 3735,29NLGFX6145Y8ZG,vendor3735@vendormail.test,9685176063,"968 Industrial Estate, Karnataka",
Redwood Logistics 3736,05ELRKG7933N6Z0,vendor3736@vendormail.test,9493178254,"555 Commercial Complex, Uttarakhand",
BlueWave Hosting 3737,30SYCBV5374S8ZM,vendor3737@vendormail.test,9555595106,"307 Commercial Complex, Goa",
Horizon Stationery 3738,03ECEPS8303N5ZE,vendor3738@vendormail.test,9445210997,"361 Commercial Complex, Punjab",
Falcon Advertising 3739,,vendor3739@vendormail.test,9979020156,"686 Industrial Estate, Telangana",
Nimbus Electricals 3740,,vendor3740@vendormail.test,9846763845,"637 Industrial Estate, Punjab",
CloudNet IT Services 3741,19NGPSB9219F8Z1,vendor3741@vendormail.test,9621558976,"743 Industrial Estate, West Bengal",
Apex Packaging 3742,,vendor3742@vendormail.test,9969617402,"977 Industrial Estate, Chhattisgarh",
Redwood Freight 3743,,vendor3743@vendormail.test,9331240030,"970 Commercial Complex, Punjab",
Sunrise Security Services 3744,,vendor3744@vendormail.test,9344286183,"194 Commercial Complex, Tamil Nadu",
Horizon Print Works 3745,27HPPMF8792P5ZS,vendor3745@vendormail.test,9626511164,"193 Industrial Estate, Maharashtra",
Skyline Textiles 3746,04YOIWH8129R5Z4,vendor3746@vendormail.test,9268924549,"468 Market Road, Chandigarh",
Greenfield Consultants 3747,03XEOMC2477M5ZR,vendor3747@vendormail.test,9432831174,"190 Market Road, Punjab",
Orbit Engineering 3748,19FVHBA3745S6ZU,vendor3748@vendormail.test,9876776504,"728 Commercial Complex, West Bengal",
Vertex Distributors 3749,,vendor3749@vendormail.test,9153310356,"38 Commercial Complex, Haryana",
CloudNet Office Supplies 3750,,vendor3750@vendormail.test,9511102145,"569 Industrial Estate, Punjab",
Orbit Logistics 3751,24EDQPQ7418W8ZU,vendor3751@vendormail.test,9312639483,"131 Market Road, Gujarat",
Pioneer Hosting 3752,08POSIO6940Q9ZT,vendor3752@vendormail.test,9225752535,"598 Market Road, Rajasthan",
Redwood Stationery 3753,,vendor3753@vendormail.test,9296922843,"283 Commercial Complex, Madhya Pradesh",
Falcon Advertising 3754,37CWNVS7575O1ZB,vendor3754@vendormail.test,9553818561,"110 Commercial Complex, Andhra Pradesh",
Northstar Electricals 3755,09MNARG1073V8ZK,vendor3755@vendormail.test,9175693622,"576 Commercial Complex, Uttar Pradesh",
BlueWave IT Services 3756,05KKHIK9312K1ZH,vendor3756@vendormail.test,9611144973,"356 Industrial Estate, Uttarakhand",
Falcon Packaging 3757,33ZBJAP4901K8Z9,vendor3757@vendormail.test,9223613681,"296 Industrial Estate, Tamil Nadu",
Golden Harvest Freight 3758,,vendor3758@vendormail.test,9125662081,"78 Market Road, Chhattisgarh",
Fusion Security Services 3759,23MYRGP3037E4Z6,vendor3759@vendormail.test,9821666758,"127 Market Road, Madhya Pradesh",
Meridian Print Works 3760,24YHQBU5129H3ZY,vendor3760@vendormail.test,9276665443,"550 Market Road, Gujarat",
Silverline Textiles 3761,06YRJYQ4489K7Z4,vendor3761@vendormail.test,9248807994,"608 Commercial Complex, Haryana",
Prime Consultants 3762,,vendor3762@vendormail.test,9979352994,"493 Industrial Estate, Bihar",
Titan Engineering 3763,20HMNGG5992X4ZK,vendor3763@vendormail.test,9779417300,"388 Industrial Estate, Jharkhand",
Redwood Distributors 3764,,vendor3764@vendormail.test,9821834108,"223 Industrial Estate, Kerala",
Golden Harvest Office Supplies 3765,21ICQYY9645G5ZR,vendor3765@vendormail.test,9820975066,"929 Industrial Estate, Odisha",
Falcon Logistics 3766,01QUUST9446Y2ZJ,vendor3766@vendormail.test,9410290102,"750 Market Road, Jammu and Kashmir",
Golden Harvest Hosting 3767,06PZJPJ3250Q9ZO,vendor3767@vendormail.test,9259937828,"32 Market Road, Haryana",
CloudNet Stationery 3768,37GOVVP4776N8Z2,vendor3768@vendormail.test,9672952229,"377 Industrial Estate, Andhra Pradesh",
Prime Advertising 3769,,vendor3769@vendormail.test,9389517649,"789 Market Road, Sikkim",
Northstar Electricals 3770,09TDZXM4645P3Z1,vendor3770@vendormail.test,9703608403,"193 Industrial Estate, Uttar Pradesh",
Emerald IT Services 3771,09NFRJR4586P9ZV,vendor3771@vendormail.test,9199182858,"238 Market Road, Uttar Pradesh",
Metro Packaging 3772,,vendor3772@vendormail.test,9215006574,"886 Commercial Complex, Punjab",
Reliable Freight 3773,05WKJJT7196O6Z2,vendor3773@vendormail.test,9137497239,"363 Commercial Complex, Uttarakhand",
Nimbus Security Services 3774,,vendor3774@vendormail.test,9200510068,"371 Market Road, Chhattisgarh",
Silverline Print Works 3775,24FFXGK7093K1ZH,vendor3775@vendormail.test,9320990476,"344 Market Road, Gujarat",
Skyline Textiles 3776,37BSSCX8227G3ZB,vendor3776@vendormail.test,9810659475,"651 Market Road, Andhra Pradesh",
Golden Harvest Consultants 3777,03ZLZOE3065U7ZC,vendor3777@vendormail.test,9958224605,"407 Market Road, Punjab",
Greenfield Engineering 3778,,vendor3778@vendormail.test,9847021107,"764 Market Road, Gujarat",
Horizon Distributors 3779,01TAQKH9845N4Z6,vendor3779@vendormail.test,9586411841,"321 Commercial Complex, Jammu and Kashmir",
Orbit Office Supplies 3780,,vendor3780@vendormail.test,9281520639,"640 Market Road, Maharashtra",
Redwood Logistics 3781,03CAQNP4401Q4ZU,vendor3781@vendormail.test,9115269379,"836 Market Road, Punjab",
CloudNet Hosting 3782,21JDSPW7493G3ZD,vendor3782@vendormail.test,9848199307,"949 Industrial Estate, Odisha",
Titan Stationery 3783,37AKIFE7422T2ZG,vendor3783@vendormail.test,9810135230,"572 Commercial Complex, Andhra Pradesh",
Greenfield Advertising 3784,32TZIZK5130N6ZJ,vendor3784@vendormail.test,9306025019,"637 Commercial Complex, Kerala",
Redwood Electricals 3785,29MDPBA5617O1ZM,vendor3785@vendormail.test,9301139399,"165 Commercial Complex, Karnataka",
BlueWave IT Services 3786,,vendor3786@vendormail.test,9641124234,"791 Market Road, Madhya Pradesh",
Skyline Packaging 3787,,vendor3787@vendormail.test,9303760827,"935 Market Road, Kerala",
Everest Freight 3788,09QGWVZ4484R9Z7,vendor3788@vendormail.test,9792947632,"676 Market Road, Uttar Pradesh",
CloudNet Security Services 3789,06QAWTE3372H7ZH,vendor3789@vendormail.test,9563170051,"35 Industrial Estate, Haryana",
Sunrise Print Works 3790,,vendor3790@vendormail.test,9628321638,"152 Market Road, Karnataka",
Falcon Textiles 3791,30YSEDT2548B2ZX,vendor3791@vendormail.test,9912878715,"102 Industrial Estate, Goa",
Anchor Consultants 3792,02WPVHM1428J3ZC,vendor3792@vendormail.test,9724506639,"449 Market Road, Himachal Pradesh",
Titan Engineering 3793,,vendor3793@vendormail.test,9535266546,"865 Commercial Complex, Kerala",
Crestline Distributors 3794,,vendor3794@vendormail.test,9135601515,"52 Market Road, Chandigarh",
Skyline Office Supplies 3795,03PWXQD4517M6ZP,vendor3795@vendormail.test,9276559335,"485 Industrial Estate, Punjab",
Prime Logistics 3796,,vendor3796@vendormail.test,9932756633,"711 Industrial Estate, Chhattisgarh",
Silverline Hosting 3797,,vendor3797@vendormail.test,9617383481,"967 Commercial Complex, Jammu and Kashmir",
Emerald Stationery 3798,08VZLZB5476J5Z6,vendor3798@vendormail.test,9338522311,"86 Commercial Complex, Rajasthan",
Anchor Advertising 3799,,vendor3799@vendormail.test,9407609265,"765 Market Road, Kerala",
Meridian Electricals 3800,,vendor3800@vendormail.test,9109753568,"818 Industrial Estate, Jharkhand",
Greenfield IT Services 3801,33NYUSF1507P4Z3,vendor3801@vendormail.test,9274626942,"156 Market Road, Tamil Nadu",
Reliable Packaging 3802,24GGFDV2675G9Z9,vendor3802@vendormail.test,9685441008,"105 Industrial Estate, Gujarat",
Golden Harvest Freight 3803,21ODZFZ6516Q7ZI,vendor3803@vendormail.test,9330141151,"281 Industrial Estate, Odisha",
Crestline Security Services 3804,10XDKBD5500Z3ZM,vendor3804@vendormail.test,9105778778,"372 Commercial Complex, Bihar",
Falcon Print Works 3805,11TLATC3479L2Z5,vendor3805@vendormail.test,9377114560,"244 Commercial Complex, Sikkim",
Apex Textiles 3806,24IZNNO4275W1ZP,vendor3806@vendormail.test,9857037617,"103 Commercial Complex, Gujarat",
Northstar Consultants 3807,19LNTDV8790J9ZW,vendor3807@vendormail.test,9219124170,"645 Market Road, West Bengal",
Nimbus Engineering 3808,20RZSCH7154U9ZU,vendor3808@vendormail.test,9943410549,"708 Market Road, Jharkhand",
Delta Distributors 3809,10UOXJR1657F9ZK,vendor3809@vendormail.test,9608023387,"862 Commercial Complex, Bihar",
Ironclad Office Supplies 3810,29ZHSES6135O7ZP,vendor3810@vendormail.test,9416152920,"302 Commercial Complex, Karnataka",
Crestline Logistics 3811,06BCMKG3608X9ZE,vendor3811@vendormail.test,9351826860,"497 Industrial Estate, Haryana",
Crestline Hosting 3812,37BHTFW3594C8ZD,vendor3812@vendormail.test,9462344739,"830 Commercial Complex, Andhra Pradesh",
Golden Harvest Stationery 3813,22LOXUB1802G1ZR,vendor3813@vendormail.test,9304946993,"206 Industrial Estate, Chhattisgarh",
Anchor Advertising 3814,,vendor3814@vendormail.test,9706184374,"861 Industrial Estate, Odisha",
Bluepeak Electricals 3815,03DCJFG9900J1ZV,vendor3815@vendormail.test,9497818454,"347 Industrial Estate, Punjab",
Anchor IT Services 3816,,vendor3816@vendormail.test,9621335091,"126 Market Road, Haryana",
Nimbus Packaging 3817,07BNHTB7373O7ZR,vendor3817@vendormail.test,9858101723,"991 Commercial Complex, Delhi",
Golden Harvest Freight 3818,,vendor3818@vendormail.test,9135383201,"682 Market Road, Kerala",
Horizon Security Services 3819,19JDKWG8806G8ZC,vendor3819@vendormail.test,9392672619,"169 Market Road, West Bengal",
Everest Print Works 3820,,vendor3820@vendormail.test,9490113039,"148 Industrial Estate, Chandigarh",
Orbit Textiles 3821,37NUTAN5441L1Z0,vendor3821@vendormail.test,9784081149,"612 Industrial Estate, Andhra Pradesh",
Emerald Consultants 3822,22KRNRE6307J4ZN,vendor3822@vendormail.test,9561888233,"48 Commercial Complex, Chhattisgarh",
Golden Harvest Engineering 3823,22ZBQBM8301H8ZP,vendor3823@vendormail.test,9524778353,"430 Market Road, Chhattisgarh",
BlueWave Distributors 3824,20VQLLP5400M7ZB,vendor3824@vendormail.test,9147602077,"345 Commercial Complex, Jharkhand",
Pioneer Office Supplies 3825,,vendor3825@vendormail.test,9169592568,"598 Market Road, Telangana",
Prime Logistics 3826,07ZGSBQ2399L1ZL,vendor3826@vendormail.test,9948616328,"573 Commercial Complex, Delhi",
Northstar Hosting 3827,,vendor3827@vendormail.test,9547222470,"672 Industrial Estate, Uttarakhand",
Golden Harvest Stationery 3828,,vendor3828@vendormail.test,9457718721,"457 Commercial Complex, Sikkim",
Meridian Advertising 3829,,vendor3829@vendormail.test,9380113887,"737 Commercial Complex, Karnataka",
Silverline Electricals 3830,,vendor3830@vendormail.test,9659786202,"649 Market Road, Himachal Pradesh",
BlueWave IT Services 3831,01GGAQS7237C7ZN,vendor3831@vendormail.test,9232428285,"252 Industrial Estate, Jammu and Kashmir",
CloudNet Packaging 3832,10IUNGF3914X7ZQ,vendor3832@vendormail.test,9397814198,"274 Commercial Complex, Bihar",
Emerald Freight 3833,19HZKCI3590U9Z0,vendor3833@vendormail.test,9692250251,"117 Commercial Complex, West Bengal",
Anchor Security Services 3834,,vendor3834@vendormail.test,9543113493,"478 Commercial Complex, Assam",
Silverline Print Works 3835,,vendor3835@vendormail.test,9622611684,"708 Market Road, Goa",
Prime Textiles 3836,21QXZAA9891D3ZW,vendor3836@vendormail.test,9572070566,"877 Industrial Estate, Odisha",
Greenfield Consultants 3837,33QSYGO8174C5Z4,vendor3837@vendormail.test,9155216556,"420 Commercial Complex, Tamil Nadu",
Fusion Engineering 3838,,vendor3838@vendormail.test,9135347438,"802 Industrial Estate, Sikkim",
Redwood Distributors 3839,,vendor3839@vendormail.test,9296026647,"863 Industrial Estate, Jammu and Kashmir",
Crestline Office Supplies 3840,21QXTKU8289A5Z9,vendor3840@vendormail.test,9539845079,"679 Industrial Estate, Odisha",
Everest Logistics 3841,19BIKIZ6682C3ZX,vendor3841@vendormail.test,9171360313,"433 Industrial Estate, West Bengal",
Zenith Hosting 3842,,vendor3842@vendormail.test,9287929189,"392 Industrial Estate, Jammu and Kashmir",
Emerald Stationery 3843,,vendor3843@vendormail.test,9292248786,"941 Industrial Estate, Uttar Pradesh",
Falcon Advertising 3844,32HHPNX4448N9ZE,vendor3844@vendormail.test,9751782442,"281 Market Road, Kerala",
Sunrise Electricals 3845,,vendor3845@vendormail.test,9887927053,"386 Industrial Estate, Uttar Pradesh",
Anchor IT Services 3846,24YVTQY8375E2Z2,vendor3846@vendormail.test,9209304465,"274 Industrial Estate, Gujarat",
Nimbus Packaging 3847,06PZJNS5773C4ZZ,vendor3847@vendormail.test,9779926406,"648 Market Road, Haryana",
Anchor Freight 3848,30WSCFR5181N1Z3,vendor3848@vendormail.test,9649900504,"71 Market Road, Goa",
Zenith Security Services 3849,11YYCPG6612F3ZK,vendor3849@vendormail.test,9760722827,"224 Industrial Estate, Sikkim",
Everest Print Works 3850,06WCJZM8407U1ZQ,vendor3850@vendormail.test,9769863988,"750 Market Road, Haryana",
Crestline Textiles 3851,24RYZCW3849A7ZC,vendor3851@vendormail.test,9437307129,"846 Industrial Estate, Gujarat",
Pioneer Consultants 3852,10GSXHV2254E4Z8,vendor3852@vendormail.test,9591879106,"713 Market Road, Bihar",
Anchor Engineering 3853,07BLOCZ9642O7ZR,vendor3853@vendormail.test,9291760661,"453 Industrial Estate, Delhi",
Sunrise Distributors 3854,,vendor3854@vendormail.test,9279166534,"54 Industrial Estate, Maharashtra",
Orbit Office Supplies 3855,22BUQPQ4229E3ZR,vendor3855@vendormail.test,9160029558,"82 Industrial Estate, Chhattisgarh",
Greenfield Logistics 3856,23YCKUY8607H3Z7,vendor3856@vendormail.test,9212409352,"835 Market Road, Madhya Pradesh",
Delta Hosting 3857,,vendor3857@vendormail.test,9793270269,"657 Market Road, Goa",
BlueWave Stationery 3858,05BYOZL6737U1ZV,vendor3858@vendormail.test,9557075708,"371 Commercial Complex, Uttarakhand",
CloudNet Advertising 3859,01BDRMK8448E8Z2,vendor3859@vendormail.test,9440924616,"240 Market Road, Jammu and Kashmir",
Northstar Electricals 3860,,vendor3860@vendormail.test,9378182351,"899 Industrial Estate, Sikkim",
Crestline IT Services 3861,30QLVOP2817I3ZH,vendor3861@vendormail.test,9644436657,"379 Market Road, Goa",
Apex Packaging 3862,08BAHYP3568S5Z0,vendor3862@vendormail.test,9956071254,"890 Market Road, Rajasthan",
Northstar Freight 3863,30CVUDJ1594X1ZF,vendor3863@vendormail.test,9992241707,"21 Market Road, Goa",
Apex Security Services 3864,22GOSKJ8755D6ZV,vendor3864@vendormail.test,9618115717,"170 Market Road, Chhattisgarh",
BlueWave Print Works 3865,03QOVBK9134V4Z4,vendor3865@vendormail.test,9259595086,"817 Commercial Complex, Punjab",
Apex Textiles 3866,27UAYIS2982F2ZX,vendor3866@vendormail.test,9179768194,"679 Industrial Estate, Maharashtra",
Sunrise Consultants 3867,,vendor3867@vendormail.test,9216232405,"179 Market Road, Karnataka",
Titan Engineering 3868,06ZVNYC2365D1ZM,vendor3868@vendormail.test,9450373145,"931 Market Road, Haryana",
Sunrise Distributors 3869,33CXCBR6594V4Z6,vendor3869@vendormail.test,9610822679,"623 Commercial Complex, Tamil Nadu",
Northstar Office Supplies 3870,,vendor3870@vendormail.test,9342423016,"535 Market Road, West Bengal",
Skyline Logistics 3871,11SWOCK3834G1ZA,vendor3871@vendormail.test,9304524360,"889 Commercial Complex, Sikkim",
CloudNet Hosting 3872,21URVMT1586Q2ZV,vendor3872@vendormail.test,9168440829,"712 Market Road, Odisha",
Falcon Stationery 3873,,vendor3873@vendormail.test,9884614648,"808 Commercial Complex, Jammu and Kashmir",
Vertex Advertising 3874,,vendor3874@vendormail.test,9343038387,"220 Commercial Complex, Gujarat",
Zenith Electricals 3875,03HVHGU6822L8ZW,vendor3875@vendormail.test,9338540032,"69 Industrial Estate, Punjab",
Meridian IT Services 3876,05ZWYPL3992P6Z2,vendor3876@vendormail.test,9176024729,"280 Market Road, Uttarakhand",
Northstar Packaging 3877,,vendor3877@vendormail.test,9500404867,"359 Industrial Estate, Haryana",
Northstar Freight 3878,19IUVOH5120A2ZV,vendor3878@vendormail.test,9691971748,"663 Commercial Complex, West Bengal",
Falcon Security Services 3879,,vendor3879@vendormail.test,9403383756,"948 Market Road, Madhya Pradesh",
Falcon Print Works 3880,06JIUWE3441I1ZI,vendor3880@vendormail.test,9302210045,"34 Market Road, Haryana",
Bluepeak Textiles 3881,36BEZPF8209D6ZC,vendor3881@vendormail.test,9214950010,"49 Industrial Estate, Telangana",
Falcon Consultants 3882,,vendor3882@vendormail.test,9713733413,"306 Industrial Estate, Rajasthan",
Skyline Engineering 3883,,vendor3883@vendormail.test,9841285070,"604 Industrial Estate, Kerala",
BlueWave Distributors 3884,,vendor3884@vendormail.test,9143452810,"125 Commercial Complex, Bihar",
Falcon Office Supplies 3885,36GQCEN3301J6ZG,vendor3885@vendormail.test,9220064052,"7 Market Road, Telangana",
Ironclad Logistics 3886,33VLREH2047C7ZO,vendor3886@vendormail.test,9953281339,"306 Market Road, Tamil Nadu",
Delta Hosting 3887,,vendor3887@vendormail.test,9586406926,"475 Commercial Complex, Andhra Pradesh",
Golden Harvest Stationery 3888,,vendor3888@vendormail.test,9393074835,"764 Commercial Complex, Chhattisgarh",
Delta Advertising 3889,,vendor3889@vendormail.test,9846144484,"913 Commercial Complex, Jammu and Kashmir",
Golden Harvest Electricals 3890,37TMOBP3233P1ZD,vendor3890@vendormail.test,9534195646,"759 Market Road, Andhra Pradesh",
Silverline IT Services 3891,19HNYHR7341G6Z6,vendor3891@vendormail.test,9883124077,"471 Industrial Estate, West Bengal",
Nimbus Packaging 3892,07JSEOM6238N5ZT,vendor3892@vendormail.test,9340938035,"123 Industrial Estate, Delhi",
Apex Freight 3893,,vendor3893@vendormail.test,9900519034,"383 Commercial Complex, Chandigarh",
Everest Security Services 3894,23EWZSQ1561W5Z1,vendor3894@vendormail.test,9104107270,"876 Market Road, Madhya Pradesh",
Skyline Print Works 3895,32LHMHU1751Y2Z6,vendor3895@vendormail.test,9612943357,"640 Market Road, Kerala",
Northstar Textiles 3896,22YXOGC3616P8ZG,vendor3896@vendormail.test,9177666107,"368 Market Road, Chhattisgarh",
Anchor Consultants 3897,11SMTFT2356H3ZC,vendor3897@vendormail.test,9426176007,"59 Commercial Complex, Sikkim",
Falcon Engineering 3898,06VFENC8477S2ZG,vendor3898@vendormail.test,9947515654,"85 Industrial Estate, Haryana",
Sunrise Distributors 3899,20KUUSL2796S8Z1,vendor3899@vendormail.test,9945002993,"995 Market Road, Jharkhand",
Delta Office Supplies 3900,19EJCHL9940F7ZX,vendor3900@vendormail.test,9723393349,"505 Industrial Estate, West Bengal",
BlueWave Logistics 3901,06ZXZDB3303C6ZH,vendor3901@vendormail.test,9929972338,"636 Commercial Complex, Haryana",
Meridian Hosting 3902,,vendor3902@vendormail.test,9751476849,"864 Commercial Complex, Jammu and Kashmir",
Redwood Stationery 3903,08CLFGO3453R5ZJ,vendor3903@vendormail.test,9563134067,"500 Market Road, Rajasthan",
Horizon Advertising 3904,,vendor3904@vendormail.test,9637104387,"865 Commercial Complex, Odisha",
Sunrise Electricals 3905,24JZCAC7185Q8ZP,vendor3905@vendormail.test,9604559127,"13 Industrial Estate, Gujarat",
Prime IT Services 3906,32WVLCS7013Q3Z5,vendor3906@vendormail.test,9695678199,"818 Industrial Estate, Kerala",
Bluepeak Packaging 3907,18PGSOO9052X4Z0,vendor3907@vendormail.test,9638464746,"431 Commercial Complex, Assam",
Apex Freight 3908,03CSSKZ2085X3Z7,vendor3908@vendormail.test,9864277739,"155 Commercial Complex, Punjab",
Vertex Security Services 3909,32XEOOF9042N8ZO,vendor3909@vendormail.test,9960451156,"161 Commercial Complex, Kerala",
Redwood Print Works 3910,,vendor3910@vendormail.test,9273923151,"447 Market Road, Bihar",
Horizon Textiles 3911,,vendor3911@vendormail.test,9327327024,"29 Industrial Estate, Odisha",
Prime Consultants 3912,,vendor3912@vendormail.test,9465391599,"675 Industrial Estate, Delhi",
Vertex Engineering 3913,,vendor3913@vendormail.test,9387452729,"246 Commercial Complex, Kerala",
BlueWave Distributors 3914,,vendor3914@vendormail.test,9177742670,"717 Market Road, Odisha",
Meridian Office Supplies 3915,,vendor3915@vendormail.test,9923971829,"744 Commercial Complex, Uttarakhand",
Greenfield Logistics 3916,22NWHLQ7289I2ZO,vendor3916@vendormail.test,9185493957,"726 Industrial Estate, Chhattisgarh",
Greenfield Hosting 3917,37BDSMP6464D4ZW,vendor3917@vendormail.test,9540936234,"7 Market Road, Andhra Pradesh",
Pioneer Stationery 3918,32GNKBW6549S6ZA,vendor3918@vendormail.test,9319047547,"657 Commercial Complex, Kerala",
Falcon Advertising 3919,05LZMAZ5815G3ZL,vendor3919@vendormail.test,9873067656,"430 Industrial Estate, Uttarakhand",
Apex Electricals 3920,09XYXHB9465G8ZV,vendor3920@vendormail.test,9738899972,"768 Commercial Complex, Uttar Pradesh",
Ironclad IT Services 3921,22WBDTM2067B6ZY,vendor3921@vendormail.test,9428295610,"43 Market Road, Chhattisgarh",
Sunrise Packaging 3922,10CNMID1370U9Z5,vendor3922@vendormail.test,9853593312,"280 Industrial Estate, Bihar",
Reliable Freight 3923,,vendor3923@vendormail.test,9998016906,"659 Commercial Complex, Goa",
Meridian Security Services 3924,11MKHJG3992D5Z9,vendor3924@vendormail.test,9956585094,"123 Market Road, Sikkim",
Greenfield Print Works 3925,09SBHFJ6297C2Z1,vendor3925@vendormail.test,9154015860,"52 Market Road, Uttar Pradesh",
Apex Textiles 3926,,vendor3926@vendormail.test,9558505465,"698 Commercial Complex, Uttarakhand",
Anchor Consultants 3927,,vendor3927@vendormail.test,9740302596,"634 Industrial Estate, Chhattisgarh",
Horizon Engineering 3928,10FHSTX9899V2ZT,vendor3928@vendormail.test,9661444989,"694 Market Road, Bihar",
BlueWave Distributors 3929,33YJSYJ5895N3ZH,vendor3929@vendormail.test,9843038636,"79 Market Road, Tamil Nadu",
CloudNet Office Supplies 3930,,vendor3930@vendormail.test,9677996136,"476 Commercial Complex, West Bengal",
Vertex Logistics 3931,03EENLA5106I5Z4,vendor3931@vendormail.test,9962213425,"73 Market Road, Punjab",
Greenfield Hosting 3932,32BXBAB7681E9ZO,vendor3932@vendormail.test,9440821448,"746 Market Road, Kerala",
Reliable Stationery 3933,,vendor3933@vendormail.test,9402464409,"189 Commercial Complex, Chandigarh",
BlueWave Advertising 3934,03PSYBI6488H6ZN,vendor3934@vendormail.test,9775207811,"138 Market Road, Punjab",
Skyline Electricals 3935,20KSYBO6349M7ZC,vendor3935@vendormail.test,9907931764,"629 Industrial Estate, Jharkhand",
Ironclad IT Services 3936,24IHBCD3156A2ZW,vendor3936@vendormail.test,9136218649,"159 Commercial Complex, Gujarat",
Meridian Packaging 3937,11JUSMY8307V2ZR,vendor3937@vendormail.test,9169383956,"915 Industrial Estate, Sikkim",
Skyline Freight 3938,,vendor3938@vendormail.test,9659896260,"549 Commercial Complex, Uttarakhand",
Horizon Security Services 3939,20NNUWA5132T6ZJ,vendor3939@vendormail.test,9508732252,"29 Commercial Complex, Jharkhand",
Ironclad Print Works 3940,,vendor3940@vendormail.test,9895851939,"514 Commercial Complex, Telangana",
Falcon Textiles 3941,36JZWMV2758D3ZK,vendor3941@vendormail.test,9324295576,"80 Commercial Complex, Telangana",
Prime Consultants 3942,19YKNEI5389R6Z2,vendor3942@vendormail.test,9453524274,"842 Industrial Estate, West Bengal",
Titan Engineering 3943,37MVJDS5649G3ZC,vendor3943@vendormail.test,9862992633,"954 Market Road, Andhra Pradesh",
Everest Distributors 3944,,vendor3944@vendormail.test,9146588856,"731 Market Road, Jharkhand",
Horizon Office Supplies 3945,32GSSWQ2498G7ZF,vendor3945@vendormail.test,9448166425,"812 Industrial Estate, Kerala",
Sunrise Logistics 3946,,vendor3946@vendormail.test,9318611256,"508 Commercial Complex, Jammu and Kashmir",
Silverline Hosting 3947,,vendor3947@vendormail.test,9836602680,"152 Industrial Estate, Maharashtra",
Emerald Stationery 3948,01QYYUA9128O6Z2,vendor3948@vendormail.test,9200116259,"371 Commercial Complex, Jammu and Kashmir",
Emerald Advertising 3949,,vendor3949@vendormail.test,9248447358,"707 Industrial Estate, West Bengal",
Pioneer Electricals 3950,,vendor3950@vendormail.test,9546725063,"317 Commercial Complex, Chhattisgarh",
Titan IT Services 3951,,vendor3951@vendormail.test,9167593093,"755 Commercial Complex, Karnataka",
Falcon Packaging 3952,23UQSZT6509D9ZB,vendor3952@vendormail.test,9729680545,"321 Market Road, Madhya Pradesh",
Northstar Freight 3953,,vendor3953@vendormail.test,9484682159,"386 Industrial Estate, Himachal Pradesh",
Titan Security Services 3954,05KWKVS6572X2ZD,vendor3954@vendormail.test,9350005193,"100 Commercial Complex, Uttarakhand",
Titan Print Works 3955,23MAFWE7722P8Z0,vendor3955@vendormail.test,9813519396,"640 Market Road, Madhya Pradesh",
Horizon Textiles 3956,24XLAYC9322B2ZA,vendor3956@vendormail.test,9604494989,"672 Industrial Estate, Gujarat",
Meridian Consultants 3957,36LEHZI2891K8ZC,vendor3957@vendormail.test,9317593546,"265 Industrial Estate, Telangana",
Skyline Engineering 3958,,vendor3958@vendormail.test,9571464938,"827 Industrial Estate, Punjab",
Crestline Distributors 3959,08QYVZB9748H4ZT,vendor3959@vendormail.test,9999328783,"607 Commercial Complex, Rajasthan",
CloudNet Office Supplies 3960,,vendor3960@vendormail.test,9626866885,"384 Industrial Estate, Bihar",
Horizon Logistics 3961,24YFQXY9311M4ZY,vendor3961@vendormail.test,9725283546,"668 Market Road, Gujarat",
Anchor Hosting 3962,,vendor3962@vendormail.test,9823932615,"82 Industrial Estate, Uttar Pradesh",
Emerald Stationery 3963,18KUQJB5863G4ZB,vendor3963@vendormail.test,9470723207,"303 Industrial Estate, Assam",
Redwood Advertising 3964,,vendor3964@vendormail.test,9557128650,"379 Industrial Estate, Maharashtra",
Prime Electricals 3965,19WOLIT5038T4ZC,vendor3965@vendormail.test,9167054665,"596 Market Road, West Bengal",
Golden Harvest IT Services 3966,,vendor3966@vendormail.test,9399029862,"883 Industrial Estate, Uttarakhand",
Everest Packaging 3967,04JSLMC8921Z5ZK,vendor3967@vendormail.test,9943516238,"68 Industrial Estate, Chandigarh",
Reliable Freight 3968,37SWXEL4890N1Z5,vendor3968@vendormail.test,9142345357,"482 Industrial Estate, Andhra Pradesh",
Titan Security Services 3969,,vendor3969@vendormail.test,9490794278,"103 Industrial Estate, Assam",
Everest Print Works 3970,08QOLOY8039G6ZS,vendor3970@vendormail.test,9207813347,"145 Industrial Estate, Rajasthan",
Sunrise Textiles 3971,,vendor3971@vendormail.test,9481954835,"388 Commercial Complex, Chhattisgarh",
Skyline Consultants 3972,21YMPGE7015N4Z6,vendor3972@vendormail.test,9932850491,"373 Industrial Estate, Odisha",
Horizon Engineering 3973,07CBQCG4143R2ZT,vendor3973@vendormail.test,9455914002,"862 Commercial Complex, Delhi",
BlueWave Distributors 3974,22SCGGE7058S3ZI,vendor3974@vendormail.test,9636195317,"76 Market Road, Chhattisgarh",
Apex Office Supplies 3975,,vendor3975@vendormail.test,9604989309,"310 Commercial Complex, Jammu and Kashmir",
Everest Logistics 3976,,vendor3976@vendormail.test,9823799973,"531 Commercial Complex, Bihar",
Apex Hosting 3977,,vendor3977@vendormail.test,9868764507,"499 Market Road, Kerala",
Falcon Stationery 3978,05QXINT3044U7Z1,vendor3978@vendormail.test,9966907068,"59 Commercial Complex, Uttarakhand",
Ironclad Advertising 3979,33WUAPP4688X7Z8,vendor3979@vendormail.test,9888277474,"460 Industrial Estate, Tamil Nadu",
Everest Electricals 3980,03YSNGU8636Y5ZQ,vendor3980@vendormail.test,9954104261,"43 Industrial Estate, Punjab",
BlueWave IT Services 3981,32ZQZRD7839J3ZO,vendor3981@vendormail.test,9267006544,"453 Industrial Estate, Kerala",
Skyline Packaging 3982,,vendor3982@vendormail.test,9836504476,"649 Market Road, Andhra Pradesh",
Fusion Freight 3983,,vendor3983@vendormail.test,9640802772,"592 Industrial Estate, Rajasthan",
Skyline Security Services 3984,30HQISE6228G8Z4,vendor3984@vendormail.test,9793223074,"304 Industrial Estate, Goa",
Apex Print Works 3985,,vendor3985@vendormail.test,9574699456,"65 Commercial Complex, Andhra Pradesh",
Skyline Textiles 3986,08TDJHR3201M1ZU,vendor3986@vendormail.test,9468075168,"235 Market Road, Rajasthan",
Fusion Consultants 3987,,vendor3987@vendormail.test,9681385587,"513 Commercial Complex, Assam",
Pioneer Engineering 3988,36XQOXF5387P8ZQ,vendor3988@vendormail.test,9393674380,"763 Market Road, Telangana",
Pioneer Distributors 3989,24ISTVD2151H1Z8,vendor3989@vendormail.test,9980741737,"213 Industrial Estate, Gujarat",
Bluepeak Office Supplies 3990,,vendor3990@vendormail.test,9300094069,"108 Commercial Complex, Punjab",
Nimbus Logistics 3991,,vendor3991@vendormail.test,9941806160,"984 Market Road, Andhra Pradesh",
Meridian Hosting 3992,05JCULV2636U1ZJ,vendor3992@vendormail.test,9952036144,"654 Market Road, Uttarakhand",
Northstar Stationery 3993,08FCLYD9201D1ZD,vendor3993@vendormail.test,9577356384,"291 Market Road, Rajasthan",
Orbit Advertising 3994,30NBAGH5488Z4Z9,vendor3994@vendormail.test,9156987250,"59 Market Road, Goa",
Anchor Electricals 3995,20IYCWQ7193E3ZP,vendor3995@vendormail.test,9927419777,"247 Market Road, Jharkhand",
Metro IT Services 3996,37LJOIY3351A6ZT,vendor3996@vendormail.test,9661577672,"571 Market Road, Andhra Pradesh",
Fusion Packaging 3997,07DMCEQ1932P8ZK,vendor3997@vendormail.test,9545902968,"621 Industrial Estate, Delhi",
Fusion Freight 3998,05BPKDZ3184K1Z5,vendor3998@vendormail.test,9112106714,"72 Industrial Estate, Uttarakhand",
Redwood Security Services 3999,24HMYNE3387P3ZT,vendor3999@vendormail.test,9650400788,"329 Market Road, Gujarat",
Northstar Print Works 4000,03MWNNR8920G5ZD,vendor4000@vendormail.test,9477140418,"239 Market Road, Punjab",
Greenfield Textiles 4001,,vendor4001@vendormail.test,9534074317,"450 Commercial Complex, Tamil Nadu",
Anchor Consultants 4002,07WXVLV8791E9ZC,vendor4002@vendormail.test,9317858882,"419 Commercial Complex, Delhi",
Meridian Engineering 4003,27YORTV2445F4ZV,vendor4003@vendormail.test,9618757936,"539 Industrial Estate, Maharashtra",
Apex Distributors 4004,29HXTYY4607J1Z1,vendor4004@vendormail.test,9262936271,"386 Industrial Estate, Karnataka",
Northstar Office Supplies 4005,08KIHWU8211U5ZV,vendor4005@vendormail.test,9712116773,"750 Market Road, Rajasthan",
Prime Logistics 4006,24FNSOV9585W1ZM,vendor4006@vendormail.test,9278450138,"21 Commercial Complex, Gujarat",
Northstar Hosting 4007,10STBVY6815E6ZO,vendor4007@vendormail.test,9745029922,"989 Industrial Estate, Bihar",
Silverline Stationery 4008,18IXAAW1832R8ZM,vendor4008@vendormail.test,9887452136,"488 Commercial Complex, Assam",
BlueWave Advertising 4009,,vendor4009@vendormail.test,9656582547,"486 Industrial Estate, Chhattisgarh",
Metro Electricals 4010,,vendor4010@vendormail.test,9243070358,"905 Industrial Estate, Rajasthan",
Falcon IT Services 4011,,vendor4011@vendormail.test,9930121265,"215 Market Road, Madhya Pradesh",
Greenfield Packaging 4012,07SQNIT8031O5ZO,vendor4012@vendormail.test,9775596102,"394 Industrial Estate, Delhi",
Skyline Freight 4013,29NGKTR2870O6ZA,vendor4013@vendormail.test,9565312779,"960 Industrial Estate, Karnataka",
Ironclad Security Services 4014,33ZZBUN7386V6ZE,vendor4014@vendormail.test,9349568188,"87 Market Road, Tamil Nadu",
Nimbus Print Works 4015,,vendor4015@vendormail.test,9275408375,"579 Commercial Complex, Uttar Pradesh",
Delta Textiles 4016,,vendor4016@vendormail.test,9116763073,"458 Commercial Complex, Andhra Pradesh",
Greenfield Consultants 4017,,vendor4017@vendormail.test,9881159311,"399 Market Road, Gujarat",
Metro Engineering 4018,19HVBZL2620F8Z3,vendor4018@vendormail.test,9745664702,"264 Market Road, West Bengal",
Nimbus Distributors 4019,11WINPN4608T2Z0,vendor4019@vendormail.test,9870322990,"149 Commercial Complex, Sikkim",
BlueWave Office Supplies 4020,04HQNTJ3094H4ZN,vendor4020@vendormail.test,9671107952,"862 Market Road, Chandigarh",
CloudNet Logistics 4021,22EBGDV6026U8ZD,vendor4021@vendormail.test,9893514199,"678 Market Road, Chhattisgarh",
Crestline Hosting 4022,36PJCBH7015E1ZA,vendor4022@vendormail.test,9312627207,"360 Market Road, Telangana",
Titan Stationery 4023,01YXQWW4218S3ZJ,vendor4023@vendormail.test,9546235349,"248 Market Road, Jammu and Kashmir",
Sunrise Advertising 4024,,vendor4024@vendormail.test,9158003912,"509 Market Road, Delhi",
Titan Electricals 4025,,vendor4025@vendormail.test,9633627052,"68 Market Road, Goa",
Horizon IT Services 4026,,vendor4026@vendormail.test,9881028792,"622 Commercial Complex, Uttarakhand",
Redwood Packaging 4027,,vendor4027@vendormail.test,9257309930,"646 Commercial Complex, Chandigarh",
Silverline Freight 4028,,vendor4028@vendormail.test,9674913079,"680 Market Road, Karnataka",
Nimbus Security Services 4029,,vendor4029@vendormail.test,9302739587,"195 Industrial Estate, Haryana",
Crestline Print Works 4030,01VBSPR7091M4ZF,vendor4030@vendormail.test,9193823339,"299 Industrial Estate, Jammu and Kashmir",
Titan Textiles 4031,04JZZUV1906F8Z0,vendor4031@vendormail.test,9177420297,"478 Commercial Complex, Chandigarh",
Orbit Consultants 4032,,vendor4032@vendormail.test,9987531224,"708 Market Road, Haryana",
Pioneer Engineering 4033,05FYGRT4367V2Z4,vendor4033@vendormail.test,9830567770,"512 Market Road, Uttarakhand",
Nimbus Distributors 4034,,vendor4034@vendormail.test,9958442935,"115 Market Road, Haryana",
Prime Office Supplies 4035,,vendor4035@vendormail.test,9545767046,"372 Market Road, Chhattisgarh",
Horizon Logistics 4036,01MDRWK6129B3ZE,vendor4036@vendormail.test,9404731620,"192 Industrial Estate, Jammu and Kashmir",
Anchor Hosting 4037,30DWWZT7385J6ZV,vendor4037@vendormail.test,9640492665,"191 Industrial Estate, Goa",
Sunrise Stationery 4038,,vendor4038@vendormail.test,9912306232,"66 Market Road, Uttar Pradesh",
Golden Harvest Advertising 4039,,vendor4039@vendormail.test,9485840397,"128 Commercial Complex, Uttar Pradesh",
Nimbus Electricals 4040,,vendor4040@vendormail.test,9974337337,"418 Commercial Complex, Bihar",
CloudNet IT Services 4041,,vendor4041@vendormail.test,9770670710,"156 Industrial Estate, Jammu and Kashmir",
Bluepeak Packaging 4042,22PNGYQ3777Y4ZY,vendor4042@vendormail.test,9573566261,"451 Industrial Estate, Chhattisgarh",
Northstar Freight 4043,18FHDSB1983D4ZU,vendor4043@vendormail.test,9637508272,"547 Industrial Estate, Assam",
Crestline Security Services 4044,18JTJDO5091A9Z4,vendor4044@vendormail.test,9232296937,"209 Industrial Estate, Assam",
Redwood Print Works 4045,03WNAUT2126D3ZE,vendor4045@vendormail.test,9809291065,"134 Commercial Complex, Punjab",
Nimbus Textiles 4046,32SARBU7387P5Z0,vendor4046@vendormail.test,9856387024,"609 Commercial Complex, Kerala",
Delta Consultants 4047,07HUCUS4524W5Z8,vendor4047@vendormail.test,9352756284,"376 Commercial Complex, Delhi",
Delta Engineering 4048,01OLZMM2756K6Z0,vendor4048@vendormail.test,9413311302,"535 Market Road, Jammu and Kashmir",
Ironclad Distributors 4049,08DSUPG9751U2ZU,vendor4049@vendormail.test,9672265678,"610 Market Road, Rajasthan",
Horizon Office Supplies 4050,29FZQKG1852T3Z1,vendor4050@vendormail.test,9269086684,"20 Commercial Complex, Karnataka",
Zenith Logistics 4051,01CXDLF2807B2Z7,vendor4051@vendormail.test,9980505883,"630 Commercial Complex, Jammu and Kashmir",
CloudNet Hosting 4052,,vendor4052@vendormail.test,9771411274,"188 Commercial Complex, Tamil Nadu",
Emerald Stationery 4053,11RIYZP7529Y8ZO,vendor4053@vendormail.test,9759890629,"62 Industrial Estate, Sikkim",
Nimbus Advertising 4054,,vendor4054@vendormail.test,9578430027,"797 Industrial Estate, Maharashtra",
Falcon Electricals 4055,24UNQNA4961Z5ZO,vendor4055@vendormail.test,9189044733,"586 Industrial Estate, Gujarat",
Anchor IT Services 4056,,vendor4056@vendormail.test,9689453962,"364 Market Road, Kerala",
Delta Packaging 4057,,vendor4057@vendormail.test,9523577439,"634 Market Road, Uttar Pradesh",
Meridian Freight 4058,,vendor4058@vendormail.test,9595294505,"348 Market Road, Tamil Nadu",
Orbit Security Services 4059,,vendor4059@vendormail.test,9165250490,"96 Commercial Complex, Chhattisgarh",
Ironclad Print Works 4060,,vendor4060@vendormail.test,9263075595,"911 Market Road, Bihar",
Golden Harvest Textiles 4061,,vendor4061@vendormail.test,9629473735,"41 Market Road, Goa",
Anchor Consultants 4062,,vendor4062@vendormail.test,9501864306,"488 Commercial Complex, Assam",
Meridian Engineering 4063,,vendor4063@vendormail.test,9137353171,"908 Industrial Estate, Haryana",
Bluepeak Distributors 4064,08KONUB8080I4ZU,vendor4064@vendormail.test,9867259641,"771 Industrial Estate, Rajasthan",
Falcon Office Supplies 4065,02CMKSE5405U5ZE,vendor4065@vendormail.test,9174466310,"380 Industrial Estate, Himachal Pradesh",
Silverline Logistics 4066,29CSSUF7319M3ZD,vendor4066@vendormail.test,9539616674,"662 Industrial Estate, Karnataka",
Vertex Hosting 4067,09LAOYY8709I6ZA,vendor4067@vendormail.test,9586951701,"67 Commercial Complex, Uttar Pradesh",
Golden Harvest Stationery 4068,05XJLJU6448W8ZV,vendor4068@vendormail.test,9576763443,"418 Market Road, Uttarakhand",
Zenith Advertising 4069,06VVAJV6186L4ZD,vendor4069@vendormail.test,9904887276,"681 Commercial Complex, Haryana",
Sunrise Electricals 4070,36HQPNE8362A8ZX,vendor4070@vendormail.test,9750682398,"735 Industrial Estate, Telangana",
CloudNet IT Services 4071,30VHFHO3121H3Z8,vendor4071@vendormail.test,9733186097,"13 Industrial Estate, Goa",
Bluepeak Packaging 4072,02KMYRY9937N9ZP,vendor4072@vendormail.test,9683645923,"217 Market Road, Himachal Pradesh",
Crestline Freight 4073,,vendor4073@vendormail.test,9468887955,"788 Commercial Complex, Telangana",
Metro Security Services 4074,11YMRDO1907Z4Z6,vendor4074@vendormail.test,9382249349,"773 Industrial Estate, Sikkim",
Titan Print Works 4075,23MAWTW4252Z2Z9,vendor4075@vendormail.test,9799923877,"473 Industrial Estate, Madhya Pradesh",
Golden Harvest Textiles 4076,07IOIQZ4096H5ZR,vendor4076@vendormail.test,9127771355,"692 Commercial Complex, Delhi",
Titan Consultants 4077,,vendor4077@vendormail.test,9916449662,"766 Market Road, Maharashtra",
Bluepeak Engineering 4078,,vendor4078@vendormail.test,9885796245,"631 Market Road, Gujarat",
CloudNet Distributors 4079,07FRMRF9591B6Z9,vendor4079@vendormail.test,9273514330,"628 Market Road, Delhi",
Falcon Office Supplies 4080,,vendor4080@vendormail.test,9746708377,"708 Commercial Complex, Madhya Pradesh",
Pioneer Logistics 4081,,vendor4081@vendormail.test,9404009880,"978 Market Road, Punjab",
Orbit Hosting 4082,29IJKHH3997O4ZD,vendor4082@vendormail.test,9139940862,"426 Industrial Estate, Karnataka",
Greenfield Stationery 4083,02HNBVN1734I9ZG,vendor4083@vendormail.test,9748306700,"145 Market Road, Himachal Pradesh",
Skyline Advertising 4084,,vendor4084@vendormail.test,9575577901,"433 Industrial Estate, Uttar Pradesh",
Metro Electricals 4085,,vendor4085@vendormail.test,9624629876,"791 Market Road, Odisha",
Pioneer IT Services 4086,,vendor4086@vendormail.test,9120334288,"953 Commercial Complex, Madhya Pradesh",
Redwood Packaging 4087,02CVFLW5429S2ZG,vendor4087@vendormail.test,9891738854,"505 Market Road, Himachal Pradesh",
Pioneer Freight 4088,11LXRFA1855X3Z5,vendor4088@vendormail.test,9898368336,"72 Industrial Estate, Sikkim",
Horizon Security Services 4089,06XJNBO5083E3ZI,vendor4089@vendormail.test,9179594337,"120 Industrial Estate, Haryana",
Falcon Print Works 4090,,vendor4090@vendormail.test,9558021571,"632 Market Road, Madhya Pradesh",
Anchor Textiles 4091,,vendor4091@vendormail.test,9534670265,"444 Industrial Estate, Gujarat",
Meridian Consultants 4092,29UCTIZ3612Y5ZF,vendor4092@vendormail.test,9541336769,"571 Commercial Complex, Karnataka",
Bluepeak Engineering 4093,32QJUSO9332V2ZC,vendor4093@vendormail.test,9475050368,"205 Market Road, Kerala",
Titan Distributors 4094,18FMHEV4475B9ZE,vendor4094@vendormail.test,9925611391,"52 Commercial Complex, Assam",
Bluepeak Office Supplies 4095,,vendor4095@vendormail.test,9390214555,"363 Commercial Complex, Rajasthan",
Fusion Logistics 4096,08PAMRK5923V6ZP,vendor4096@vendormail.test,9886124996,"231 Market Road, Rajasthan",
Greenfield Hosting 4097,36OOLOA3986P2ZU,vendor4097@vendormail.test,9299727340,"894 Industrial Estate, Telangana",
Delta Stationery 4098,33EDKXY7916D8ZH,vendor4098@vendormail.test,9508356828,"576 Industrial Estate, Tamil Nadu",
Metro Advertising 4099,,vendor4099@vendormail.test,9995753341,"195 Commercial Complex, Gujarat",
Zenith Electricals 4100,22NAJHZ1203G6Z3,vendor4100@vendormail.test,9790750647,"549 Industrial Estate, Chhattisgarh",
Fusion IT Services 4101,03TYWWQ6539P7ZF,vendor4101@vendormail.test,9432799549,"985 Commercial Complex, Punjab",
Skyline Packaging 4102,11LOPHC6586F3Z5,vendor4102@vendormail.test,9863271767,"982 Market Road, Sikkim",
Everest Freight 4103,32MLIBJ4877A3ZA,vendor4103@vendormail.test,9127390045,"434 Market Road, Kerala",
Bluepeak Security Services 4104,18QEBDA5735F3ZR,vendor4104@vendormail.test,9599205833,"923 Industrial Estate, Assam",
Prime Print Works 4105,10NIZFM5844K1Z9,vendor4105@vendormail.test,9760771562,"243 Industrial Estate, Bihar",
Bluepeak Textiles 4106,01NXRRX6292E2ZO,vendor4106@vendormail.test,9271833961,"393 Market Road, Jammu and Kashmir",
Skyline Consultants 4107,19HCDDW3206A8Z1,vendor4107@vendormail.test,9801069754,"350 Market Road, West Bengal",
Metro Engineering 4108,,vendor4108@vendormail.test,9222478607,"660 Market Road, Chhattisgarh",
Anchor Distributors 4109,,vendor4109@vendormail.test,9659426391,"782 Commercial Complex, Chhattisgarh",
Golden Harvest Office Supplies 4110,36PLOQG4491F5Z7,vendor4110@vendormail.test,9117709226,"505 Commercial Complex, Telangana",
Golden Harvest Logistics 4111,29ALBMJ8396L1ZO,vendor4111@vendormail.test,9792177282,"78 Commercial Complex, Karnataka",
Meridian Hosting 4112,,vendor4112@vendormail.test,9907667567,"528 Industrial Estate, Tamil Nadu",
Fusion Stationery 4113,20LSRPK1109D3ZB,vendor4113@vendormail.test,9120305013,"216 Market Road, Jharkhand",
Sunrise Advertising 4114,,vendor4114@vendormail.test,9798870736,"961 Industrial Estate, Madhya Pradesh",
Ironclad Electricals 4115,36BHKZI5732B9Z8,vendor4115@vendormail.test,9697362008,"513 Commercial Complex, Telangana",
Meridian IT Services 4116,22EXOAW1279Q5Z9,vendor4116@vendormail.test,9242293788,"601 Commercial Complex, Chhattisgarh",
Sunrise Packaging 4117,,vendor4117@vendormail.test,9550842879,"161 Industrial Estate, Bihar",
Emerald Freight 4118,,vendor4118@vendormail.test,9349045130,"873 Market Road, Chhattisgarh",
Skyline Security Services 4119,06CTFZX8965N9ZJ,vendor4119@vendormail.test,9774768027,"359 Industrial Estate, Haryana",
Falcon Print Works 4120,04IHHFE6837K8ZW,vendor4120@vendormail.test,9436001192,"244 Market Road, Chandigarh",
CloudNet Textiles 4121,20XSGEO1494P5ZQ,vendor4121@vendormail.test,9366677364,"131 Market Road, Jharkhand",
Vertex Consultants 4122,33UETDE3367H8ZA,vendor4122@vendormail.test,9805778850,"236 Industrial Estate, Tamil Nadu",
Silverline Engineering 4123,,vendor4123@vendormail.test,9248173407,"538 Market Road, Tamil Nadu",
Orbit Distributors 4124,,vendor4124@vendormail.test,9954067746,"61 Market Road, Chhattisgarh",
Apex Office Supplies 4125,,vendor4125@vendormail.test,9565818426,"32 Industrial Estate, Telangana",
Silverline Logistics 4126,02LTAVH1396Z7Z5,vendor4126@vendormail.test,9608884145,"704 Market Road, Himachal Pradesh",
Delta Hosting 4127,05GKRMF7604X5ZJ,vendor4127@vendormail.test,9224899632,"453 Market Road, Uttarakhand",
Reliable Stationery 4128,,vendor4128@vendormail.test,9606063405,"165 Industrial Estate, Kerala",
Zenith Advertising 4129,,vendor4129@vendormail.test,9973367062,"741 Commercial Complex, Jammu and Kashmir",
Ironclad Electricals 4130,,vendor4130@vendormail.test,9746422438,"92 Commercial Complex, West Bengal",
Bluepeak IT Services 4131,06TOBYN2455S2Z7,vendor4131@vendormail.test,9157515636,"588 Market Road, Haryana",
Nimbus Packaging 4132,,vendor4132@vendormail.test,9442647389,"338 Market Road, Bihar",
Golden Harvest Freight 4133,,vendor4133@vendormail.test,9443651854,"654 Industrial Estate, Andhra Pradesh",
Vertex Security Services 4134,,vendor4134@vendormail.test,9369894354,"952 Industrial Estate, Jammu and Kashmir",
Anchor Print Works 4135,36FWUOH2290C7ZI,vendor4135@vendormail.test,9626942087,"483 Market Road, Telangana",
BlueWave Textiles 4136,24PRBFS8002U5ZB,vendor4136@vendormail.test,9964711784,"250 Commercial Complex, Gujarat",
Ironclad Consultants 4137,03LNMPF1492C1ZF,vendor4137@vendormail.test,9682178937,"358 Commercial Complex, Punjab",
Prime Engineering 4138,37MGNWW2406W8ZG,vendor4138@vendormail.test,9619329135,"836 Commercial Complex, Andhra Pradesh",
Vertex Distributors 4139,01UUPGN4323H8ZP,vendor4139@vendormail.test,9525838900,"150 Industrial Estate, Jammu and Kashmir",
Sunrise Office Supplies 4140,,vendor4140@vendormail.test,9577492074,"411 Industrial Estate, Andhra Pradesh",
Anchor Logistics 4141,,vendor4141@vendormail.test,9153869772,"720 Commercial Complex, Tamil Nadu",
Apex Hosting 4142,20VPDNJ9203Y6ZL,vendor4142@vendormail.test,9855140588,"667 Industrial Estate, Jharkhand",
Zenith Stationery 4143,18FJKPY9804P5ZL,vendor4143@vendormail.test,9243634949,"261 Industrial Estate, Assam",
Bluepeak Advertising 4144,02PYFGK3560N4ZT,vendor4144@vendormail.test,9373455044,"307 Market Road, Himachal Pradesh",
Metro Electricals 4145,04XWZIW9680T7ZA,vendor4145@vendormail.test,9175342192,"610 Industrial Estate, Chandigarh",
Silverline IT Services 4146,06OZITK9803A8ZM,vendor4146@vendormail.test,9432423700,"347 Market Road, Haryana",
Ironclad Packaging 4147,,vendor4147@vendormail.test,9993313610,"128 Industrial Estate, Odisha",
Delta Freight 4148,23AZIAL8804E3ZM,vendor4148@vendormail.test,9182449870,"268 Commercial Complex, Madhya Pradesh",
Crestline Security Services 4149,05BALJM8054M8ZW,vendor4149@vendormail.test,9660703251,"83 Market Road, Uttarakhand",
Metro Print Works 4150,37HHYLT3758H7ZY,vendor4150@vendormail.test,9537963031,"690 Industrial Estate, Andhra Pradesh",
Delta Textiles 4151,20DZAGJ9087P7Z4,vendor4151@vendormail.test,9874669072,"658 Commercial Complex, Jharkhand",
BlueWave Consultants 4152,18XAUYP6717C2ZF,vendor4152@vendormail.test,9472524447,"677 Commercial Complex, Assam",
Horizon Engineering 4153,06QDRDE3355I9ZA,vendor4153@vendormail.test,9929009839,"725 Commercial Complex, Haryana",
Horizon Distributors 4154,29FFGIS3473U8Z9,vendor4154@vendormail.test,9514905544,"985 Market Road, Karnataka",
Apex Office Supplies 4155,,vendor4155@vendormail.test,9316628569,"867 Market Road, West Bengal",
Titan Logistics 4156,03FTARP9583K2ZT,vendor4156@vendormail.test,9978398055,"73 Industrial Estate, Punjab",
Sunrise Hosting 4157,,vendor4157@vendormail.test,9179464693,"785 Market Road, Punjab",
Sunrise Stationery 4158,22FKIRL6080O7ZH,vendor4158@vendormail.test,9224124508,"343 Commercial Complex, Chhattisgarh",
Orbit Advertising 4159,,vendor4159@vendormail.test,9816496009,"780 Commercial Complex, Maharashtra",
Redwood Electricals 4160,10ANBBW2492F5ZB,vendor4160@vendormail.test,9815987729,"917 Commercial Complex, Bihar",
Horizon IT Services 4161,,vendor4161@vendormail.test,9661402903,"388 Market Road, Chhattisgarh",
Emerald Packaging 4162,24KZHFN8467H4ZH,vendor4162@vendormail.test,9149075182,"825 Commercial Complex, Gujarat",
Falcon Freight 4163,,vendor4163@vendormail.test,9570230589,"410 Industrial Estate, Bihar",
Metro Security Services 4164,22LEJGK2297I5ZF,vendor4164@vendormail.test,9276881914,"493 Commercial Complex, Chhattisgarh",
Vertex Print Works 4165,,vendor4165@vendormail.test,9675414886,"566 Industrial Estate, Maharashtra",
Apex Textiles 4166,05BPRIX2176E1Z7,vendor4166@vendormail.test,9587209760,"851 Commercial Complex, Uttarakhand",
Reliable Consultants 4167,36KWBHJ9972O1ZG,vendor4167@vendormail.test,9242564951,"807 Market Road, Telangana",
Zenith Engineering 4168,24LECZD4213R7ZE,vendor4168@vendormail.test,9137785587,"94 Industrial Estate, Gujarat",
Zenith Distributors 4169,04JIYQW8355R1ZC,vendor4169@vendormail.test,9966020159,"745 Commercial Complex, Chandigarh",
Horizon Office Supplies 4170,,vendor4170@vendormail.test,9672066902,"418 Industrial Estate, Madhya Pradesh",
Emerald Logistics 4171,32UCYDO2735Z5ZQ,vendor4171@vendormail.test,9570899222,"289 Commercial Complex, Kerala",
Northstar Hosting 4172,18MEETU4240S6Z4,vendor4172@vendormail.test,9545951790,"722 Market Road, Assam",
Meridian Stationery 4173,,vendor4173@vendormail.test,9667866706,"621 Industrial Estate, Delhi",
Metro Advertising 4174,05SCJMT7581H2Z8,vendor4174@vendormail.test,9798303799,"597 Industrial Estate, Uttarakhand",
Delta Electricals 4175,29TQKMW7297W8ZM,vendor4175@vendormail.test,9599458474,"705 Market Road, Karnataka",
Bluepeak IT Services 4176,,vendor4176@vendormail.test,9511262266,"548 Market Road, Assam",
Emerald Packaging 4177,23IRRKJ2940M4ZT,vendor4177@vendormail.test,9664473132,"488 Market Road, Madhya Pradesh",
Falcon Freight 4178,09ZXNDI2905U2Z6,vendor4178@vendormail.test,9405527121,"820 Industrial Estate, Uttar Pradesh",
Crestline Security Services 4179,,vendor4179@vendormail.test,9426859666,"127 Market Road, West Bengal",
Sunrise Print Works 4180,02JGPZQ9572A9ZO,vendor4180@vendormail.test,9471962652,"138 Commercial Complex, Himachal Pradesh",
Titan Textiles 4181,21GXXEK1265N8ZC,vendor4181@vendormail.test,9527294417,"149 Commercial Complex, Odisha",
Sunrise Consultants 4182,,vendor4182@vendormail.test,9819570405,"483 Market Road, Punjab",
Silverline Engineering 4183,,vendor4183@vendormail.test,9205663417,"97 Market Road, West Bengal",
Ironclad Distributors 4184,02PILBJ4891X3ZP,vendor4184@vendormail.test,9248699836,"754 Industrial Estate, Himachal Pradesh",
Horizon Office Supplies 4185,08KIGYB8808G2ZE,vendor4185@vendormail.test,9196390820,"789 Industrial Estate, Rajasthan",
Sunrise Logistics 4186,,vendor4186@vendormail.test,9598413553,"174 Industrial Estate, Uttarakhand",
Nimbus Hosting 4187,03MRQQW9973S3Z2,vendor4187@vendormail.test,9360449579,"230 Commercial Complex, Punjab",
Anchor Stationery 4188,,vendor4188@vendormail.test,9864380714,"344 Market Road, Karnataka",
Greenfield Advertising 4189,10LEUJU8034E5ZJ,vendor4189@vendormail.test,9724360254,"745 Market Road, Bihar",
Titan Electricals 4190,,vendor4190@vendormail.test,9979906422,"229 Market Road, West Bengal",
Sunrise IT Services 4191,,vendor4191@vendormail.test,9397666339,"135 Market Road, Odisha",
Greenfield Packaging 4192,07NQCDW1442A3ZO,vendor4192@vendormail.test,9789848876,"484 Industrial Estate, Delhi",
Silverline Freight 4193,,vendor4193@vendormail.test,9828718599,"748 Commercial Complex, Andhra Pradesh",
Sunrise Security Services 4194,,vendor4194@vendormail.test,9835938796,"201 Industrial Estate, Andhra Pradesh",
Skyline Print Works 4195,32GWKEP4306R2Z9,vendor4195@vendormail.test,9734617517,"264 Commercial Complex, Kerala",
Silverline Textiles 4196,30XYJCU6514F4Z7,vendor4196@vendormail.test,9831447408,"350 Market Road, Goa",
Pioneer Consultants 4197,18AUXLB3321E4Z2,vendor4197@vendormail.test,9977789955,"950 Market Road, Assam",
Bluepeak Engineering 4198,,vendor4198@vendormail.test,9117343284,"906 Industrial Estate, Maharashtra",
Nimbus Distributors 4199,19IXPSI4716H6Z9,vendor4199@vendormail.test,9341003343,"860 Industrial Estate, West Bengal",
Ironclad Office Supplies 4200,32LBPDZ2156Q5Z8,vendor4200@vendormail.test,9757702932,"228 Market Road, Kerala",
Greenfield Logistics 4201,29WBWRT7348O2ZM,vendor4201@vendormail.test,9404956663,"419 Market Road, Karnataka",
Bluepeak Hosting 4202,30UJKDR9076J8ZI,vendor4202@vendormail.test,9543028467,"497 Industrial Estate, Goa",
Metro Stationery 4203,02ZOXLD6545U4Z9,vendor4203@vendormail.test,9548483429,"399 Market Road, Himachal Pradesh",
Northstar Advertising 4204,,vendor4204@vendormail.test,9159397844,"456 Industrial Estate, Tamil Nadu",
Falcon Electricals 4205,,vendor4205@vendormail.test,9234366197,"105 Market Road, Goa",
Meridian IT Services 4206,,vendor4206@vendormail.test,9912925577,"523 Market Road, Telangana",
Crestline Packaging 4207,,vendor4207@vendormail.test,9526712717,"944 Market Road, Chandigarh",
Zenith Freight 4208,07SOUTG5938E1ZV,vendor4208@vendormail.test,9541067218,"416 Market Road, Delhi",
Sunrise Security Services 4209,,vendor4209@vendormail.test,9484858947,"832 Industrial Estate, Rajasthan",
Greenfield Print Works 4210,19JEXWR9832A6ZP,vendor4210@vendormail.test,9798000917,"951 Industrial Estate, West Bengal",
Emerald Textiles 4211,04AAGLQ1331X6ZG,vendor4211@vendormail.test,9102327197,"964 Industrial Estate, Chandigarh",
Nimbus Consultants 4212,,vendor4212@vendormail.test,9768044108,"350 Industrial Estate, Tamil Nadu",
BlueWave Engineering 4213,,vendor4213@vendormail.test,9901025638,"481 Industrial Estate, Gujarat",
Greenfield Distributors 4214,20DCXJD1155L4ZV,vendor4214@vendormail.test,9997954669,"270 Industrial Estate, Jharkhand",
Fusion Office Supplies 4215,,vendor4215@vendormail.test,9269110975,"241 Market Road, Telangana",
Vertex Logistics 4216,09UZDIP6175T8ZT,vendor4216@vendormail.test,9560190662,"334 Industrial Estate, Uttar Pradesh",
Pioneer Hosting 4217,20RJFTU1484Z4ZL,vendor4217@vendormail.test,9790362782,"575 Market Road, Jharkhand",
Orbit Stationery 4218,09RYMVP2722W8ZI,vendor4218@vendormail.test,9562299025,"784 Industrial Estate, Uttar Pradesh",
Ironclad Advertising 4219,,vendor4219@vendormail.test,9657369078,"565 Industrial Estate, Uttarakhand",
Meridian Electricals 4220,,vendor4220@vendormail.test,9829113542,"702 Market Road, Jammu and Kashmir",
Apex IT Services 4221,,vendor4221@vendormail.test,9435021096,"198 Market Road, Chandigarh",
Titan Packaging 4222,,vendor4222@vendormail.test,9263299618,"358 Industrial Estate, Kerala",
BlueWave Freight 4223,05UORNA3649V7Z9,vendor4223@vendormail.test,9148727930,"556 Commercial Complex, Uttarakhand",
Orbit Security Services 4224,11GJRPY9263X6ZC,vendor4224@vendormail.test,9909961993,"446 Industrial Estate, Sikkim",
Greenfield Print Works 4225,04QYLNR9762W9ZF,vendor4225@vendormail.test,9566588448,"662 Industrial Estate, Chandigarh",
Greenfield Textiles 4226,19PMTDW4729Q5ZT,vendor4226@vendormail.test,9434610148,"410 Industrial Estate, West Bengal",
Everest Consultants 4227,36TIPJT2103V2Z2,vendor4227@vendormail.test,9937285618,"11 Commercial Complex, Telangana",
Northstar Engineering 4228,,vendor4228@vendormail.test,9852779612,"317 Market Road, Goa",
Silverline Distributors 4229,07KDIBR9875Y4ZE,vendor4229@vendormail.test,9989493196,"235 Industrial Estate, Delhi",
Nimbus Office Supplies 4230,,vendor4230@vendormail.test,9217861515,"717 Commercial Complex, Madhya Pradesh",
Emerald Logistics 4231,02HPXKC1956P3Z1,vendor4231@vendormail.test,9166468801,"478 Commercial Complex, Himachal Pradesh",
Zenith Hosting 4232,,vendor4232@vendormail.test,9176017900,"432 Commercial Complex, Assam",
Bluepeak Stationery 4233,,vendor4233@vendormail.test,9788055123,"860 Commercial Complex, Himachal Pradesh",
Skyline Advertising 4234,02ITTSY6686D3Z6,vendor4234@vendormail.test,9283972759,"494 Industrial Estate, Himachal Pradesh",
Northstar Electricals 4235,06XQBVY8086Z5Z4,vendor4235@vendormail.test,9274254386,"687 Commercial Complex, Haryana",
Zenith IT Services 4236,,vendor4236@vendormail.test,9438875125,"816 Market Road, Uttarakhand",
Reliable Packaging 4237,33OQTZF9180L4ZO,vendor4237@vendormail.test,9374494058,"376 Market Road, Tamil Nadu",
Apex Freight 4238,,vendor4238@vendormail.test,9688739513,"546 Industrial Estate, Delhi",
Zenith Security Services 4239,19PJLIO3227Y3ZT,vendor4239@vendormail.test,9794309589,"818 Commercial Complex, West Bengal",
Horizon Print Works 4240,22DMOJQ4108C6ZR,vendor4240@vendormail.test,9549118776,"193 Commercial Complex, Chhattisgarh",
Vertex Textiles 4241,,vendor4241@vendormail.test,9211597533,"223 Market Road, Uttarakhand",
Horizon Consultants 4242,,vendor4242@vendormail.test,9258427840,"631 Commercial Complex, Jharkhand",
Falcon Engineering 4243,,vendor4243@vendormail.test,9386226297,"477 Market Road, Uttar Pradesh",
Apex Distributors 4244,,vendor4244@vendormail.test,9434323955,"364 Commercial Complex, Uttarakhand",
Crestline Office Supplies 4245,29PNXIC5672Q4ZM,vendor4245@vendormail.test,9870488470,"228 Commercial Complex, Karnataka",
Redwood Logistics 4246,,vendor4246@vendormail.test,9762501879,"580 Commercial Complex, Delhi",
Sunrise Hosting 4247,,vendor4247@vendormail.test,9391709729,"505 Industrial Estate, Bihar",
Fusion Stationery 4248,,vendor4248@vendormail.test,9720447180,"588 Market Road, Telangana",
Delta Advertising 4249,03OYHQZ7432C5ZC,vendor4249@vendormail.test,9758592809,"915 Commercial Complex, Punjab",
Delta Electricals 4250,,vendor4250@vendormail.test,9645739639,"289 Industrial Estate, Punjab",
Falcon IT Services 4251,,vendor4251@vendormail.test,9370623424,"843 Industrial Estate, West Bengal",
Reliable Packaging 4252,,vendor4252@vendormail.test,9488713518,"139 Market Road, Rajasthan",
CloudNet Freight 4253,,vendor4253@vendormail.test,9596667557,"416 Market Road, Uttarakhand",
Ironclad Security Services 4254,33RILDL6526V4ZI,vendor4254@vendormail.test,9805875023,"446 Industrial Estate, Tamil Nadu",
Falcon Print Works 4255,03MVOFS5553L3ZK,vendor4255@vendormail.test,9579981220,"727 Market Road, Punjab",
Emerald Textiles 4256,01JUWBS7815Y9Z7,vendor4256@vendormail.test,9620401391,"986 Industrial Estate, Jammu and Kashmir",
Emerald Consultants 4257,,vendor4257@vendormail.test,9250889237,"831 Market Road, Goa",
Horizon Engineering 4258,,vendor4258@vendormail.test,9976595663,"354 Market Road, Jammu and Kashmir",
Horizon Distributors 4259,,vendor4259@vendormail.test,9519836855,"878 Commercial Complex, Rajasthan",
BlueWave Office Supplies 4260,,vendor4260@vendormail.test,9538239175,"151 Market Road, Odisha",
Titan Logistics 4261,03YEUOY7720H2ZB,vendor4261@vendormail.test,9886003590,"582 Commercial Complex, Punjab",
Redwood Hosting 4262,06JZBMT9830Q2Z0,vendor4262@vendormail.test,9645143910,"156 Industrial Estate, Haryana",
Prime Stationery 4263,23CZMCL8599J3Z4,vendor4263@vendormail.test,9675604123,"619 Market Road, Madhya Pradesh",
Redwood Advertising 4264,22OOEDJ2324I1ZY,vendor4264@vendormail.test,9451838564,"853 Industrial Estate, Chhattisgarh",
Bluepeak Electricals 4265,01VYQFL5878O1ZX,vendor4265@vendormail.test,9755949217,"919 Market Road, Jammu and Kashmir",
Prime IT Services 4266,24WMEHM4543F9ZS,vendor4266@vendormail.test,9470331038,"386 Market Road, Gujarat",
Zenith Packaging 4267,,vendor4267@vendormail.test,9254154677,"142 Market Road, Rajasthan",
Everest Freight 4268,,vendor4268@vendormail.test,9193546098,"858 Industrial Estate, Chhattisgarh",
Orbit Security Services 4269,24DGFGS8495L4ZN,vendor4269@vendormail.test,9512311436,"454 Market Road, Gujarat",
CloudNet Print Works 4270,24WIPRK9600D4Z6,vendor4270@vendormail.test,9825592918,"822 Industrial Estate, Gujarat",
Redwood Textiles 4271,33CSCKS7511V5Z2,vendor4271@vendormail.test,9438674828,"683 Market Road, Tamil Nadu",
Bluepeak Consultants 4272,,vendor4272@vendormail.test,9361514694,"365 Commercial Complex, Rajasthan",
Greenfield Engineering 4273,23RWENE1144M8Z5,vendor4273@vendormail.test,9589668896,"498 Industrial Estate, Madhya Pradesh",
BlueWave Distributors 4274,10ZPNXL8172B3ZN,vendor4274@vendormail.test,9564348499,"553 Industrial Estate, Bihar",
Crestline Office Supplies 4275,32GKGRD1312C6ZT,vendor4275@vendormail.test,9503329718,"73 Industrial Estate, Kerala",
Everest Logistics 4276,27WWTQN7794V8ZM,vendor4276@vendormail.test,9211566683,"680 Market Road, Maharashtra",
Prime Hosting 4277,,vendor4277@vendormail.test,9803097671,"591 Commercial Complex, Goa",
Falcon Stationery 4278,05QXRRD6425W9ZD,vendor4278@vendormail.test,9290129026,"7 Industrial Estate, Uttarakhand",
Silverline Advertising 4279,11QQCSQ1214S7ZE,vendor4279@vendormail.test,9267653570,"318 Market Road, Sikkim",
Golden Harvest Electricals 4280,04OVHGT8775Z4ZA,vendor4280@vendormail.test,9929049809,"636 Market Road, Chandigarh",
BlueWave IT Services 4281,22DWNCS6024L7ZM,vendor4281@vendormail.test,9295784012,"700 Commercial Complex, Chhattisgarh",
Falcon Packaging 4282,36AJLKK2642Y6ZQ,vendor4282@vendormail.test,9771924030,"9 Market Road, Telangana",
Zenith Freight 4283,,vendor4283@vendormail.test,9834751007,"162 Industrial Estate, Assam",
Delta Security Services 4284,,vendor4284@vendormail.test,9779481251,"868 Market Road, Haryana",
Horizon Print Works 4285,05PFRTK2755R5ZR,vendor4285@vendormail.test,9547664522,"77 Market Road, Uttarakhand",
Delta Textiles 4286,21HALSQ7291O5ZA,vendor4286@vendormail.test,9113828397,"102 Market Road, Odisha",
Zenith Consultants 4287,,vendor4287@vendormail.test,9422030605,"476 Market Road, Tamil Nadu",
Titan Engineering 4288,,vendor4288@vendormail.test,9729035788,"613 Market Road, West Bengal",
Fusion Distributors 4289,27JLCHY1875R5Z4,vendor4289@vendormail.test,9510829406,"368 Market Road, Maharashtra",
Golden Harvest Office Supplies 4290,,vendor4290@vendormail.test,9825377148,"356 Commercial Complex, Andhra Pradesh",
Apex Logistics 4291,10TDBZZ9449Q2ZS,vendor4291@vendormail.test,9778349923,"862 Industrial Estate, Bihar",
Delta Hosting 4292,10SINJP1586A8ZU,vendor4292@vendormail.test,9159037037,"471 Market Road, Bihar",
Redwood Stationery 4293,11UYEBN7762N8Z2,vendor4293@vendormail.test,9988677365,"312 Market Road, Sikkim",
Everest Advertising 4294,07AQKRZ8058Q5ZI,vendor4294@vendormail.test,9555700481,"901 Industrial Estate, Delhi",
Anchor Electricals 4295,03OPZIX8135L8ZK,vendor4295@vendormail.test,9599687489,"149 Market Road, Punjab",
Vertex IT Services 4296,,vendor4296@vendormail.test,9805664176,"743 Market Road, Chandigarh",
Emerald Packaging 4297,,vendor4297@vendormail.test,9222852506,"742 Commercial Complex, Kerala",
Titan Freight 4298,06URNEV9000B5Z0,vendor4298@vendormail.test,9174820876,"571 Commercial Complex, Haryana",
Delta Security Services 4299,,vendor4299@vendormail.test,9897439813,"417 Commercial Complex, Punjab",
Everest Print Works 4300,09XBWRP3479S4Z1,vendor4300@vendormail.test,9314834354,"789 Industrial Estate, Uttar Pradesh",
Golden Harvest Textiles 4301,36RPPNU2197G5Z5,vendor4301@vendormail.test,9262005037,"766 Industrial Estate, Telangana",
Pioneer Consultants 4302,08NYKIQ7133G8ZY,vendor4302@vendormail.test,9591068994,"26 Industrial Estate, Rajasthan",
Titan Engineering 4303,,vendor4303@vendormail.test,9285850333,"493 Commercial Complex, Telangana",
Northstar Distributors 4304,,vendor4304@vendormail.test,9418808000,"238 Market Road, Punjab",
CloudNet Office Supplies 4305,,vendor4305@vendormail.test,9823818572,"327 Industrial Estate, Odisha",
Reliable Logistics 4306,,vendor4306@vendormail.test,9691015478,"947 Market Road, Jammu and Kashmir",
Metro Hosting 4307,19TWACL9024D6ZE,vendor4307@vendormail.test,9188981072,"981 Market Road, West Bengal",
Orbit Stationery 4308,,vendor4308@vendormail.test,9697461938,"915 Market Road, Madhya Pradesh",
Apex Advertising 4309,,vendor4309@vendormail.test,9358595478,"164 Market Road, Himachal Pradesh",
Falcon Electricals 4310,36NBJHF5386L6Z2,vendor4310@vendormail.test,9792414641,"405 Commercial Complex, Telangana",
Redwood IT Services 4311,,vendor4311@vendormail.test,9365520340,"584 Commercial Complex, Telangana",
Sunrise Packaging 4312,27ZMZUH9535F8Z2,vendor4312@vendormail.test,9496092994,"608 Commercial Complex, Maharashtra",
Meridian Freight 4313,,vendor4313@vendormail.test,9299698244,"870 Industrial Estate, Karnataka",
Delta Security Services 4314,,vendor4314@vendormail.test,9189217090,"988 Market Road, Himachal Pradesh",
Golden Harvest Print Works 4315,19MPMQJ5031P2ZE,vendor4315@vendormail.test,9744943509,"206 Commercial Complex, West Bengal",
Nimbus Textiles 4316,,vendor4316@vendormail.test,9692991172,"467 Industrial Estate, Jammu and Kashmir",
Horizon Consultants 4317,23UCBUZ7478C4ZU,vendor4317@vendormail.test,9275093560,"295 Industrial Estate, Madhya Pradesh",
Orbit Engineering 4318,,vendor4318@vendormail.test,9723101493,"906 Commercial Complex, Jharkhand",
Reliable Distributors 4319,33SGIEQ8609E5ZR,vendor4319@vendormail.test,9786722840,"887 Commercial Complex, Tamil Nadu",
Fusion Office Supplies 4320,,vendor4320@vendormail.test,9997956298,"643 Market Road, Karnataka",
Delta Logistics 4321,,vendor4321@vendormail.test,9839270173,"762 Industrial Estate, Maharashtra",
Crestline Hosting 4322,10XNZPF8916T3ZX,vendor4322@vendormail.test,9827204261,"587 Market Road, Bihar",
Meridian Stationery 4323,,vendor4323@vendormail.test,9673078028,"421 Market Road, West Bengal",
Reliable Advertising 4324,20AWCIN7533L2ZF,vendor4324@vendormail.test,9471799608,"999 Industrial Estate, Jharkhand",
CloudNet Electricals 4325,18OUOBY1839N7ZB,vendor4325@vendormail.test,9481711132,"434 Market Road, Assam",
Redwood IT Services 4326,32UQELB5479X4Z8,vendor4326@vendormail.test,9136943485,"940 Industrial Estate, Kerala",
Meridian Packaging 4327,,vendor4327@vendormail.test,9873832590,"624 Market Road, Rajasthan",
Meridian Freight 4328,23DYGPY1219T8Z7,vendor4328@vendormail.test,9586305703,"173 Industrial Estate, Madhya Pradesh",
Pioneer Security Services 4329,19FARPC6414C7Z8,vendor4329@vendormail.test,9145084713,"32 Commercial Complex, West Bengal",
Falcon Print Works 4330,04IIXAP6412Q8ZF,vendor4330@vendormail.test,9620559065,"928 Industrial Estate, Chandigarh",
Meridian Textiles 4331,02RJIRA2779X9Z2,vendor4331@vendormail.test,9668008088,"593 Industrial Estate, Himachal Pradesh",
Anchor Consultants 4332,,vendor4332@vendormail.test,9448790073,"953 Industrial Estate, Goa",
Pioneer Engineering 4333,,vendor4333@vendormail.test,9255185597,"231 Industrial Estate, Uttar Pradesh",
Fusion Distributors 4334,09WFFPR4451F2ZL,vendor4334@vendormail.test,9827070525,"310 Industrial Estate, Uttar Pradesh",
Emerald Office Supplies 4335,11NQFSF2196H3ZI,vendor4335@vendormail.test,9627556941,"916 Commercial Complex, Sikkim",
Bluepeak Logistics 4336,09VRMRH4767A9ZG,vendor4336@vendormail.test,9229937607,"859 Industrial Estate, Uttar Pradesh",
Falcon Hosting 4337,,vendor4337@vendormail.test,9874342674,"570 Industrial Estate, Goa",
Emerald Stationery 4338,,vendor4338@vendormail.test,9624006534,"430 Commercial Complex, Gujarat",
Vertex Advertising 4339,11FYHQS6744V8Z6,vendor4339@vendormail.test,9419086376,"225 Commercial Complex, Sikkim",
BlueWave Electricals 4340,,vendor4340@vendormail.test,9178971179,"520 Market Road, Kerala",
BlueWave IT Services 4341,36ZWFFS6344A7ZB,vendor4341@vendormail.test,9435930367,"62 Industrial Estate, Telangana",
CloudNet Packaging 4342,,vendor4342@vendormail.test,9204708597,"920 Industrial Estate, Assam",
Greenfield Freight 4343,36RMTVZ6797V8ZP,vendor4343@vendormail.test,9542923282,"832 Industrial Estate, Telangana",
Fusion Security Services 4344,,vendor4344@vendormail.test,9113772051,"251 Commercial Complex, Rajasthan",
Crestline Print Works 4345,,vendor4345@vendormail.test,9942216317,"888 Industrial Estate, Jharkhand",
Apex Textiles 4346,08EDXPY8377E9Z3,vendor4346@vendormail.test,9127973338,"134 Industrial Estate, Rajasthan",
Northstar Consultants 4347,01ASIWB4054S4ZQ,vendor4347@vendormail.test,9112129875,"589 Market Road, Jammu and Kashmir",
Horizon Engineering 4348,21WOXQH6815T9ZF,vendor4348@vendormail.test,9914580150,"852 Commercial Complex, Odisha",
Everest Distributors 4349,02FXDOH3730D4Z8,vendor4349@vendormail.test,9413956286,"755 Industrial Estate, Himachal Pradesh",
Metro Office Supplies 4350,37GVTWQ5740X3ZV,vendor4350@vendormail.test,9503062587,"2 Industrial Estate, Andhra Pradesh",
Sunrise Logistics 4351,,vendor4351@vendormail.test,9313414726,"699 Industrial Estate, Karnataka",
Pioneer Hosting 4352,23MEEUJ1822A3ZU,vendor4352@vendormail.test,9483534508,"403 Market Road, Madhya Pradesh",
Metro Stationery 4353,20ASFQD4961Q8ZS,vendor4353@vendormail.test,9423917738,"237 Commercial Complex, Jharkhand",
Titan Advertising 4354,18FJKYK1234B8ZY,vendor4354@vendormail.test,9920804106,"235 Market Road, Assam",
Apex Electricals 4355,21RPXMU9983C4ZG,vendor4355@vendormail.test,9394489876,"150 Industrial Estate, Odisha",
CloudNet IT Services 4356,,vendor4356@vendormail.test,9932815833,"403 Market Road, Assam",
Skyline Packaging 4357,10GVAGN8727W9ZT,vendor4357@vendormail.test,9273684982,"991 Market Road, Bihar",
Fusion Freight 4358,37FXCYG4070R5ZA,vendor4358@vendormail.test,9950505143,"550 Market Road, Andhra Pradesh",
Silverline Security Services 4359,37WNKFA9930Y6ZJ,vendor4359@vendormail.test,9174102449,"156 Industrial Estate, Andhra Pradesh",
BlueWave Print Works 4360,,vendor4360@vendormail.test,9197333627,"414 Commercial Complex, Goa",
Anchor Textiles 4361,33JCXJW5287R8ZC,vendor4361@vendormail.test,9302179060,"891 Industrial Estate, Tamil Nadu",
Anchor Consultants 4362,21APSSO9970Q5ZK,vendor4362@vendormail.test,9947987293,"238 Market Road, Odisha",
Titan Engineering 4363,09ATBOS7972R2ZO,vendor4363@vendormail.test,9467762187,"643 Commercial Complex, Uttar Pradesh",
Metro Distributors 4364,,vendor4364@vendormail.test,9257112687,"147 Commercial Complex, West Bengal",
Crestline Office Supplies 4365,37ELJDR8383E4ZV,vendor4365@vendormail.test,9807872790,"353 Industrial Estate, Andhra Pradesh",
Vertex Logistics 4366,09YOLPE1702L5ZR,vendor4366@vendormail.test,9505738697,"101 Commercial Complex, Uttar Pradesh",
CloudNet Hosting 4367,19BSHHT1044N8ZT,vendor4367@vendormail.test,9105094757,"624 Market Road, West Bengal",
Everest Stationery 4368,,vendor4368@vendormail.test,9132106411,"158 Market Road, West Bengal",
Zenith Advertising 4369,30BSXTC8027J9ZD,vendor4369@vendormail.test,9920251559,"149 Industrial Estate, Goa",
Golden Harvest Electricals 4370,,vendor4370@vendormail.test,9909797286,"521 Commercial Complex, Kerala",
Pioneer IT Services 4371,,vendor4371@vendormail.test,9647496630,"960 Industrial Estate, Goa",
BlueWave Packaging 4372,,vendor4372@vendormail.test,9205983973,"292 Market Road, Gujarat",
Skyline Freight 4373,29IRVGS3953I3ZJ,vendor4373@vendormail.test,9742683483,"422 Industrial Estate, Karnataka",
Horizon Security Services 4374,,vendor4374@vendormail.test,9368070953,"806 Market Road, Punjab",
Apex Print Works 4375,,vendor4375@vendormail.test,9608956096,"729 Industrial Estate, Chandigarh",
Bluepeak Textiles 4376,,vendor4376@vendormail.test,9983895539,"148 Market Road, Sikkim",
Everest Consultants 4377,20LWFXP8913K7Z3,vendor4377@vendormail.test,9542321024,"726 Commercial Complex, Jharkhand",
Pioneer Engineering 4378,24KLMQN6473S8ZH,vendor4378@vendormail.test,9974425258,"931 Industrial Estate, Gujarat",
Redwood Distributors 4379,22SHNCT1296N4ZN,vendor4379@vendormail.test,9613577810,"645 Market Road, Chhattisgarh",
Falcon Office Supplies 4380,21DKUSE7314X9ZH,vendor4380@vendormail.test,9351623357,"427 Industrial Estate, Odisha",
Reliable Logistics 4381,,vendor4381@vendormail.test,9760872484,"228 Commercial Complex, Telangana",
Skyline Hosting 4382,33KBZVY9824E1Z4,vendor4382@vendormail.test,9430126710,"645 Market Road, Tamil Nadu",
Meridian Stationery 4383,29KTHQX3343I6ZG,vendor4383@vendormail.test,9879027811,"133 Industrial Estate, Karnataka",
Crestline Advertising 4384,,vendor4384@vendormail.test,9809055869,"700 Industrial Estate, Bihar",
Prime Electricals 4385,18NIWYI2920I4ZT,vendor4385@vendormail.test,9333850466,"555 Industrial Estate, Assam",
Fusion IT Services 4386,23YJRXP1584L2ZD,vendor4386@vendormail.test,9307536575,"258 Market Road, Madhya Pradesh",
Redwood Packaging 4387,27HZURD9903G5ZS,vendor4387@vendormail.test,9263571573,"530 Industrial Estate, Maharashtra",
Fusion Freight 4388,,vendor4388@vendormail.test,9575154917,"63 Commercial Complex, Uttarakhand",
Sunrise Security Services 4389,30SBPMH4795M2Z5,vendor4389@vendormail.test,9997929796,"659 Industrial Estate, Goa",
CloudNet Print Works 4390,,vendor4390@vendormail.test,9435524300,"178 Industrial Estate, Uttarakhand",
CloudNet Textiles 4391,21YLZZD2307V2Z3,vendor4391@vendormail.test,9163755979,"37 Commercial Complex, Odisha",
Apex Consultants 4392,29KQCTW8887F1Z8,vendor4392@vendormail.test,9409663059,"929 Industrial Estate, Karnataka",
Apex Engineering 4393,02QOFCE2515Y8ZH,vendor4393@vendormail.test,9607042108,"536 Commercial Complex, Himachal Pradesh",
Bluepeak Distributors 4394,30ZSCKK9894M5ZY,vendor4394@vendormail.test,9782405062,"681 Commercial Complex, Goa",
Silverline Office Supplies 4395,37IOATY3621Q6ZO,vendor4395@vendormail.test,9514644970,"838 Market Road, Andhra Pradesh",
Crestline Logistics 4396,,vendor4396@vendormail.test,9749315231,"175 Market Road, Bihar",
Silverline Hosting 4397,,vendor4397@vendormail.test,9604761253,"988 Industrial Estate, Madhya Pradesh",
Emerald Stationery 4398,,vendor4398@vendormail.test,9316558289,"938 Market Road, Tamil Nadu",
Horizon Advertising 4399,37HZGYC3316V8ZD,vendor4399@vendormail.test,9569000247,"739 Commercial Complex, Andhra Pradesh",
Reliable Electricals 4400,23UFUTO1320I8ZF,vendor4400@vendormail.test,9119439144,"245 Industrial Estate, Madhya Pradesh",
Bluepeak IT Services 4401,22PDBNS3634T8ZZ,vendor4401@vendormail.test,9571465231,"54 Commercial Complex, Chhattisgarh",
Prime Packaging 4402,01PTSIL2422J1ZY,vendor4402@vendormail.test,9729074350,"759 Industrial Estate, Jammu and Kashmir",
Greenfield Freight 4403,18HOFZH9250V6ZG,vendor4403@vendormail.test,9575897141,"315 Commercial Complex, Assam",
Skyline Security Services 4404,03GTYVI3965X4ZW,vendor4404@vendormail.test,9468645227,"149 Commercial Complex, Punjab",
CloudNet Print Works 4405,08NBWTM9396S1ZS,vendor4405@vendormail.test,9916509824,"214 Market Road, Rajasthan",
Ironclad Textiles 4406,02AFAYQ6765A8ZZ,vendor4406@vendormail.test,9233596945,"262 Industrial Estate, Himachal Pradesh",
Crestline Consultants 4407,20NCRPM4955H9ZJ,vendor4407@vendormail.test,9958944857,"110 Industrial Estate, Jharkhand",
Northstar Engineering 4408,02QDPND7256R6ZB,vendor4408@vendormail.test,9716289861,"992 Market Road, Himachal Pradesh",
Falcon Distributors 4409,,vendor4409@vendormail.test,9767954180,"198 Market Road, Odisha",
Zenith Office Supplies 4410,,vendor4410@vendormail.test,9821234736,"395 Commercial Complex, Rajasthan",
Meridian Logistics 4411,01QKCPA4833Q3ZJ,vendor4411@vendormail.test,9833870953,"868 Industrial Estate, Jammu and Kashmir",
Orbit Hosting 4412,,vendor4412@vendormail.test,9296183191,"246 Commercial Complex, Haryana",
Metro Stationery 4413,11RZMAP6193A2Z8,vendor4413@vendormail.test,9776278370,"859 Market Road, Sikkim",
Delta Advertising 4414,20QJUUM8977X8Z8,vendor4414@vendormail.test,9939166746,"517 Commercial Complex, Jharkhand",
Nimbus Electricals 4415,01NGYFM1024B7Z1,vendor4415@vendormail.test,9328410848,"134 Market Road, Jammu and Kashmir",
Reliable IT Services 4416,27OJLNU4971M8ZB,vendor4416@vendormail.test,9563358688,"768 Industrial Estate, Maharashtra",
Pioneer Packaging 4417,,vendor4417@vendormail.test,9630713987,"940 Commercial Complex, Telangana",
Sunrise Freight 4418,23BSHBF9861A2ZW,vendor4418@vendormail.test,9319598735,"72 Commercial Complex, Madhya Pradesh",
Anchor Security Services 4419,37JNJER6256U9ZS,vendor4419@vendormail.test,9944087359,"189 Commercial Complex, Andhra Pradesh",
Reliable Print Works 4420,09XXZLN4580Z8ZY,vendor4420@vendormail.test,9130269486,"101 Market Road, Uttar Pradesh",
Bluepeak Textiles 4421,,vendor4421@vendormail.test,9936472043,"368 Commercial Complex, Haryana",
Crestline Consultants 4422,04ZJJRG6998E5Z0,vendor4422@vendormail.test,9916547865,"847 Market Road, Chandigarh",
Metro Engineering 4423,,vendor4423@vendormail.test,9155561167,"267 Market Road, Jharkhand",
Apex Distributors 4424,27ATRSB4961S6Z9,vendor4424@vendormail.test,9716870626,"522 Industrial Estate, Maharashtra",
Ironclad Office Supplies 4425,,vendor4425@vendormail.test,9412421951,"242 Market Road, Telangana",
Apex Logistics 4426,10XJSVI3998K6ZE,vendor4426@vendormail.test,9269309942,"964 Industrial Estate, Bihar",
Orbit Hosting 4427,27IPSWS9212F2ZD,vendor4427@vendormail.test,9567331513,"158 Market Road, Maharashtra",
Greenfield Stationery 4428,18DRBLI1531C4ZL,vendor4428@vendormail.test,9886727768,"838 Market Road, Assam",
Fusion Advertising 4429,,vendor4429@vendormail.test,9124452246,"662 Commercial Complex, Odisha",
Skyline Electricals 4430,,vendor4430@vendormail.test,9953582836,"266 Market Road, Punjab",
Golden Harvest IT Services 4431,37FZEII9555R6ZU,vendor4431@vendormail.test,9576469398,"214 Market Road, Andhra Pradesh",
Titan Packaging 4432,22GQKOJ3220V7ZK,vendor4432@vendormail.test,9917017804,"853 Commercial Complex, Chhattisgarh",
Emerald Freight 4433,,vendor4433@vendormail.test,9217526700,"273 Market Road, Karnataka",
Redwood Security Services 4434,,vendor4434@vendormail.test,9440259975,"223 Market Road, Andhra Pradesh",
Falcon Print Works 4435,29UKVME1238P1ZP,vendor4435@vendormail.test,9567482929,"720 Commercial Complex, Karnataka",
Northstar Textiles 4436,23PFFFV2576L3Z4,vendor4436@vendormail.test,9618979342,"206 Commercial Complex, Madhya Pradesh",
Skyline Consultants 4437,,vendor4437@vendormail.test,9231983313,"545 Commercial Complex, Punjab",
Prime Engineering 4438,24PADCW5741B1ZD,vendor4438@vendormail.test,9280339737,"351 Commercial Complex, Gujarat",
Anchor Distributors 4439,23DWFCF3936F1ZO,vendor4439@vendormail.test,9586116016,"778 Industrial Estate, Madhya Pradesh",
Anchor Office Supplies 4440,,vendor4440@vendormail.test,9145268287,"878 Commercial Complex, Bihar",
Silverline Logistics 4441,32RUAZK8539R6ZD,vendor4441@vendormail.test,9980551878,"728 Commercial Complex, Kerala",
Anchor Hosting 4442,36FMQJN6235C1ZI,vendor4442@vendormail.test,9862392314,"905 Market Road, Telangana",
Bluepeak Stationery 4443,36HINCV4368F3ZB,vendor4443@vendormail.test,9948786031,"822 Commercial Complex, Telangana",
Anchor Advertising 4444,,vendor4444@vendormail.test,9283173881,"701 Commercial Complex, Assam",
Titan Electricals 4445,29VLPNL6139A5Z3,vendor4445@vendormail.test,9786996620,"718 Industrial Estate, Karnataka",
Sunrise IT Services 4446,,vendor4446@vendormail.test,9296974976,"144 Commercial Complex, West Bengal",
Falcon Packaging 4447,,vendor4447@vendormail.test,9181580727,"960 Commercial Complex, Himachal Pradesh",
Falcon Freight 4448,29CRUQA3914G4Z0,vendor4448@vendormail.test,9118353929,"718 Commercial Complex, Karnataka",
Silverline Security Services 4449,01MSQKB6878P7ZU,vendor4449@vendormail.test,9237433257,"484 Industrial Estate, Jammu and Kashmir",
Pioneer Print Works 4450,,vendor4450@vendormail.test,9364503098,"992 Industrial Estate, Gujarat",
Bluepeak Textiles 4451,36VPWDV9444W9Z2,vendor4451@vendormail.test,9948908745,"9 Industrial Estate, Telangana",
Horizon Consultants 4452,,vendor4452@vendormail.test,9412606448,"701 Commercial Complex, Kerala",
Prime Engineering 4453,19PKFAG9867V5Z4,vendor4453@vendormail.test,9659289924,"331 Industrial Estate, West Bengal",
Nimbus Distributors 4454,02UDZLH4994T2ZG,vendor4454@vendormail.test,9834090642,"759 Commercial Complex, Himachal Pradesh",
Fusion Office Supplies 4455,27HOKBR3148X8ZV,vendor4455@vendormail.test,9637366436,"961 Market Road, Maharashtra",
Falcon Logistics 4456,21EBWPE4597Z1ZJ,vendor4456@vendormail.test,9153904876,"831 Commercial Complex, Odisha",
Redwood Hosting 4457,05AFVNI3649R2ZN,vendor4457@vendormail.test,9368720863,"587 Commercial Complex, Uttarakhand",
Zenith Stationery 4458,21YWVXD7169C1ZN,vendor4458@vendormail.test,9690520952,"160 Industrial Estate, Odisha",
Nimbus Advertising 4459,06AITRJ6227C4ZD,vendor4459@vendormail.test,9705419850,"774 Market Road, Haryana",
Pioneer Electricals 4460,,vendor4460@vendormail.test,9753866436,"305 Industrial Estate, Haryana",
Emerald IT Services 4461,,vendor4461@vendormail.test,9412191355,"659 Market Road, Jharkhand",
Vertex Packaging 4462,,vendor4462@vendormail.test,9609959385,"21 Industrial Estate, Jammu and Kashmir",
Skyline Freight 4463,06BJDXD2803M2ZW,vendor4463@vendormail.test,9914713236,"497 Commercial Complex, Haryana",
Falcon Security Services 4464,10COAIV1804N6ZT,vendor4464@vendormail.test,9871846875,"885 Commercial Complex, Bihar",
Zenith Print Works 4465,,vendor4465@vendormail.test,9753831884,"151 Commercial Complex, Uttarakhand",
BlueWave Textiles 4466,,vendor4466@vendormail.test,9661546539,"397 Commercial Complex, Madhya Pradesh",
Greenfield Consultants 4467,32CNWWV8181I9ZA,vendor4467@vendormail.test,9114383729,"426 Industrial Estate, Kerala",
Orbit Engineering 4468,02XCJXM6193F2Z0,vendor4468@vendormail.test,9309803126,"377 Market Road, Himachal Pradesh",
Emerald Distributors 4469,,vendor4469@vendormail.test,9375536385,"752 Commercial Complex, Goa",
Skyline Office Supplies 4470,,vendor4470@vendormail.test,9130937479,"462 Commercial Complex, Assam",
Reliable Logistics 4471,23ZNCIJ4950T9Z3,vendor4471@vendormail.test,9627343741,"967 Commercial Complex, Madhya Pradesh",
Crestline Hosting 4472,,vendor4472@vendormail.test,9430083891,"137 Commercial Complex, Chandigarh",
Anchor Stationery 4473,,vendor4473@vendormail.test,9633873608,"762 Commercial Complex, Jammu and Kashmir",
Golden Harvest Advertising 4474,06AEZMF7775A1ZG,vendor4474@vendormail.test,9424245645,"330 Industrial Estate, Haryana",
Anchor Electricals 4475,08DQTDX5326Y2Z5,vendor4475@vendormail.test,9731681525,"218 Market Road, Rajasthan",
Pioneer IT Services 4476,23HAMRH8062A1ZP,vendor4476@vendormail.test,9868460659,"339 Industrial Estate, Madhya Pradesh",
Silverline Packaging 4477,02RFGCO7247X1ZW,vendor4477@vendormail.test,9849084738,"485 Industrial Estate, Himachal Pradesh",
Bluepeak Freight 4478,,vendor4478@vendormail.test,9583914550,"207 Industrial Estate, Kerala",
Everest Security Services 4479,32TKWKE4899Q7ZW,vendor4479@vendormail.test,9671190910,"136 Commercial Complex, Kerala",
CloudNet Print Works 4480,,vendor4480@vendormail.test,9859835648,"386 Industrial Estate, Chandigarh",
Zenith Textiles 4481,02ZRNVT5497F7ZN,vendor4481@vendormail.test,9824458695,"948 Commercial Complex, Himachal Pradesh",
Sunrise Consultants 4482,,vendor4482@vendormail.test,9911800744,"505 Commercial Complex, Bihar",
Fusion Engineering 4483,37RQFYE2183W9ZE,vendor4483@vendormail.test,9274931248,"520 Market Road, Andhra Pradesh",
Sunrise Distributors 4484,,vendor4484@vendormail.test,9968304861,"943 Market Road, Punjab",
Everest Office Supplies 4485,33AOREM2894O6ZZ,vendor4485@vendormail.test,9632936721,"532 Commercial Complex, Tamil Nadu",
Silverline Logistics 4486,19LESMT5634X5ZT,vendor4486@vendormail.test,9216352301,"354 Commercial Complex, West Bengal",
Fusion Hosting 4487,07YVWXI9649F5Z8,vendor4487@vendormail.test,9180183774,"221 Industrial Estate, Delhi",
Anchor Stationery 4488,04NACER6763Q5ZR,vendor4488@vendormail.test,9440229724,"459 Industrial Estate, Chandigarh",
Reliable Advertising 4489,09ALSYW2373G2ZC,vendor4489@vendormail.test,9384215144,"442 Market Road, Uttar Pradesh",
Fusion Electricals 4490,10BSJGH4457C3ZD,vendor4490@vendormail.test,9355374549,"541 Industrial Estate, Bihar",
Horizon IT Services 4491,05TGEPK4671G8ZC,vendor4491@vendormail.test,9802908564,"982 Industrial Estate, Uttarakhand",
Northstar Packaging 4492,03FRWXC4022E3Z2,vendor4492@vendormail.test,9872908064,"974 Commercial Complex, Punjab",
Nimbus Freight 4493,09UJCXO8765W5ZL,vendor4493@vendormail.test,9268961252,"245 Industrial Estate, Uttar Pradesh",
Orbit Security Services 4494,07ZYTEM9043A4ZS,vendor4494@vendormail.test,9130923833,"638 Commercial Complex, Delhi",
Titan Print Works 4495,24CVJFK8203U5Z7,vendor4495@vendormail.test,9883634252,"109 Market Road, Gujarat",
Delta Textiles 4496,22SWIPL3658Q5ZY,vendor4496@vendormail.test,9690499478,"325 Industrial Estate, Chhattisgarh",
Pioneer Consultants 4497,03MYTRV7533T3Z2,vendor4497@vendormail.test,9853590806,"729 Commercial Complex, Punjab",
Apex Engineering 4498,,vendor4498@vendormail.test,9990486345,"660 Industrial Estate, Himachal Pradesh",
CloudNet Distributors 4499,,vendor4499@vendormail.test,9521258750,"125 Industrial Estate, Chandigarh",
Golden Harvest Office Supplies 4500,04XYMHH9133R8ZO,vendor4500@vendormail.test,9611165726,"307 Market Road, Chandigarh",
BlueWave Logistics 4501,04SMABX8914Y1ZF,vendor4501@vendormail.test,9546933396,"696 Industrial Estate, Chandigarh",
Nimbus Hosting 4502,27IYXVL2832S7Z5,vendor4502@vendormail.test,9566295401,"502 Market Road, Maharashtra",
Prime Stationery 4503,19KVKOW9578R5ZT,vendor4503@vendormail.test,9385384023,"682 Industrial Estate, West Bengal",
Skyline Advertising 4504,09TTNHJ9225N9ZS,vendor4504@vendormail.test,9439489635,"110 Industrial Estate, Uttar Pradesh",
Horizon Electricals 4505,06MKYLZ2779K6ZL,vendor4505@vendormail.test,9439314408,"859 Commercial Complex, Haryana",
Everest IT Services 4506,,vendor4506@vendormail.test,9328506003,"932 Industrial Estate, Gujarat",
Everest Packaging 4507,19YYONA7403G5ZU,vendor4507@vendormail.test,9666165463,"692 Commercial Complex, West Bengal",
Horizon Freight 4508,,vendor4508@vendormail.test,9627840409,"941 Commercial Complex, Maharashtra",
Everest Security Services 4509,18QJZTO8115W4ZT,vendor4509@vendormail.test,9289599554,"837 Commercial Complex, Assam",
Apex Print Works 4510,29EWQAA3223L2ZN,vendor4510@vendormail.test,9523419252,"187 Commercial Complex, Karnataka",
Anchor Textiles 4511,,vendor4511@vendormail.test,9451644037,"547 Commercial Complex, Haryana",
Nimbus Consultants 4512,04BGSHY9216O5ZJ,vendor4512@vendormail.test,9543321720,"117 Commercial Complex, Chandigarh",
Silverline Engineering 4513,,vendor4513@vendormail.test,9225416245,"822 Industrial Estate, Odisha",
Everest Distributors 4514,,vendor4514@vendormail.test,9234781986,"484 Commercial Complex, West Bengal",
Delta Office Supplies 4515,,vendor4515@vendormail.test,9861401891,"189 Industrial Estate, Rajasthan",
Sunrise Logistics 4516,04WRULP3547T8ZS,vendor4516@vendormail.test,9969930550,"798 Market Road, Chandigarh",
Sunrise Hosting 4517,33FQJGW5158V6Z1,vendor4517@vendormail.test,9352949992,"822 Market Road, Tamil Nadu",
Metro Stationery 4518,,vendor4518@vendormail.test,9654127130,"316 Commercial Complex, Goa",
BlueWave Advertising 4519,27ZKZND6355K7ZG,vendor4519@vendormail.test,9307779104,"811 Market Road, Maharashtra",
Horizon Electricals 4520,,vendor4520@vendormail.test,9952699828,"688 Commercial Complex, Himachal Pradesh",
Vertex IT Services 4521,,vendor4521@vendormail.test,9225030456,"875 Market Road, Andhra Pradesh",
Sunrise Packaging 4522,09UIOKN4427G4ZV,vendor4522@vendormail.test,9612027066,"95 Commercial Complex, Uttar Pradesh",
Anchor Freight 4523,33JNWHQ5428A9ZR,vendor4523@vendormail.test,9895806986,"464 Commercial Complex, Tamil Nadu",
Golden Harvest Security Services 4524,21EAWML2205J1ZB,vendor4524@vendormail.test,9834050475,"292 Commercial Complex, Odisha",
Anchor Print Works 4525,23MOYGC9601K8ZV,vendor4525@vendormail.test,9259827314,"278 Commercial Complex, Madhya Pradesh",
Apex Textiles 4526,,vendor4526@vendormail.test,9413988579,"921 Industrial Estate, West Bengal",
Silverline Consultants 4527,03CNNUV6341I9ZU,vendor4527@vendormail.test,9243464283,"86 Market Road, Punjab",
Anchor Engineering 4528,05CUJXU5031G4Z9,vendor4528@vendormail.test,9215199927,"769 Market Road, Uttarakhand",
Vertex Distributors 4529,,vendor4529@vendormail.test,9674637706,"259 Industrial Estate, Kerala",
Delta Office Supplies 4530,,vendor4530@vendormail.test,9148348216,"104 Commercial Complex, Maharashtra",
Delta Logistics 4531,19QBUYX8659B2ZP,vendor4531@vendormail.test,9507121448,"233 Market Road, West Bengal",
Redwood Hosting 4532,,vendor4532@vendormail.test,9965815617,"808 Market Road, Madhya Pradesh",
Horizon Stationery 4533,,vendor4533@vendormail.test,9378819121,"656 Industrial Estate, Punjab",
Horizon Advertising 4534,06OSOIS3951C1ZK,vendor4534@vendormail.test,9524727097,"486 Industrial Estate, Haryana",
Apex Electricals 4535,,vendor4535@vendormail.test,9941359426,"858 Commercial Complex, Gujarat",
Sunrise IT Services 4536,22KBZGT8172H6ZR,vendor4536@vendormail.test,9551293820,"50 Industrial Estate, Chhattisgarh",
Bluepeak Packaging 4537,21SBWMV9455L7ZR,vendor4537@vendormail.test,9377322923,"857 Market Road, Odisha",
Ironclad Freight 4538,11ZGGXJ6229J7Z8,vendor4538@vendormail.test,9164779074,"6 Industrial Estate, Sikkim",
Apex Security Services 4539,,vendor4539@vendormail.test,9757588759,"454 Commercial Complex, Kerala",
Prime Print Works 4540,07BSXJX6538S7ZI,vendor4540@vendormail.test,9837063593,"688 Market Road, Delhi",
Vertex Textiles 4541,07GYDVO4941J4Z4,vendor4541@vendormail.test,9125163443,"247 Commercial Complex, Delhi",
Reliable Consultants 4542,29VNMFP7271U2ZM,vendor4542@vendormail.test,9767431203,"270 Commercial Complex, Karnataka",
Orbit Engineering 4543,,vendor4543@vendormail.test,9352466538,"131 Commercial Complex, Rajasthan",
Greenfield Distributors 4544,03JFNNU8512E3ZV,vendor4544@vendormail.test,9226099381,"179 Commercial Complex, Punjab",
Vertex Office Supplies 4545,04WUELB7176H9ZG,vendor4545@vendormail.test,9772085222,"537 Industrial Estate, Chandigarh",
Zenith Logistics 4546,09EUAQS7468B1Z5,vendor4546@vendormail.test,9688102758,"587 Market Road, Uttar Pradesh",
Prime Hosting 4547,37FTACM3963G9ZI,vendor4547@vendormail.test,9134026943,"467 Commercial Complex, Andhra Pradesh",
Everest Stationery 4548,10OLZPS2842A4ZL,vendor4548@vendormail.test,9165075880,"141 Industrial Estate, Bihar",
Prime Advertising 4549,22FECPW6278Y5ZN,vendor4549@vendormail.test,9169271182,"147 Commercial Complex, Chhattisgarh",
Silverline Electricals 4550,09AAQAH8348R2ZS,vendor4550@vendormail.test,9175231722,"120 Market Road, Uttar Pradesh",
Fusion IT Services 4551,33YFXWK4803I1ZX,vendor4551@vendormail.test,9966858646,"923 Industrial Estate, Tamil Nadu",
Meridian Packaging 4552,02JEOFL2869Q3ZO,vendor4552@vendormail.test,9336756529,"839 Industrial Estate, Himachal Pradesh",
Horizon Freight 4553,20ZPPZT2072V8ZV,vendor4553@vendormail.test,9430437173,"570 Industrial Estate, Jharkhand",
Skyline Security Services 4554,05QGIXE2615K7ZD,vendor4554@vendormail.test,9251120215,"223 Market Road, Uttarakhand",
Silverline Print Works 4555,,vendor4555@vendormail.test,9968434563,"950 Commercial Complex, Bihar",
Skyline Textiles 4556,,vendor4556@vendormail.test,9615425238,"994 Market Road, Madhya Pradesh",
Golden Harvest Consultants 4557,,vendor4557@vendormail.test,9691473937,"359 Commercial Complex, Punjab",
Bluepeak Engineering 4558,21BSSTL8489R1Z9,vendor4558@vendormail.test,9630686129,"519 Market Road, Odisha",
Meridian Distributors 4559,21NKXQU4532N4ZT,vendor4559@vendormail.test,9892669905,"768 Market Road, Odisha",
Pioneer Office Supplies 4560,,vendor4560@vendormail.test,9298830336,"31 Industrial Estate, Chhattisgarh",
BlueWave Logistics 4561,11EBOXD5249N9ZF,vendor4561@vendormail.test,9360273244,"905 Market Road, Sikkim",
Titan Hosting 4562,,vendor4562@vendormail.test,9880081290,"995 Industrial Estate, Maharashtra",
CloudNet Stationery 4563,23LRRHD6300W3ZR,vendor4563@vendormail.test,9752006837,"202 Commercial Complex, Madhya Pradesh",
Bluepeak Advertising 4564,,vendor4564@vendormail.test,9399350210,"102 Commercial Complex, Himachal Pradesh",
Greenfield Electricals 4565,24XVXZW5095U1ZE,vendor4565@vendormail.test,9542138018,"281 Industrial Estate, Gujarat",
Bluepeak IT Services 4566,08ZSTRD2811Q9ZB,vendor4566@vendormail.test,9568943081,"628 Industrial Estate, Rajasthan",
Prime Packaging 4567,23PCQDP2837F1ZY,vendor4567@vendormail.test,9257456822,"833 Commercial Complex, Madhya Pradesh",
Anchor Freight 4568,23IARKK5778V2ZV,vendor4568@vendormail.test,9982407258,"998 Industrial Estate, Madhya Pradesh",
Northstar Security Services 4569,,vendor4569@vendormail.test,9896673769,"837 Commercial Complex, Chhattisgarh",
Greenfield Print Works 4570,03BFFIV4640D5ZO,vendor4570@vendormail.test,9749093116,"138 Market Road, Punjab",
Zenith Textiles 4571,,vendor4571@vendormail.test,9267810551,"213 Commercial Complex, Andhra Pradesh",
Ironclad Consultants 4572,,vendor4572@vendormail.test,9360063700,"284 Market Road, West Bengal",
Vertex Engineering 4573,,vendor4573@vendormail.test,9929613748,"856 Commercial Complex, Haryana",
Apex Distributors 4574,,vendor4574@vendormail.test,9211836008,"918 Market Road, Odisha",
Redwood Office Supplies 4575,,vendor4575@vendormail.test,9201512083,"431 Commercial Complex, Maharashtra",
Meridian Logistics 4576,,vendor4576@vendormail.test,9823682489,"917 Commercial Complex, Odisha",
Titan Hosting 4577,,vendor4577@vendormail.test,9105866950,"558 Commercial Complex, Delhi",
Ironclad Stationery 4578,09WGHTB3705V6ZS,vendor4578@vendormail.test,9109884713,"442 Market Road, Uttar Pradesh",
Prime Advertising 4579,,vendor4579@vendormail.test,9775142398,"978 Market Road, Telangana",
Greenfield Electricals 4580,,vendor4580@vendormail.test,9553628607,"375 Industrial Estate, Odisha",
Vertex IT Services 4581,36MSTEC3159G7ZU,vendor4581@vendormail.test,9890090397,"341 Commercial Complex, Telangana",
Skyline Packaging 4582,09PABVQ4583R3ZQ,vendor4582@vendormail.test,9113389532,"244 Industrial Estate, Uttar Pradesh",
Pioneer Freight 4583,32NUFHH7286N4ZB,vendor4583@vendormail.test,9737244720,"813 Market Road, Kerala",
BlueWave Security Services 4584,27IBTUH7411N5ZT,vendor4584@vendormail.test,9538120057,"872 Commercial Complex, Maharashtra",
Everest Print Works 4585,04MPSZA3246Q9ZM,vendor4585@vendormail.test,9948887845,"285 Market Road, Chandigarh",
Crestline Textiles 4586,24GHIZB6080U3Z6,vendor4586@vendormail.test,9252046959,"893 Market Road, Gujarat",
Sunrise Consultants 4587,22ZRGZA1060K7Z7,vendor4587@vendormail.test,9719612369,"955 Commercial Complex, Chhattisgarh",
Vertex Engineering 4588,08YSVXP5978J3ZJ,vendor4588@vendormail.test,9996665665,"967 Industrial Estate, Rajasthan",
Falcon Distributors 4589,20VNUSL8973S8ZO,vendor4589@vendormail.test,9415042373,"513 Commercial Complex, Jharkhand",
Northstar Office Supplies 4590,07WMDXF2391K3ZZ,vendor4590@vendormail.test,9135790256,"369 Market Road, Delhi",
Delta Logistics 4591,24BLNZA7044J5Z3,vendor4591@vendormail.test,9486305860,"66 Industrial Estate, Gujarat",
Prime Hosting 4592,,vendor4592@vendormail.test,9352416800,"489 Market Road, Chhattisgarh",
Pioneer Stationery 4593,,vendor4593@vendormail.test,9648695803,"840 Industrial Estate, Uttar Pradesh",
Ironclad Advertising 4594,01VFWNW1844O9ZY,vendor4594@vendormail.test,9867143998,"70 Commercial Complex, Jammu and Kashmir",
Zenith Electricals 4595,,vendor4595@vendormail.test,9351894867,"817 Industrial Estate, Andhra Pradesh",
Crestline IT Services 4596,,vendor4596@vendormail.test,9500582182,"682 Industrial Estate, Uttarakhand",
Northstar Packaging 4597,,vendor4597@vendormail.test,9873291237,"843 Commercial Complex, Assam",
Delta Freight 4598,06YESKA8429L5ZJ,vendor4598@vendormail.test,9522324606,"639 Market Road, Haryana",
Ironclad Security Services 4599,37YEXPV2310E5ZJ,vendor4599@vendormail.test,9323633572,"319 Market Road, Andhra Pradesh",
Metro Print Works 4600,,vendor4600@vendormail.test,9913549717,"850 Industrial Estate, Goa",
Bluepeak Textiles 4601,33NUKSD9372L8ZM,vendor4601@vendormail.test,9124853248,"138 Market Road, Tamil Nadu",
Anchor Consultants 4602,,vendor4602@vendormail.test,9899613644,"607 Commercial Complex, Kerala",
Orbit Engineering 4603,33LGMFP1795T3ZH,vendor4603@vendormail.test,9360684383,"766 Commercial Complex, Tamil Nadu",
BlueWave Distributors 4604,07VMAYF2914N5Z4,vendor4604@vendormail.test,9957186842,"275 Industrial Estate, Delhi",
Prime Office Supplies 4605,23CTJQQ7081C6ZD,vendor4605@vendormail.test,9252736192,"100 Market Road, Madhya Pradesh",
Greenfield Logistics 4606,,vendor4606@vendormail.test,9753026630,"574 Industrial Estate, Sikkim",
Everest Hosting 4607,04JMTGK1444R6ZT,vendor4607@vendormail.test,9108394313,"646 Industrial Estate, Chandigarh",
Meridian Stationery 4608,05ZFIPS4209T8ZL,vendor4608@vendormail.test,9111872053,"788 Market Road, Uttarakhand",
Redwood Advertising 4609,,vendor4609@vendormail.test,9117000263,"4 Market Road, Jharkhand",
Horizon Electricals 4610,,vendor4610@vendormail.test,9250331204,"3 Market Road, Bihar",
Apex IT Services 4611,,vendor4611@vendormail.test,9709728565,"504 Industrial Estate, Assam",
Northstar Packaging 4612,,vendor4612@vendormail.test,9961438154,"49 Commercial Complex, Odisha",
Emerald Freight 4613,,vendor4613@vendormail.test,9145845702,"399 Market Road, Punjab",
Emerald Security Services 4614,04TCGVF3657G3ZP,vendor4614@vendormail.test,9480974582,"727 Commercial Complex, Chandigarh",
CloudNet Print Works 4615,22SGFLW7539B3ZY,vendor4615@vendormail.test,9610641885,"722 Commercial Complex, Chhattisgarh",
Meridian Textiles 4616,06CKZEI7270F3ZO,vendor4616@vendormail.test,9766782241,"652 Commercial Complex, Haryana",
Golden Harvest Consultants 4617,24VFLTS7224W1Z3,vendor4617@vendormail.test,9725323988,"195 Market Road, Gujarat",
Titan Engineering 4618,18YJALQ1979Q2Z0,vendor4618@vendormail.test,9913334994,"847 Commercial Complex, Assam",
Metro Distributors 4619,,vendor4619@vendormail.test,9717417945,"723 Market Road, Sikkim",
Orbit Office Supplies 4620,32BJYQE3795R4ZX,vendor4620@vendormail.test,9355116256,"279 Industrial Estate, Kerala",
Silverline Logistics 4621,29ISIZS9723A1Z0,vendor4621@vendormail.test,9382426495,"857 Market Road, Karnataka",
Anchor Hosting 4622,30IRUPX4030I7ZZ,vendor4622@vendormail.test,9838799274,"273 Market Road, Goa",
Titan Stationery 4623,23XLTQO7744Q1ZG,vendor4623@vendormail.test,9298377762,"728 Commercial Complex, Madhya Pradesh",
Greenfield Advertising 4624,29FBILH3765X5ZR,vendor4624@vendormail.test,9429574246,"146 Market Road, Karnataka",
Orbit Electricals 4625,24CNEIC3593M7ZE,vendor4625@vendormail.test,9620071016,"664 Market Road, Gujarat",
Apex IT Services 4626,,vendor4626@vendormail.test,9750306812,"470 Industrial Estate, Haryana",
Nimbus Packaging 4627,29ROLED7591H2Z0,vendor4627@vendormail.test,9481870414,"866 Industrial Estate, Karnataka",
Nimbus Freight 4628,,vendor4628@vendormail.test,9989774645,"62 Commercial Complex, Uttar Pradesh",
Crestline Security Services 4629,32FZCMA8997D4Z5,vendor4629@vendormail.test,9612548546,"492 Market Road, Kerala",
Metro Print Works 4630,10AMAVD9906N7ZT,vendor4630@vendormail.test,9630017225,"761 Market Road, Bihar",
Horizon Textiles 4631,33PGASU3120M5ZH,vendor4631@vendormail.test,9448317309,"250 Market Road, Tamil Nadu",
Reliable Consultants 4632,07DMYQQ1659T9ZK,vendor4632@vendormail.test,9257411794,"67 Commercial Complex, Delhi",
Titan Engineering 4633,18XWEEA9528J1Z5,vendor4633@vendormail.test,9416313817,"588 Industrial Estate, Assam",
Zenith Distributors 4634,03KWWDQ3176Q8ZR,vendor4634@vendormail.test,9430964441,"962 Industrial Estate, Punjab",
Golden Harvest Office Supplies 4635,07FDKAF3953Z2ZG,vendor4635@vendormail.test,9541055876,"820 Commercial Complex, Delhi",
Zenith Logistics 4636,,vendor4636@vendormail.test,9377013073,"962 Industrial Estate, West Bengal",
Meridian Hosting 4637,,vendor4637@vendormail.test,9948117226,"340 Market Road, Assam",
Everest Stationery 4638,27NKGCR6291Q4ZA,vendor4638@vendormail.test,9759137416,"463 Commercial Complex, Maharashtra",
Pioneer Advertising 4639,32HJVAM2790R9ZV,vendor4639@vendormail.test,9767061608,"242 Commercial Complex, Kerala",
Delta Electricals 4640,07JRGBZ6162U4ZM,vendor4640@vendormail.test,9282088870,"661 Commercial Complex, Delhi",
Crestline IT Services 4641,,vendor4641@vendormail.test,9311648410,"872 Market Road, Rajasthan",
Reliable Packaging 4642,,vendor4642@vendormail.test,9718331138,"769 Market Road, West Bengal",
Redwood Freight 4643,10GTQEX9175X2ZL,vendor4643@vendormail.test,9608242771,"999 Market Road, Bihar",
Sunrise Security Services 4644,,vendor4644@vendormail.test,9505515318,"258 Commercial Complex, West Bengal",
Orbit Print Works 4645,30ZVURJ3796M9ZW,vendor4645@vendormail.test,9868023488,"324 Industrial Estate, Goa",
Golden Harvest Textiles 4646,02TCSKK4708Z8ZA,vendor4646@vendormail.test,9944346392,"716 Market Road, Himachal Pradesh",
Anchor Consultants 4647,,vendor4647@vendormail.test,9430511556,"366 Commercial Complex, Sikkim",
Ironclad Engineering 4648,11HCHXS9816N2ZT,vendor4648@vendormail.test,9438279926,"22 Market Road, Sikkim",
Skyline Distributors 4649,30QEUUB1552C1ZG,vendor4649@vendormail.test,9820802146,"125 Market Road, Goa",
Sunrise Office Supplies 4650,32HIEOK6197Q1Z7,vendor4650@vendormail.test,9217048010,"36 Market Road, Kerala",
Bluepeak Logistics 4651,08XJPUK5779W5ZW,vendor4651@vendormail.test,9441904129,"427 Commercial Complex, Rajasthan",
Falcon Hosting 4652,10MORVY5150L8ZI,vendor4652@vendormail.test,9260011837,"50 Commercial Complex, Bihar",
BlueWave Stationery 4653,03JADNR8149P8Z5,vendor4653@vendormail.test,9564915891,"759 Industrial Estate, Punjab",
Pioneer Advertising 4654,05PMGLJ6919V8ZT,vendor4654@vendormail.test,9876954865,"238 Industrial Estate, Uttarakhand",
Crestline Electricals 4655,,vendor4655@vendormail.test,9511183091,"392 Commercial Complex, Delhi",
Meridian IT Services 4656,19EJIDP4720Y9ZZ,vendor4656@vendormail.test,9279194019,"884 Market Road, West Bengal",
Silverline Packaging 4657,22QFRQV6570T4Z3,vendor4657@vendormail.test,9781548628,"135 Commercial Complex, Chhattisgarh",
Fusion Freight 4658,,vendor4658@vendormail.test,9183521087,"799 Commercial Complex, Delhi",
Zenith Security Services 4659,,vendor4659@vendormail.test,9124947013,"484 Industrial Estate, Uttarakhand",
Metro Print Works 4660,,vendor4660@vendormail.test,9370489600,"488 Market Road, Maharashtra",
Delta Textiles 4661,,vendor4661@vendormail.test,9460832676,"307 Market Road, Gujarat",
Silverline Consultants 4662,27GIPHC4576N5Z0,vendor4662@vendormail.test,9844218324,"186 Market Road, Maharashtra",
Falcon Engineering 4663,02JKRSA5353O5ZA,vendor4663@vendormail.test,9864201270,"349 Commercial Complex, Himachal Pradesh",
Ironclad Distributors 4664,22IDXKI9016X1ZR,vendor4664@vendormail.test,9615847738,"521 Commercial Complex, Chhattisgarh",
Crestline Office Supplies 4665,05GSEMG9011M9ZW,vendor4665@vendormail.test,9565839779,"260 Industrial Estate, Uttarakhand",
Northstar Logistics 4666,07TQPPQ5651P2Z5,vendor4666@vendormail.test,9840299250,"450 Commercial Complex, Delhi",
Meridian Hosting 4667,,vendor4667@vendormail.test,9664959065,"433 Commercial Complex, Jharkhand",
Skyline Stationery 4668,,vendor4668@vendormail.test,9706776138,"635 Commercial Complex, Madhya Pradesh",
Nimbus Advertising 4669,,vendor4669@vendormail.test,9210704950,"674 Market Road, Sikkim",
Horizon Electricals 4670,24AHFTF6625X2ZA,vendor4670@vendormail.test,9150723181,"427 Market Road, Gujarat",
Falcon IT Services 4671,36LLGSG7001H1ZC,vendor4671@vendormail.test,9803160121,"829 Market Road, Telangana",
Delta Packaging 4672,,vendor4672@vendormail.test,9194112057,"369 Industrial Estate, Uttar Pradesh",
Vertex Freight 4673,32DCDDF1969T5ZP,vendor4673@vendormail.test,9947923089,"961 Market Road, Kerala",
BlueWave Security Services 4674,24WOMSU8437J2ZL,vendor4674@vendormail.test,9878567708,"428 Industrial Estate, Gujarat",
Sunrise Print Works 4675,,vendor4675@vendormail.test,9779221927,"895 Market Road, Jharkhand",
Delta Textiles 4676,32TKVOR5220E1ZY,vendor4676@vendormail.test,9261593814,"885 Commercial Complex, Kerala",
Orbit Consultants 4677,23DRAEO6713G7ZW,vendor4677@vendormail.test,9953844271,"326 Industrial Estate, Madhya Pradesh",
Golden Harvest Engineering 4678,07VHNGE6780D6Z3,vendor4678@vendormail.test,9933834302,"119 Commercial Complex, Delhi",
Falcon Distributors 4679,,vendor4679@vendormail.test,9746796634,"348 Market Road, Punjab",
Skyline Office Supplies 4680,05EARHH9953L1Z2,vendor4680@vendormail.test,9175172066,"849 Industrial Estate, Uttarakhand",
Metro Logistics 4681,07VRBLJ8553M6Z8,vendor4681@vendormail.test,9397579054,"550 Market Road, Delhi",
Bluepeak Hosting 4682,,vendor4682@vendormail.test,9446593014,"909 Commercial Complex, Andhra Pradesh",
Redwood Stationery 4683,,vendor4683@vendormail.test,9539237321,"183 Industrial Estate, Odisha",
Horizon Advertising 4684,,vendor4684@vendormail.test,9859131733,"663 Commercial Complex, Rajasthan",
Redwood Electricals 4685,19YFARC8822M2Z4,vendor4685@vendormail.test,9988137214,"266 Industrial Estate, West Bengal",
Golden Harvest IT Services 4686,,vendor4686@vendormail.test,9873546792,"940 Industrial Estate, Bihar",
Vertex Packaging 4687,32EJHOX6377A2Z8,vendor4687@vendormail.test,9294848657,"600 Market Road, Kerala",
Pioneer Freight 4688,,vendor4688@vendormail.test,9199624245,"11 Industrial Estate, Karnataka",
BlueWave Security Services 4689,08WPBRW1493O4ZR,vendor4689@vendormail.test,9702329806,"775 Market Road, Rajasthan",
CloudNet Print Works 4690,07PLARV2075R8ZL,vendor4690@vendormail.test,9971008553,"901 Market Road, Delhi",
Vertex Textiles 4691,09IROVQ3775V1ZK,vendor4691@vendormail.test,9368652941,"259 Commercial Complex, Uttar Pradesh",
Crestline Consultants 4692,,vendor4692@vendormail.test,9774258634,"850 Industrial Estate, Bihar",
Northstar Engineering 4693,,vendor4693@vendormail.test,9605874139,"298 Industrial Estate, Andhra Pradesh",
Golden Harvest Distributors 4694,22PSFIQ2708I6ZN,vendor4694@vendormail.test,9645648509,"165 Industrial Estate, Chhattisgarh",
CloudNet Office Supplies 4695,07SAVFU9419Y3ZI,vendor4695@vendormail.test,9526564022,"478 Industrial Estate, Delhi",
CloudNet Logistics 4696,04BWECM6367M3Z2,vendor4696@vendormail.test,9698812079,"557 Industrial Estate, Chandigarh",
CloudNet Hosting 4697,07ZYYQQ5792J7ZC,vendor4697@vendormail.test,9420952106,"527 Market Road, Delhi",
Metro Stationery 4698,07YMVLQ1957D8Z3,vendor4698@vendormail.test,9192432848,"60 Market Road, Delhi",
Bluepeak Advertising 4699,29KGKYB4232L7ZT,vendor4699@vendormail.test,9938168581,"86 Commercial Complex, Karnataka",
Redwood Electricals 4700,21CGDSA6037H6ZF,vendor4700@vendormail.test,9305374039,"454 Industrial Estate, Odisha",
Zenith IT Services 4701,09XVQSO3514T2ZD,vendor4701@vendormail.test,9871643212,"911 Market Road, Uttar Pradesh",
Titan Packaging 4702,21OJRYZ2403V3Z6,vendor4702@vendormail.test,9732519410,"692 Market Road, Odisha",
Golden Harvest Freight 4703,21LVPLB4723R4ZQ,vendor4703@vendormail.test,9627204712,"990 Market Road, Odisha",
Horizon Security Services 4704,09KCKIQ2092R7ZB,vendor4704@vendormail.test,9462403049,"14 Industrial Estate, Uttar Pradesh",
Reliable Print Works 4705,,vendor4705@vendormail.test,9912342396,"639 Industrial Estate, Telangana",
Silverline Textiles 4706,37KYCYG8600N8ZB,vendor4706@vendormail.test,9348468766,"309 Market Road, Andhra Pradesh",
Delta Consultants 4707,23DZMHK5631M3ZI,vendor4707@vendormail.test,9811697208,"994 Commercial Complex, Madhya Pradesh",
BlueWave Engineering 4708,,vendor4708@vendormail.test,9590981321,"446 Industrial Estate, Uttar Pradesh",
Everest Distributors 4709,27TYOFR4760A2ZZ,vendor4709@vendormail.test,9644420332,"803 Commercial Complex, Maharashtra",
Pioneer Office Supplies 4710,21BPJIC2269I5ZB,vendor4710@vendormail.test,9306551604,"293 Industrial Estate, Odisha",
Orbit Logistics 4711,,vendor4711@vendormail.test,9778562595,"415 Commercial Complex, Sikkim",
Metro Hosting 4712,,vendor4712@vendormail.test,9884340779,"109 Industrial Estate, Chandigarh",
Nimbus Stationery 4713,19AWLCD7791C6ZR,vendor4713@vendormail.test,9139437341,"970 Market Road, West Bengal",
Zenith Advertising 4714,,vendor4714@vendormail.test,9493349063,"411 Market Road, Kerala",
Titan Electricals 4715,08PFOBG6113U6ZN,vendor4715@vendormail.test,9925311088,"588 Industrial Estate, Rajasthan",
Nimbus IT Services 4716,,vendor4716@vendormail.test,9874475385,"133 Industrial Estate, Bihar",
Everest Packaging 4717,27NCTUU2472G7Z2,vendor4717@vendormail.test,9815116706,"535 Market Road, Maharashtra",
Northstar Freight 4718,21PZBXQ7261V9ZI,vendor4718@vendormail.test,9380320980,"535 Industrial Estate, Odisha",
Vertex Security Services 4719,,vendor4719@vendormail.test,9299784001,"628 Commercial Complex, Goa",
Nimbus Print Works 4720,03RTVIO4487I3ZF,vendor4720@vendormail.test,9887439396,"121 Industrial Estate, Punjab",
Nimbus Textiles 4721,,vendor4721@vendormail.test,9296469437,"551 Market Road, Telangana",
Bluepeak Consultants 4722,,vendor4722@vendormail.test,9201472798,"266 Commercial Complex, Maharashtra",
Skyline Engineering 4723,,vendor4723@vendormail.test,9147051547,"661 Market Road, Odisha",
Reliable Distributors 4724,,vendor4724@vendormail.test,9366652973,"215 Industrial Estate, Bihar",
Everest Office Supplies 4725,27SRXEX5524J4ZL,vendor4725@vendormail.test,9286672505,"62 Commercial Complex, Maharashtra",
Zenith Logistics 4726,,vendor4726@vendormail.test,9217931021,"837 Industrial Estate, Goa",
Reliable Hosting 4727,,vendor4727@vendormail.test,9688711841,"598 Market Road, Jammu and Kashmir",
Ironclad Stationery 4728,,vendor4728@vendormail.test,9389846165,"749 Market Road, Tamil Nadu",
BlueWave Advertising 4729,,vendor4729@vendormail.test,9893910500,"85 Commercial Complex, Tamil Nadu",
Silverline Electricals 4730,,vendor4730@vendormail.test,9362066616,"955 Industrial Estate, Haryana",
Greenfield IT Services 4731,18CYMNB4576J4ZX,vendor4731@vendormail.test,9555508357,"489 Market Road, Assam",
Skyline Packaging 4732,10XAPKL7017K7ZM,vendor4732@vendormail.test,9952449995,"501 Market Road, Bihar",
Redwood Freight 4733,23MCIFW1086M4ZS,vendor4733@vendormail.test,9138040838,"607 Commercial Complex, Madhya Pradesh",
Emerald Security Services 4734,,vendor4734@vendormail.test,9793068943,"948 Market Road, Haryana",
Pioneer Print Works 4735,05RUTKO2822L8Z3,vendor4735@vendormail.test,9575492326,"417 Commercial Complex, Uttarakhand",
Anchor Textiles 4736,21NNAXS6039O6ZW,vendor4736@vendormail.test,9268100731,"202 Industrial Estate, Odisha",
Redwood Consultants 4737,07RIWCF1092B2ZH,vendor4737@vendormail.test,9857270911,"167 Commercial Complex, Delhi",
Northstar Engineering 4738,04QJNXD2371F2ZX,vendor4738@vendormail.test,9181638589,"106 Industrial Estate, Chandigarh",
Orbit Distributors 4739,01SOIBK7105T4ZV,vendor4739@vendormail.test,9524899512,"853 Industrial Estate, Jammu and Kashmir",
Ironclad Office Supplies 4740,02ASHJX7428A7Z8,vendor4740@vendormail.test,9736372199,"160 Industrial Estate, Himachal Pradesh",
Vertex Logistics 4741,,vendor4741@vendormail.test,9628438415,"741 Industrial Estate, Uttar Pradesh",
Anchor Hosting 4742,29RIDPQ9944S8ZZ,vendor4742@vendormail.test,9346078539,"583 Industrial Estate, Karnataka",
Greenfield Stationery 4743,21KHSIO1433X2ZW,vendor4743@vendormail.test,9235316348,"949 Market Road, Odisha",
Fusion Advertising 4744,20GWHQZ8101O9ZV,vendor4744@vendormail.test,9338976956,"27 Commercial Complex, Jharkhand",
Skyline Electricals 4745,21UXIPY2035R7ZP,vendor4745@vendormail.test,9245992685,"656 Commercial Complex, Odisha",
Redwood IT Services 4746,,vendor4746@vendormail.test,9442156148,"9 Market Road, Delhi",
Anchor Packaging 4747,,vendor4747@vendormail.test,9196424188,"891 Industrial Estate, Assam",
Golden Harvest Freight 4748,,vendor4748@vendormail.test,9649999688,"946 Market Road, Uttar Pradesh",
Ironclad Security Services 4749,05KUNEY6566N7ZA,vendor4749@vendormail.test,9458090285,"711 Market Road, Uttarakhand",
Pioneer Print Works 4750,36FWQOT7576L7ZN,vendor4750@vendormail.test,9777438810,"544 Industrial Estate, Telangana",
Fusion Textiles 4751,02ENQCS8192W7Z8,vendor4751@vendormail.test,9200575539,"227 Market Road, Himachal Pradesh",
Pioneer Consultants 4752,,vendor4752@vendormail.test,9123091080,"134 Market Road, Chandigarh",
BlueWave Engineering 4753,33IENPV6452U1ZC,vendor4753@vendormail.test,9890821333,"684 Industrial Estate, Tamil Nadu",
Everest Distributors 4754,,vendor4754@vendormail.test,9439382860,"468 Market Road, Gujarat",
Meridian Office Supplies 4755,,vendor4755@vendormail.test,9440210459,"537 Commercial Complex, Haryana",
Titan Logistics 4756,01NQJUL5799Q7ZD,vendor4756@vendormail.test,9293014561,"363 Commercial Complex, Jammu and Kashmir",
Meridian Hosting 4757,23YCRQZ1870V8ZJ,vendor4757@vendormail.test,9574234609,"249 Industrial Estate, Madhya Pradesh",
Silverline Stationery 4758,18VMMWG5168X1Z7,vendor4758@vendormail.test,9487404977,"169 Industrial Estate, Assam",
Zenith Advertising 4759,29NLKVA6552P7Z6,vendor4759@vendormail.test,9270945990,"787 Market Road, Karnataka",
Northstar Electricals 4760,,vendor4760@vendormail.test,9568469697,"482 Industrial Estate, Andhra Pradesh",
Zenith IT Services 4761,10CZTYQ9214X7Z6,vendor4761@vendormail.test,9146414793,"270 Industrial Estate, Bihar",
Zenith Packaging 4762,23REUNX3531W5ZH,vendor4762@vendormail.test,9750376558,"367 Commercial Complex, Madhya Pradesh",
Anchor Freight 4763,18MMEOM3878Z9ZI,vendor4763@vendormail.test,9486144412,"498 Commercial Complex, Assam",
Emerald Security Services 4764,,vendor4764@vendormail.test,9460860295,"928 Industrial Estate, Sikkim",
Prime Print Works 4765,18PNBFB6658H3ZG,vendor4765@vendormail.test,9681524403,"591 Industrial Estate, Assam",
Nimbus Textiles 4766,,vendor4766@vendormail.test,9837125857,"255 Industrial Estate, Assam",
Reliable Consultants 4767,,vendor4767@vendormail.test,9508649475,"785 Commercial Complex, Telangana",
Prime Engineering 4768,08ROLCC5663F6ZF,vendor4768@vendormail.test,9651235871,"879 Market Road, Rajasthan",
Horizon Distributors 4769,,vendor4769@vendormail.test,9452339170,"683 Commercial Complex, Telangana",
Greenfield Office Supplies 4770,,vendor4770@vendormail.test,9208663688,"853 Commercial Complex, Chhattisgarh",
Silverline Logistics 4771,36DWRPS9470M2ZP,vendor4771@vendormail.test,9802919005,"800 Market Road, Telangana",
CloudNet Hosting 4772,22GRJXZ5867J2Z8,vendor4772@vendormail.test,9484392606,"648 Industrial Estate, Chhattisgarh",
Sunrise Stationery 4773,,vendor4773@vendormail.test,9138984776,"199 Industrial Estate, Jharkhand",
Vertex Advertising 4774,,vendor4774@vendormail.test,9863567756,"610 Market Road, Goa",
Skyline Electricals 4775,19GHKIL9934Q8ZM,vendor4775@vendormail.test,9413542963,"842 Industrial Estate, West Bengal",
Meridian IT Services 4776,,vendor4776@vendormail.test,9522562318,"620 Market Road, Gujarat",
CloudNet Packaging 4777,09BZMLM4750V4ZD,vendor4777@vendormail.test,9921993810,"836 Industrial Estate, Uttar Pradesh",
Prime Freight 4778,23DKBSU9640F2Z4,vendor4778@vendormail.test,9764810212,"452 Commercial Complex, Madhya Pradesh",
Prime Security Services 4779,,vendor4779@vendormail.test,9528748786,"512 Industrial Estate, Goa",
Redwood Print Works 4780,,vendor4780@vendormail.test,9956210243,"306 Industrial Estate, Chhattisgarh",
Sunrise Textiles 4781,30BAAAN3491N1ZZ,vendor4781@vendormail.test,9298729817,"64 Industrial Estate, Goa",
Nimbus Consultants 4782,,vendor4782@vendormail.test,9949703754,"393 Market Road, Jammu and Kashmir",
Orbit Engineering 4783,01TPPUE3452N7ZO,vendor4783@vendormail.test,9855954351,"288 Commercial Complex, Jammu and Kashmir",
Greenfield Distributors 4784,02QGAMR3413U6ZJ,vendor4784@vendormail.test,9235053138,"16 Industrial Estate, Himachal Pradesh",
Everest Office Supplies 4785,,vendor4785@vendormail.test,9790368143,"858 Commercial Complex, Karnataka",
Emerald Logistics 4786,22VXYWI4542E6Z0,vendor4786@vendormail.test,9231298018,"946 Market Road, Chhattisgarh",
Zenith Hosting 4787,,vendor4787@vendormail.test,9839398783,"846 Commercial Complex, Delhi",
BlueWave Stationery 4788,11LVHCK7941E2ZS,vendor4788@vendormail.test,9851695364,"334 Market Road, Sikkim",
Pioneer Advertising 4789,32RVQXM2298N4Z0,vendor4789@vendormail.test,9882428041,"101 Commercial Complex, Kerala",
Crestline Electricals 4790,24ZRQNT5231V2ZX,vendor4790@vendormail.test,9452620497,"675 Industrial Estate, Gujarat",
Anchor IT Services 4791,10ILARW8948G4Z3,vendor4791@vendormail.test,9458740647,"600 Industrial Estate, Bihar",
Nimbus Packaging 4792,,vendor4792@vendormail.test,9771892432,"431 Market Road, Madhya Pradesh",
Everest Freight 4793,37WNPIA7880A2Z1,vendor4793@vendormail.test,9192745792,"677 Market Road, Andhra Pradesh",
Northstar Security Services 4794,,vendor4794@vendormail.test,9497362536,"843 Market Road, Telangana",
Skyline Print Works 4795,,vendor4795@vendormail.test,9844461905,"256 Commercial Complex, Assam",
Redwood Textiles 4796,18GAHAS6857T6ZR,vendor4796@vendormail.test,9395056145,"4 Market Road, Assam",
Sunrise Consultants 4797,,vendor4797@vendormail.test,9440368338,"574 Market Road, Maharashtra",
Golden Harvest Engineering 4798,,vendor4798@vendormail.test,9250451224,"838 Industrial Estate, Madhya Pradesh",
Silverline Distributors 4799,10WPZRL1189Q4Z4,vendor4799@vendormail.test,9613407133,"141 Market Road, Bihar",
Falcon Office Supplies 4800,24XFOQI5945S2ZC,vendor4800@vendormail.test,9291510099,"821 Commercial Complex, Gujarat",
CloudNet Logistics 4801,36KPJGQ8952A8ZV,vendor4801@vendormail.test,9442564148,"298 Commercial Complex, Telangana",
Metro Hosting 4802,06EQHOL9230W6Z5,vendor4802@vendormail.test,9427773790,"924 Industrial Estate, Haryana",
Zenith Stationery 4803,22NOLPN8411M9ZC,vendor4803@vendormail.test,9600113786,"589 Market Road, Chhattisgarh",
Redwood Advertising 4804,18DGHPE4588G9ZY,vendor4804@vendormail.test,9897422227,"691 Industrial Estate, Assam",
Prime Electricals 4805,22EKGJN9235J9ZE,vendor4805@vendormail.test,9213571425,"841 Market Road, Chhattisgarh",
Prime IT Services 4806,,vendor4806@vendormail.test,9487669399,"541 Market Road, Chhattisgarh",
Delta Packaging 4807,24WYNJS5940K2ZH,vendor4807@vendormail.test,9457922385,"183 Commercial Complex, Gujarat",
Delta Freight 4808,,vendor4808@vendormail.test,9895324757,"451 Market Road, Madhya Pradesh",
Everest Security Services 4809,,vendor4809@vendormail.test,9801826744,"40 Industrial Estate, Jammu and Kashmir",
Redwood Print Works 4810,02GRWMZ8598U3Z7,vendor4810@vendormail.test,9521622168,"228 Industrial Estate, Himachal Pradesh",
Prime Textiles 4811,,vendor4811@vendormail.test,9628637403,"900 Market Road, Gujarat",
Zenith Consultants 4812,,vendor4812@vendormail.test,9555434181,"936 Industrial Estate, Rajasthan",
Ironclad Engineering 4813,,vendor4813@vendormail.test,9752495385,"518 Commercial Complex, Uttarakhand",
Bluepeak Distributors 4814,,vendor4814@vendormail.test,9792978542,"368 Market Road, Assam",
Orbit Office Supplies 4815,23BTQMZ3744P1ZF,vendor4815@vendormail.test,9696586809,"584 Industrial Estate, Madhya Pradesh",
Metro Logistics 4816,22UDMDO7599A7ZY,vendor4816@vendormail.test,9553497134,"870 Market Road, Chhattisgarh",
Zenith Hosting 4817,,vendor4817@vendormail.test,9938463575,"258 Market Road, Uttar Pradesh",
Vertex Stationery 4818,29GLFDA3879I9ZB,vendor4818@vendormail.test,9597803668,"165 Commercial Complex, Karnataka",
Skyline Advertising 4819,23RJFUD9015X5ZP,vendor4819@vendormail.test,9922455062,"297 Industrial Estate, Madhya Pradesh",
Titan Electricals 4820,,vendor4820@vendormail.test,9118053710,"167 Commercial Complex, Sikkim",
BlueWave IT Services 4821,,vendor4821@vendormail.test,9479041291,"43 Market Road, Jammu and Kashmir",
Silverline Packaging 4822,33HBWLG1202T3ZY,vendor4822@vendormail.test,9935688504,"582 Industrial Estate, Tamil Nadu",
Reliable Freight 4823,,vendor4823@vendormail.test,9876157105,"873 Market Road, Kerala",
Apex Security Services 4824,22JJGNO3227W3Z6,vendor4824@vendormail.test,9584851057,"33 Industrial Estate, Chhattisgarh",
Golden Harvest Print Works 4825,07LQFPU4413E4Z6,vendor4825@vendormail.test,9866949758,"455 Market Road, Delhi",
Prime Textiles 4826,,vendor4826@vendormail.test,9791909376,"297 Commercial Complex, Kerala",
Nimbus Consultants 4827,,vendor4827@vendormail.test,9257258584,"479 Commercial Complex, Haryana",
Silverline Engineering 4828,,vendor4828@vendormail.test,9999569543,"462 Market Road, Jammu and Kashmir",
Horizon Distributors 4829,21YKHRT8436B8Z5,vendor4829@vendormail.test,9210518587,"237 Market Road, Odisha",
Fusion Office Supplies 4830,,vendor4830@vendormail.test,9267475727,"738 Industrial Estate, Karnataka",
Anchor Logistics 4831,06OPICT1045L5ZI,vendor4831@vendormail.test,9314233517,"78 Industrial Estate, Haryana",
Silverline Hosting 4832,05JLZZX5600M7Z5,vendor4832@vendormail.test,9427995315,"396 Market Road, Uttarakhand",
Reliable Stationery 4833,18LROGD5535Q3ZU,vendor4833@vendormail.test,9814545551,"10 Market Road, Assam",
Fusion Advertising 4834,,vendor4834@vendormail.test,9185192539,"370 Commercial Complex, Punjab",
Emerald Electricals 4835,09LVJTA5852N6ZN,vendor4835@vendormail.test,9374752646,"864 Industrial Estate, Uttar Pradesh",
Reliable IT Services 4836,05ZTORS7901A3Z4,vendor4836@vendormail.test,9794991164,"759 Market Road, Uttarakhand",
Bluepeak Packaging 4837,,vendor4837@vendormail.test,9931932521,"575 Industrial Estate, Bihar",
Falcon Freight 4838,29LVQLV4392Y6ZK,vendor4838@vendormail.test,9138532622,"103 Market Road, Karnataka",
Orbit Security Services 4839,,vendor4839@vendormail.test,9196505514,"88 Industrial Estate, West Bengal",
Crestline Print Works 4840,,vendor4840@vendormail.test,9997888984,"444 Industrial Estate, Odisha",
BlueWave Textiles 4841,23XKWSQ6632H6Z9,vendor4841@vendormail.test,9182279612,"564 Market Road, Madhya Pradesh",
Falcon Consultants 4842,21QCLCN9779F4Z9,vendor4842@vendormail.test,9859719123,"811 Commercial Complex, Odisha",
Fusion Engineering 4843,18CUWGG7930O4ZD,vendor4843@vendormail.test,9643573691,"833 Market Road, Assam",
Sunrise Distributors 4844,32ACTUD9072W5Z1,vendor4844@vendormail.test,9115127394,"43 Industrial Estate, Kerala",
Redwood Office Supplies 4845,18LXKYD2067A9ZR,vendor4845@vendormail.test,9684827173,"380 Commercial Complex, Assam",
Delta Logistics 4846,,vendor4846@vendormail.test,9306564885,"882 Market Road, Goa",
Crestline Hosting 4847,,vendor4847@vendormail.test,9994905166,"854 Market Road, Rajasthan",
Nimbus Stationery 4848,,vendor4848@vendormail.test,9120718327,"107 Commercial Complex, Uttar Pradesh",
Vertex Advertising 4849,27ZHGCI2740A2ZT,vendor4849@vendormail.test,9443657205,"173 Market Road, Maharashtra",
Anchor Electricals 4850,04LFAEX2143G9Z2,vendor4850@vendormail.test,9448062191,"8 Market Road, Chandigarh",
Metro IT Services 4851,01TSXZF6655V8ZH,vendor4851@vendormail.test,9613663586,"489 Commercial Complex, Jammu and Kashmir",
Apex Packaging 4852,,vendor4852@vendormail.test,9510347233,"296 Industrial Estate, Jharkhand",
Meridian Freight 4853,,vendor4853@vendormail.test,9291093005,"329 Market Road, West Bengal",
Reliable Security Services 4854,09JLTDX1508Q4Z5,vendor4854@vendormail.test,9266265954,"329 Market Road, Uttar Pradesh",
Fusion Print Works 4855,,vendor4855@vendormail.test,9214623036,"402 Market Road, Jharkhand",
Orbit Textiles 4856,24FMICO3047Y1ZK,vendor4856@vendormail.test,9633857413,"29 Market Road, Gujarat",
CloudNet Consultants 4857,09SJSKT1707L3Z5,vendor4857@vendormail.test,9285852754,"195 Market Road, Uttar Pradesh",
Meridian Engineering 4858,18IFIMO1917D6ZL,vendor4858@vendormail.test,9562848054,"838 Market Road, Assam",
Sunrise Distributors 4859,24KSFNN8943X9ZR,vendor4859@vendormail.test,9580533009,"614 Industrial Estate, Gujarat",
Ironclad Office Supplies 4860,,vendor4860@vendormail.test,9446633118,"585 Market Road, West Bengal",
Everest Logistics 4861,09JWFSD5309U9ZH,vendor4861@vendormail.test,9919008598,"262 Industrial Estate, Uttar Pradesh",
Vertex Hosting 4862,32IOJPI6418V9ZJ,vendor4862@vendormail.test,9963479730,"494 Industrial Estate, Kerala",
Delta Stationery 4863,,vendor4863@vendormail.test,9377165901,"118 Commercial Complex, Jammu and Kashmir",
Zenith Advertising 4864,,vendor4864@vendormail.test,9754138202,"712 Commercial Complex, Delhi",
Apex Electricals 4865,23WYHPB7349A7Z5,vendor4865@vendormail.test,9114027350,"877 Market Road, Madhya Pradesh",
Ironclad IT Services 4866,19ZGNDF4532U1ZB,vendor4866@vendormail.test,9823441741,"592 Industrial Estate, West Bengal",
Vertex Packaging 4867,23IOPEI1404E7Z5,vendor4867@vendormail.test,9269463362,"69 Market Road, Madhya Pradesh",
Apex Freight 4868,03ULGDM4942Z7ZO,vendor4868@vendormail.test,9753754594,"456 Market Road, Punjab",
Redwood Security Services 4869,29BKVNH7699R3ZK,vendor4869@vendormail.test,9963011562,"599 Market Road, Karnataka",
Silverline Print Works 4870,07KBICO4401A1ZM,vendor4870@vendormail.test,9130258340,"645 Commercial Complex, Delhi",
Greenfield Textiles 4871,03IPOYM6017Q3Z8,vendor4871@vendormail.test,9586848745,"325 Market Road, Punjab",
Orbit Consultants 4872,,vendor4872@vendormail.test,9833655903,"197 Industrial Estate, Kerala",
Orbit Engineering 4873,,vendor4873@vendormail.test,9361968322,"688 Market Road, Goa",
Sunrise Distributors 4874,,vendor4874@vendormail.test,9193078972,"335 Market Road, Uttarakhand",
Vertex Office Supplies 4875,30YYAYS2634X7ZL,vendor4875@vendormail.test,9252513449,"516 Commercial Complex, Goa",
Pioneer Logistics 4876,08ZZWPV1960J9ZH,vendor4876@vendormail.test,9536393252,"98 Industrial Estate, Rajasthan",
Metro Hosting 4877,06ORTJU2018D6Z8,vendor4877@vendormail.test,9904364522,"904 Market Road, Haryana",
Redwood Stationery 4878,04OJQQW1152F7Z0,vendor4878@vendormail.test,9759780665,"539 Industrial Estate, Chandigarh",
Emerald Advertising 4879,30RSXOT7657N7ZL,vendor4879@vendormail.test,9718142894,"22 Market Road, Goa",
Everest Electricals 4880,10BEUSY2170V8ZW,vendor4880@vendormail.test,9817138317,"823 Commercial Complex, Bihar",
Vertex IT Services 4881,11BNDWV5494P4ZB,vendor4881@vendormail.test,9202153659,"608 Industrial Estate, Sikkim",
Prime Packaging 4882,01WHNNH9966G4ZW,vendor4882@vendormail.test,9550138394,"479 Industrial Estate, Jammu and Kashmir",
Sunrise Freight 4883,32BQAHM5533X3Z3,vendor4883@vendormail.test,9285765746,"958 Industrial Estate, Kerala",
BlueWave Security Services 4884,18NAACU2225O5Z8,vendor4884@vendormail.test,9955262670,"608 Market Road, Assam",
Horizon Print Works 4885,01ZNKGZ4910U9ZR,vendor4885@vendormail.test,9168496987,"788 Commercial Complex, Jammu and Kashmir",
Apex Textiles 4886,27NYZZB3213S1ZE,vendor4886@vendormail.test,9523223165,"733 Commercial Complex, Maharashtra",
Fusion Consultants 4887,,vendor4887@vendormail.test,9175107374,"475 Commercial Complex, Assam",
Vertex Engineering 4888,37TGHZL7859J8Z7,vendor4888@vendormail.test,9805581263,"809 Market Road, Andhra Pradesh",
Skyline Distributors 4889,,vendor4889@vendormail.test,9957676070,"668 Industrial Estate, Sikkim",
Metro Office Supplies 4890,01GNSSV6255W3Z2,vendor4890@vendormail.test,9953957155,"985 Commercial Complex, Jammu and Kashmir",
Fusion Logistics 4891,19AAVJS6620N4Z0,vendor4891@vendormail.test,9350102139,"909 Industrial Estate, West Bengal",
Falcon Hosting 4892,,vendor4892@vendormail.test,9770913331,"987 Industrial Estate, Maharashtra",
Northstar Stationery 4893,36QRXGZ4580H8ZE,vendor4893@vendormail.test,9286691467,"251 Commercial Complex, Telangana",
CloudNet Advertising 4894,,vendor4894@vendormail.test,9226334725,"622 Industrial Estate, Jharkhand",
Anchor Electricals 4895,,vendor4895@vendormail.test,9816010235,"749 Commercial Complex, Tamil Nadu",
Silverline IT Services 4896,,vendor4896@vendormail.test,9228082702,"629 Market Road, West Bengal",
Falcon Packaging 4897,24SYQOU2083N7ZM,vendor4897@vendormail.test,9386665580,"666 Industrial Estate, Gujarat",
BlueWave Freight 4898,11JTEDL5485E1Z2,vendor4898@vendormail.test,9977690874,"947 Market Road, Sikkim",
Meridian Security Services 4899,30MTYBL6616M5Z9,vendor4899@vendormail.test,9549434477,"845 Commercial Complex, Goa",
Bluepeak Print Works 4900,,vendor4900@vendormail.test,9988439405,"227 Commercial Complex, Uttar Pradesh",
Prime Textiles 4901,,vendor4901@vendormail.test,9348204668,"864 Commercial Complex, Maharashtra",
Everest Consultants 4902,,vendor4902@vendormail.test,9742007724,"965 Industrial Estate, Sikkim",
Meridian Engineering 4903,30ZRZBE2765Q9ZK,vendor4903@vendormail.test,9699068189,"114 Commercial Complex, Goa",
BlueWave Distributors 4904,11XGHWZ2874A3ZL,vendor4904@vendormail.test,9135806326,"76 Industrial Estate, Sikkim",
Pioneer Office Supplies 4905,20AWYDN4096O1Z5,vendor4905@vendormail.test,9286938462,"954 Commercial Complex, Jharkhand",
CloudNet Logistics 4906,27FZRBV3504Z4ZK,vendor4906@vendormail.test,9682830115,"712 Commercial Complex, Maharashtra",
Apex Hosting 4907,09AKDHM5969X9ZZ,vendor4907@vendormail.test,9146983013,"23 Commercial Complex, Uttar Pradesh",
Prime Stationery 4908,,vendor4908@vendormail.test,9834882102,"525 Market Road, Maharashtra",
Bluepeak Advertising 4909,21RPQZP3865O7ZB,vendor4909@vendormail.test,9988410364,"809 Commercial Complex, Odisha",
Meridian Electricals 4910,32ZEVXU8088X3Z3,vendor4910@vendormail.test,9691699817,"170 Market Road, Kerala",
Northstar IT Services 4911,36XFNSM6182H8ZR,vendor4911@vendormail.test,9156207895,"77 Market Road, Telangana",
Apex Packaging 4912,09TAYXI5792G3ZA,vendor4912@vendormail.test,9541680268,"809 Commercial Complex, Uttar Pradesh",
Northstar Freight 4913,,vendor4913@vendormail.test,9226347470,"150 Commercial Complex, Rajasthan",
Zenith Security Services 4914,37NYZPK6182Y5ZV,vendor4914@vendormail.test,9584514483,"244 Commercial Complex, Andhra Pradesh",
Crestline Print Works 4915,11HFWGJ2179N3ZX,vendor4915@vendormail.test,9295621640,"229 Industrial Estate, Sikkim",
Crestline Textiles 4916,,vendor4916@vendormail.test,9692790757,"70 Market Road, Kerala",
Crestline Consultants 4917,32TZQPI1246I6ZJ,vendor4917@vendormail.test,9400903133,"150 Market Road, Kerala",
BlueWave Engineering 4918,20RFQNY8398Y7ZH,vendor4918@vendormail.test,9366978906,"124 Market Road, Jharkhand",
Ironclad Distributors 4919,22SFUVI1685A3ZI,vendor4919@vendormail.test,9109422518,"724 Industrial Estate, Chhattisgarh",
Meridian Office Supplies 4920,,vendor4920@vendormail.test,9926771693,"467 Market Road, Jharkhand",
Orbit Logistics 4921,,vendor4921@vendormail.test,9486331658,"106 Industrial Estate, Maharashtra",
Vertex Hosting 4922,,vendor4922@vendormail.test,9437049726,"501 Industrial Estate, Jammu and Kashmir",
Ironclad Stationery 4923,07QUZNE1960B1ZC,vendor4923@vendormail.test,9333968210,"602 Industrial Estate, Delhi",
Falcon Advertising 4924,02OBYVX2840Y1ZM,vendor4924@vendormail.test,9683961258,"864 Market Road, Himachal Pradesh",
Vertex Electricals 4925,11CHMPE7012J1ZF,vendor4925@vendormail.test,9968116639,"927 Commercial Complex, Sikkim",
Apex IT Services 4926,,vendor4926@vendormail.test,9738462886,"364 Market Road, Uttarakhand",
Meridian Packaging 4927,08NBMPI5957F3ZD,vendor4927@vendormail.test,9486071458,"563 Market Road, Rajasthan",
Metro Freight 4928,,vendor4928@vendormail.test,9658526051,"233 Commercial Complex, Tamil Nadu",
Everest Security Services 4929,,vendor4929@vendormail.test,9617630186,"338 Commercial Complex, Madhya Pradesh",
Prime Print Works 4930,,vendor4930@vendormail.test,9330239856,"186 Commercial Complex, West Bengal",
Titan Textiles 4931,10YKBMP9366I3ZL,vendor4931@vendormail.test,9125437343,"858 Market Road, Bihar",
Sunrise Consultants 4932,36HUCBB1992T8ZB,vendor4932@vendormail.test,9891811646,"442 Commercial Complex, Telangana",
Silverline Engineering 4933,36GECYX4528L1Z6,vendor4933@vendormail.test,9857352619,"832 Industrial Estate, Telangana",
Fusion Distributors 4934,06FUMBD3015Y4ZQ,vendor4934@vendormail.test,9289935252,"702 Market Road, Haryana",
Silverline Office Supplies 4935,18CHTGT1152K4Z3,vendor4935@vendormail.test,9722796585,"932 Market Road, Assam",
Ironclad Logistics 4936,,vendor4936@vendormail.test,9213488585,"736 Commercial Complex, Maharashtra",
Crestline Hosting 4937,,vendor4937@vendormail.test,9260525721,"566 Market Road, Chhattisgarh",
Vertex Stationery 4938,10QCTLS4066M2ZM,vendor4938@vendormail.test,9522961381,"146 Commercial Complex, Bihar",
CloudNet Advertising 4939,,vendor4939@vendormail.test,9227229438,"590 Industrial Estate, Kerala",
Delta Electricals 4940,,vendor4940@vendormail.test,9771222628,"204 Market Road, Kerala",
Redwood IT Services 4941,27FPWGY1463K6ZR,vendor4941@vendormail.test,9936508391,"648 Commercial Complex, Maharashtra",
CloudNet Packaging 4942,,vendor4942@vendormail.test,9694615778,"187 Commercial Complex, Punjab",
Sunrise Freight 4943,37WKVWW3277N9Z0,vendor4943@vendormail.test,9201741942,"860 Industrial Estate, Andhra Pradesh",
Orbit Security Services 4944,,vendor4944@vendormail.test,9421387586,"305 Commercial Complex, Andhra Pradesh",
Horizon Print Works 4945,,vendor4945@vendormail.test,9624295015,"993 Commercial Complex, Goa",
Northstar Textiles 4946,27ZOREK5775G4ZM,vendor4946@vendormail.test,9988291609,"732 Market Road, Maharashtra",
Silverline Consultants 4947,,vendor4947@vendormail.test,9749387559,"922 Market Road, Telangana",
Emerald Engineering 4948,37ETOBO7527W3ZW,vendor4948@vendormail.test,9279011609,"364 Market Road, Andhra Pradesh",
Reliable Distributors 4949,,vendor4949@vendormail.test,9365635556,"721 Industrial Estate, Jammu and Kashmir",
Emerald Office Supplies 4950,29TUBSB6833E2ZT,vendor4950@vendormail.test,9876566655,"519 Commercial Complex, Karnataka",
Crestline Logistics 4951,11BGUYP4037U7ZI,vendor4951@vendormail.test,9184348862,"926 Market Road, Sikkim",
Delta Hosting 4952,,vendor4952@vendormail.test,9212207926,"306 Commercial Complex, Rajasthan",
Delta Stationery 4953,30JEXRT1050D5ZZ,vendor4953@vendormail.test,9845530009,"106 Industrial Estate, Goa",
Horizon Advertising 4954,04VMRXJ9940M2ZV,vendor4954@vendormail.test,9144591191,"950 Market Road, Chandigarh",
Fusion Electricals 4955,03BQUXW4189A7ZH,vendor4955@vendormail.test,9472286766,"303 Commercial Complex, Punjab",
Everest IT Services 4956,11MMZGM4370Y2ZF,vendor4956@vendormail.test,9918027398,"600 Commercial Complex, Sikkim",
Silverline Packaging 4957,33LBFVZ1148N4ZJ,vendor4957@vendormail.test,9696564400,"720 Market Road, Tamil Nadu",
Vertex Freight 4958,,vendor4958@vendormail.test,9170006785,"780 Commercial Complex, Gujarat",
Pioneer Security Services 4959,32IZTKQ6557K2ZV,vendor4959@vendormail.test,9290727105,"772 Commercial Complex, Kerala",
Apex Print Works 4960,11RPCUC4230U7ZQ,vendor4960@vendormail.test,9399373505,"793 Industrial Estate, Sikkim",
Redwood Textiles 4961,06FZVAI6748Y3ZC,vendor4961@vendormail.test,9665585844,"772 Industrial Estate, Haryana",
Metro Consultants 4962,29JNTRO4772C2ZS,vendor4962@vendormail.test,9736037189,"416 Industrial Estate, Karnataka",
Ironclad Engineering 4963,22KGVHR3463D2Z4,vendor4963@vendormail.test,9921097327,"53 Commercial Complex, Chhattisgarh",
Golden Harvest Distributors 4964,,vendor4964@vendormail.test,9219179569,"512 Market Road, Goa",
Pioneer Office Supplies 4965,37KADAS4468V1ZK,vendor4965@vendormail.test,9769971620,"894 Industrial Estate, Andhra Pradesh",
Reliable Logistics 4966,18PSNUS2665D3ZH,vendor4966@vendormail.test,9135580727,"344 Market Road, Assam",
Vertex Hosting 4967,,vendor4967@vendormail.test,9300267404,"701 Commercial Complex, Punjab",
Crestline Stationery 4968,05SFADK4854F3ZH,vendor4968@vendormail.test,9584849079,"106 Industrial Estate, Uttarakhand",
CloudNet Advertising 4969,,vendor4969@vendormail.test,9742139914,"737 Commercial Complex, Himachal Pradesh",
Falcon Electricals 4970,10AFFJN9850N2ZR,vendor4970@vendormail.test,9690922098,"57 Industrial Estate, Bihar",
Sunrise IT Services 4971,20JURFS1632H9Z4,vendor4971@vendormail.test,9443497452,"657 Commercial Complex, Jharkhand",
Horizon Packaging 4972,,vendor4972@vendormail.test,9512806634,"907 Industrial Estate, Odisha",
CloudNet Freight 4973,24DFHZG1343W5Z4,vendor4973@vendormail.test,9196764312,"316 Industrial Estate, Gujarat",
Vertex Security Services 4974,01JTFZH2603J2Z1,vendor4974@vendormail.test,9226006676,"660 Market Road, Jammu and Kashmir",
Everest Print Works 4975,23GIVKC7468F4ZI,vendor4975@vendormail.test,9782168501,"413 Market Road, Madhya Pradesh",
Orbit Textiles 4976,18CFMMZ1071L6ZW,vendor4976@vendormail.test,9744947239,"12 Market Road, Assam",
Skyline Consultants 4977,,vendor4977@vendormail.test,9215480076,"16 Industrial Estate, Delhi",
Titan Engineering 4978,20PFXHP9224U3ZD,vendor4978@vendormail.test,9750324970,"870 Commercial Complex, Jharkhand",
Redwood Distributors 4979,,vendor4979@vendormail.test,9639394839,"77 Industrial Estate, West Bengal",
Delta Office Supplies 4980,23SVATQ3407M6ZF,vendor4980@vendormail.test,9752740886,"53 Commercial Complex, Madhya Pradesh",
Apex Logistics 4981,,vendor4981@vendormail.test,9424630553,"146 Industrial Estate, Bihar",
Fusion Hosting 4982,01VATWX2673Z3Z9,vendor4982@vendormail.test,9635313203,"363 Market Road, Jammu and Kashmir",
Metro Stationery 4983,32WNQUU2214G7ZD,vendor4983@vendormail.test,9979582920,"936 Commercial Complex, Kerala",
Falcon Advertising 4984,22GUVDH6513I9ZL,vendor4984@vendormail.test,9587108428,"102 Market Road, Chhattisgarh",
Emerald Electricals 4985,01HLKEO3561L9ZT,vendor4985@vendormail.test,9917805767,"487 Market Road, Jammu and Kashmir",
Sunrise IT Services 4986,05DWVYR6957T1ZW,vendor4986@vendormail.test,9342533060,"47 Commercial Complex, Uttarakhand",
Prime Packaging 4987,,vendor4987@vendormail.test,9999227785,"89 Market Road, Andhra Pradesh",
Meridian Freight 4988,,vendor4988@vendormail.test,9160375714,"403 Industrial Estate, Bihar",
Meridian Security Services 4989,,vendor4989@vendormail.test,9486992886,"636 Industrial Estate, Karnataka",
Vertex Print Works 4990,,vendor4990@vendormail.test,9770353054,"456 Commercial Complex, Himachal Pradesh",
BlueWave Textiles 4991,08GYFZU1119S4ZN,vendor4991@vendormail.test,9196112716,"534 Commercial Complex, Rajasthan",
Ironclad Consultants 4992,08RNIBG7284T4ZZ,vendor4992@vendormail.test,9504104637,"985 Market Road, Rajasthan",
Ironclad Engineering 4993,27BOBPN1009P4ZK,vendor4993@vendormail.test,9924340305,"97 Market Road, Maharashtra",
Pioneer Distributors 4994,,vendor4994@vendormail.test,9481337813,"127 Commercial Complex, Goa",
Silverline Office Supplies 4995,,vendor4995@vendormail.test,9625598870,"709 Industrial Estate, Karnataka",
Prime Logistics 4996,,vendor4996@vendormail.test,9521436815,"33 Commercial Complex, Madhya Pradesh",
Crestline Hosting 4997,,vendor4997@vendormail.test,9911013363,"752 Commercial Complex, Odisha",
Reliable Stationery 4998,37UMSJS9244V7Z9,vendor4998@vendormail.test,9128493076,"302 Commercial Complex, Andhra Pradesh",
Vertex Advertising 4999,,vendor4999@vendormail.test,9157265849,"800 Market Road, Maharashtra",
Invalid Vendor 1,091755640882114,vendorinvalid0@test.test,,1 Test Lane,invalid_gstin
Invalid Vendor 2,99PHJKZ5235V,vendorinvalid1@test.test,,1 Test Lane,invalid_gstin
Invalid Vendor 3,GSTIN8532067953,vendorinvalid2@test.test,,1 Test Lane,invalid_gstin
Invalid Vendor 4,99QQATI1454J,vendorinvalid3@test.test,,1 Test Lane,invalid_gstin
Invalid Vendor 5,99SSVRK7713L,vendorinvalid4@test.test,,1 Test Lane,invalid_gstin
Invalid Vendor 6,99AKWZG3285S,vendorinvalid5@test.test,,1 Test Lane,invalid_gstin
