company_name,category_name,month,amount
Sunrise Pvt Ltd,Office Supplies,2022-01,72452.22
Sunrise Pvt Ltd,Office Supplies,2022-02,85257.49
Sunrise Pvt Ltd,Office Supplies,2022-03,78873.25
Sunrise Pvt Ltd,Office Supplies,2022-04,76137.06
Sunrise Pvt Ltd,Office Supplies,2022-05,75401.99
Sunrise Pvt Ltd,Office Supplies,2022-06,71232.93
Sunrise Pvt Ltd,Office Supplies,2022-07,81508.65
Sunrise Pvt Ltd,Office Supplies,2022-08,70366.71
Sunrise Pvt Ltd,Office Supplies,2022-09,80453.53
Sunrise Pvt Ltd,Office Supplies,2022-10,80164.41
Sunrise Pvt Ltd,Office Supplies,2022-11,82517.46
Sunrise Pvt Ltd,Office Supplies,2022-12,68270.42
Sunrise Pvt Ltd,Office Supplies,2023-01,77321.95
Sunrise Pvt Ltd,Office Supplies,2023-02,77409.74
Sunrise Pvt Ltd,Office Supplies,2023-03,83266.03
Sunrise Pvt Ltd,Office Supplies,2023-04,82834.7
Sunrise Pvt Ltd,Office Supplies,2023-05,65988.72
Sunrise Pvt Ltd,Office Supplies,2023-06,81865.27
Sunrise Pvt Ltd,Office Supplies,2023-07,80692.16
Sunrise Pvt Ltd,Office Supplies,2023-08,85536.74
Sunrise Pvt Ltd,Office Supplies,2023-09,80813.17
Sunrise Pvt Ltd,Office Supplies,2023-10,85728.79
Sunrise Pvt Ltd,Office Supplies,2023-11,72618.04
Sunrise Pvt Ltd,Office Supplies,2023-12,67386.41
Sunrise Pvt Ltd,Office Supplies,2024-01,84549.43
Sunrise Pvt Ltd,Office Supplies,2024-02,66480.59
Sunrise Pvt Ltd,Office Supplies,2024-03,75197.4
Sunrise Pvt Ltd,Office Supplies,2024-04,68675.11
Sunrise Pvt Ltd,Office Supplies,2024-05,83155.0
Sunrise Pvt Ltd,Office Supplies,2024-06,75329.97
Sunrise Pvt Ltd,Office Supplies,2024-07,71317.25
Sunrise Pvt Ltd,Office Supplies,2024-08,72542.45
Sunrise Pvt Ltd,Office Supplies,2024-09,85846.65
Sunrise Pvt Ltd,Office Supplies,2024-10,85055.41
Sunrise Pvt Ltd,Office Supplies,2024-11,82739.04
Sunrise Pvt Ltd,Office Supplies,2024-12,78877.18
Sunrise Pvt Ltd,Office Supplies,2025-01,80247.69
Sunrise Pvt Ltd,Office Supplies,2025-02,66688.78
Sunrise Pvt Ltd,Office Supplies,2025-03,72834.8
Sunrise Pvt Ltd,Office Supplies,2025-04,77580.55
Sunrise Pvt Ltd,Office Supplies,2025-05,68125.78
Sunrise Pvt Ltd,Office Supplies,2025-06,84782.83
Sunrise Pvt Ltd,Office Supplies,2025-07,65520.3
Sunrise Pvt Ltd,Office Supplies,2025-08,64970.8
Sunrise Pvt Ltd,Office Supplies,2025-09,84261.29
Sunrise Pvt Ltd,Office Supplies,2025-10,80928.92
Sunrise Pvt Ltd,Office Supplies,2025-11,65781.74
Sunrise Pvt Ltd,Office Supplies,2025-12,75069.13
Sunrise Pvt Ltd,Office Supplies,2026-01,83823.65
Sunrise Pvt Ltd,Office Supplies,2026-02,83374.21
Sunrise Pvt Ltd,Office Supplies,2026-03,81300.82
Sunrise Pvt Ltd,Office Supplies,2026-04,64666.6
Sunrise Pvt Ltd,Office Supplies,2026-05,85823.4
Sunrise Pvt Ltd,Office Supplies,2026-06,81334.87
Sunrise Pvt Ltd,Office Supplies,2026-07,68745.88
Sunrise Pvt Ltd,Rent,2022-01,245606.56
Sunrise Pvt Ltd,Rent,2022-02,244861.33
Sunrise Pvt Ltd,Rent,2022-03,268157.11
Sunrise Pvt Ltd,Rent,2022-04,290897.42
Sunrise Pvt Ltd,Rent,2022-05,294938.98
Sunrise Pvt Ltd,Rent,2022-06,226081.88
Sunrise Pvt Ltd,Rent,2022-07,224109.24
Sunrise Pvt Ltd,Rent,2022-08,248783.11
Sunrise Pvt Ltd,Rent,2022-09,291764.68
Sunrise Pvt Ltd,Rent,2022-10,232431.57
Sunrise Pvt Ltd,Rent,2022-11,297151.35
Sunrise Pvt Ltd,Rent,2022-12,223995.22
Sunrise Pvt Ltd,Rent,2023-01,255601.59
Sunrise Pvt Ltd,Rent,2023-02,298689.93
Sunrise Pvt Ltd,Rent,2023-03,255310.28
Sunrise Pvt Ltd,Rent,2023-04,254208.53
Sunrise Pvt Ltd,Rent,2023-05,237848.42
Sunrise Pvt Ltd,Rent,2023-06,278672.11
Sunrise Pvt Ltd,Rent,2023-07,286892.03
Sunrise Pvt Ltd,Rent,2023-08,256930.28
Sunrise Pvt Ltd,Rent,2023-09,266544.34
Sunrise Pvt Ltd,Rent,2023-10,286479.78
Sunrise Pvt Ltd,Rent,2023-11,290151.77
Sunrise Pvt Ltd,Rent,2023-12,247265.18
Sunrise Pvt Ltd,Rent,2024-01,233146.75
Sunrise Pvt Ltd,Rent,2024-02,235587.78
Sunrise Pvt Ltd,Rent,2024-03,276486.48
Sunrise Pvt Ltd,Rent,2024-04,232539.4
Sunrise Pvt Ltd,Rent,2024-05,248783.89
Sunrise Pvt Ltd,Rent,2024-06,268090.84
Sunrise Pvt Ltd,Rent,2024-07,226625.31
Sunrise Pvt Ltd,Rent,2024-08,291790.25
Sunrise Pvt Ltd,Rent,2024-09,298801.22
Sunrise Pvt Ltd,Rent,2024-10,259278.32
Sunrise Pvt Ltd,Rent,2024-11,286042.27
Sunrise Pvt Ltd,Rent,2024-12,287192.94
Sunrise Pvt Ltd,Rent,2025-01,258904.52
Sunrise Pvt Ltd,Rent,2025-02,230383.49
Sunrise Pvt Ltd,Rent,2025-03,277127.35
Sunrise Pvt Ltd,Rent,2025-04,231414.58
Sunrise Pvt Ltd,Rent,2025-05,290143.9
Sunrise Pvt Ltd,Rent,2025-06,234235.75
Sunrise Pvt Ltd,Rent,2025-07,296491.58
Sunrise Pvt Ltd,Rent,2025-08,235973.24
Sunrise Pvt Ltd,Rent,2025-09,302226.76
Sunrise Pvt Ltd,Rent,2025-10,294907.69
Sunrise Pvt Ltd,Rent,2025-11,272337.18
Sunrise Pvt Ltd,Rent,2025-12,259294.26
Sunrise Pvt Ltd,Rent,2026-01,270332.57
Sunrise Pvt Ltd,Rent,2026-02,299190.84
Sunrise Pvt Ltd,Rent,2026-03,238606.78
Sunrise Pvt Ltd,Rent,2026-04,282767.34
Sunrise Pvt Ltd,Rent,2026-05,290365.29
Sunrise Pvt Ltd,Rent,2026-06,230628.04
Sunrise Pvt Ltd,Rent,2026-07,256721.8
Sunrise Pvt Ltd,Utilities,2022-01,59106.43
Sunrise Pvt Ltd,Utilities,2022-02,64495.6
Sunrise Pvt Ltd,Utilities,2022-03,58768.29
Sunrise Pvt Ltd,Utilities,2022-04,52036.73
Sunrise Pvt Ltd,Utilities,2022-05,63172.97
Sunrise Pvt Ltd,Utilities,2022-06,56213.9
Sunrise Pvt Ltd,Utilities,2022-07,64978.5
Sunrise Pvt Ltd,Utilities,2022-08,56599.7
Sunrise Pvt Ltd,Utilities,2022-09,50373.19
Sunrise Pvt Ltd,Utilities,2022-10,58561.98
Sunrise Pvt Ltd,Utilities,2022-11,52313.17
Sunrise Pvt Ltd,Utilities,2022-12,54796.92
Sunrise Pvt Ltd,Utilities,2023-01,58227.77
Sunrise Pvt Ltd,Utilities,2023-02,56998.31
Sunrise Pvt Ltd,Utilities,2023-03,57296.13
Sunrise Pvt Ltd,Utilities,2023-04,53135.02
Sunrise Pvt Ltd,Utilities,2023-05,55317.38
Sunrise Pvt Ltd,Utilities,2023-06,60820.14
Sunrise Pvt Ltd,Utilities,2023-07,64897.38
Sunrise Pvt Ltd,Utilities,2023-08,65087.21
Sunrise Pvt Ltd,Utilities,2023-09,60621.48
Sunrise Pvt Ltd,Utilities,2023-10,57256.73
Sunrise Pvt Ltd,Utilities,2023-11,66531.6
Sunrise Pvt Ltd,Utilities,2023-12,52001.37
Sunrise Pvt Ltd,Utilities,2024-01,64545.52
Sunrise Pvt Ltd,Utilities,2024-02,63474.16
Sunrise Pvt Ltd,Utilities,2024-03,56722.54
Sunrise Pvt Ltd,Utilities,2024-04,53579.15
Sunrise Pvt Ltd,Utilities,2024-05,63121.49
Sunrise Pvt Ltd,Utilities,2024-06,60098.05
Sunrise Pvt Ltd,Utilities,2024-07,62046.73
Sunrise Pvt Ltd,Utilities,2024-08,58469.24
Sunrise Pvt Ltd,Utilities,2024-09,49764.33
Sunrise Pvt Ltd,Utilities,2024-10,63912.38
Sunrise Pvt Ltd,Utilities,2024-11,51452.39
Sunrise Pvt Ltd,Utilities,2024-12,62492.61
Sunrise Pvt Ltd,Utilities,2025-01,59443.07
Sunrise Pvt Ltd,Utilities,2025-02,66666.9
Sunrise Pvt Ltd,Utilities,2025-03,57249.08
Sunrise Pvt Ltd,Utilities,2025-04,57129.65
Sunrise Pvt Ltd,Utilities,2025-05,62387.36
Sunrise Pvt Ltd,Utilities,2025-06,58735.36
Sunrise Pvt Ltd,Utilities,2025-07,65301.86
Sunrise Pvt Ltd,Utilities,2025-08,52688.3
Sunrise Pvt Ltd,Utilities,2025-09,61295.38
Sunrise Pvt Ltd,Utilities,2025-10,52422.26
Sunrise Pvt Ltd,Utilities,2025-11,60939.0
Sunrise Pvt Ltd,Utilities,2025-12,58276.61
Sunrise Pvt Ltd,Utilities,2026-01,54530.33
Sunrise Pvt Ltd,Utilities,2026-02,57068.7
Sunrise Pvt Ltd,Utilities,2026-03,57778.19
Sunrise Pvt Ltd,Utilities,2026-04,50648.45
Sunrise Pvt Ltd,Utilities,2026-05,57763.68
Sunrise Pvt Ltd,Utilities,2026-06,63972.17
Sunrise Pvt Ltd,Utilities,2026-07,63095.88
Sunrise Pvt Ltd,Salaries,2022-01,438198.84
Sunrise Pvt Ltd,Salaries,2022-02,374198.49
Sunrise Pvt Ltd,Salaries,2022-03,384198.76
Sunrise Pvt Ltd,Salaries,2022-04,383586.23
Sunrise Pvt Ltd,Salaries,2022-05,442223.16
Sunrise Pvt Ltd,Salaries,2022-06,379536.33
Sunrise Pvt Ltd,Salaries,2022-07,423101.69
Sunrise Pvt Ltd,Salaries,2022-08,394571.54
Sunrise Pvt Ltd,Salaries,2022-09,380901.76
Sunrise Pvt Ltd,Salaries,2022-10,380284.89
Sunrise Pvt Ltd,Salaries,2022-11,444405.52
Sunrise Pvt Ltd,Salaries,2022-12,419922.76
Sunrise Pvt Ltd,Salaries,2023-01,446691.89
Sunrise Pvt Ltd,Salaries,2023-02,405246.92
Sunrise Pvt Ltd,Salaries,2023-03,352741.95
Sunrise Pvt Ltd,Salaries,2023-04,396082.27
Sunrise Pvt Ltd,Salaries,2023-05,433468.62
Sunrise Pvt Ltd,Salaries,2023-06,348259.55
Sunrise Pvt Ltd,Salaries,2023-07,389553.87
Sunrise Pvt Ltd,Salaries,2023-08,409217.55
Sunrise Pvt Ltd,Salaries,2023-09,389797.92
Sunrise Pvt Ltd,Salaries,2023-10,425932.41
Sunrise Pvt Ltd,Salaries,2023-11,452007.96
Sunrise Pvt Ltd,Salaries,2023-12,431788.39
Sunrise Pvt Ltd,Salaries,2024-01,341120.78
Sunrise Pvt Ltd,Salaries,2024-02,445698.53
Sunrise Pvt Ltd,Salaries,2024-03,341920.82
Sunrise Pvt Ltd,Salaries,2024-04,355461.83
Sunrise Pvt Ltd,Salaries,2024-05,370749.49
Sunrise Pvt Ltd,Salaries,2024-06,336956.39
Sunrise Pvt Ltd,Salaries,2024-07,396044.97
Sunrise Pvt Ltd,Salaries,2024-08,391066.07
Sunrise Pvt Ltd,Salaries,2024-09,407357.84
Sunrise Pvt Ltd,Salaries,2024-10,443991.81
Sunrise Pvt Ltd,Salaries,2024-11,395233.45
Sunrise Pvt Ltd,Salaries,2024-12,359764.57
Sunrise Pvt Ltd,Salaries,2025-01,368424.05
Sunrise Pvt Ltd,Salaries,2025-02,445478.23
Sunrise Pvt Ltd,Salaries,2025-03,364573.9
Sunrise Pvt Ltd,Salaries,2025-04,450714.43
Sunrise Pvt Ltd,Salaries,2025-05,423488.99
Sunrise Pvt Ltd,Salaries,2025-06,387365.87
Sunrise Pvt Ltd,Salaries,2025-07,391794.69
Sunrise Pvt Ltd,Salaries,2025-08,447137.41
Sunrise Pvt Ltd,Salaries,2025-09,428214.79
Sunrise Pvt Ltd,Salaries,2025-10,379515.38
Sunrise Pvt Ltd,Salaries,2025-11,435866.18
Sunrise Pvt Ltd,Salaries,2025-12,407863.61
Sunrise Pvt Ltd,Salaries,2026-01,423063.7
Sunrise Pvt Ltd,Salaries,2026-02,353666.9
Sunrise Pvt Ltd,Salaries,2026-03,441897.55
Sunrise Pvt Ltd,Salaries,2026-04,355681.16
Sunrise Pvt Ltd,Salaries,2026-05,370070.29
Sunrise Pvt Ltd,Salaries,2026-06,424308.68
Sunrise Pvt Ltd,Salaries,2026-07,369056.95
Sunrise Pvt Ltd,Travel,2022-01,156432.26
Sunrise Pvt Ltd,Travel,2022-02,178876.52
Sunrise Pvt Ltd,Travel,2022-03,185143.45
Sunrise Pvt Ltd,Travel,2022-04,169167.95
Sunrise Pvt Ltd,Travel,2022-05,168208.41
Sunrise Pvt Ltd,Travel,2022-06,151391.39
Sunrise Pvt Ltd,Travel,2022-07,189976.68
Sunrise Pvt Ltd,Travel,2022-08,164853.67
Sunrise Pvt Ltd,Travel,2022-09,180567.88
Sunrise Pvt Ltd,Travel,2022-10,152689.75
Sunrise Pvt Ltd,Travel,2022-11,156110.77
Sunrise Pvt Ltd,Travel,2022-12,198650.0
Sunrise Pvt Ltd,Travel,2023-01,196770.73
Sunrise Pvt Ltd,Travel,2023-02,193016.17
Sunrise Pvt Ltd,Travel,2023-03,173493.13
Sunrise Pvt Ltd,Travel,2023-04,168584.76
Sunrise Pvt Ltd,Travel,2023-05,160777.91
Sunrise Pvt Ltd,Travel,2023-06,160132.89
Sunrise Pvt Ltd,Travel,2023-07,166949.22
Sunrise Pvt Ltd,Travel,2023-08,182884.87
Sunrise Pvt Ltd,Travel,2023-09,173931.22
Sunrise Pvt Ltd,Travel,2023-10,182538.84
Sunrise Pvt Ltd,Travel,2023-11,159366.59
Sunrise Pvt Ltd,Travel,2023-12,179166.2
Sunrise Pvt Ltd,Travel,2024-01,155240.92
Sunrise Pvt Ltd,Travel,2024-02,174763.23
Sunrise Pvt Ltd,Travel,2024-03,159167.76
Sunrise Pvt Ltd,Travel,2024-04,165539.21
Sunrise Pvt Ltd,Travel,2024-05,155658.65
Sunrise Pvt Ltd,Travel,2024-06,190654.41
Sunrise Pvt Ltd,Travel,2024-07,167232.52
Sunrise Pvt Ltd,Travel,2024-08,160402.87
Sunrise Pvt Ltd,Travel,2024-09,179824.29
Sunrise Pvt Ltd,Travel,2024-10,160424.64
Sunrise Pvt Ltd,Travel,2024-11,196130.64
Sunrise Pvt Ltd,Travel,2024-12,175837.42
Sunrise Pvt Ltd,Travel,2025-01,190199.23
Sunrise Pvt Ltd,Travel,2025-02,188533.85
Sunrise Pvt Ltd,Travel,2025-03,156829.2
Sunrise Pvt Ltd,Travel,2025-04,149247.62
Sunrise Pvt Ltd,Travel,2025-05,180235.74
Sunrise Pvt Ltd,Travel,2025-06,196305.36
Sunrise Pvt Ltd,Travel,2025-07,160236.94
Sunrise Pvt Ltd,Travel,2025-08,151256.6
Sunrise Pvt Ltd,Travel,2025-09,185466.76
Sunrise Pvt Ltd,Travel,2025-10,157984.32
Sunrise Pvt Ltd,Travel,2025-11,164392.04
Sunrise Pvt Ltd,Travel,2025-12,188779.55
Sunrise Pvt Ltd,Travel,2026-01,196924.24
Sunrise Pvt Ltd,Travel,2026-02,194493.07
Sunrise Pvt Ltd,Travel,2026-03,179470.26
Sunrise Pvt Ltd,Travel,2026-04,193337.56
Sunrise Pvt Ltd,Travel,2026-05,166060.93
Sunrise Pvt Ltd,Travel,2026-06,185455.83
Sunrise Pvt Ltd,Travel,2026-07,149848.78
Sunrise Pvt Ltd,Marketing,2022-01,181686.91
Sunrise Pvt Ltd,Marketing,2022-02,177507.31
Sunrise Pvt Ltd,Marketing,2022-03,152878.08
Sunrise Pvt Ltd,Marketing,2022-04,204616.74
Sunrise Pvt Ltd,Marketing,2022-05,159051.94
Sunrise Pvt Ltd,Marketing,2022-06,172936.95
Sunrise Pvt Ltd,Marketing,2022-07,168285.21
Sunrise Pvt Ltd,Marketing,2022-08,195954.88
Sunrise Pvt Ltd,Marketing,2022-09,181698.79
Sunrise Pvt Ltd,Marketing,2022-10,171380.62
Sunrise Pvt Ltd,Marketing,2022-11,204417.1
Sunrise Pvt Ltd,Marketing,2022-12,200725.04
Sunrise Pvt Ltd,Marketing,2023-01,159139.07
Sunrise Pvt Ltd,Marketing,2023-02,165608.29
Sunrise Pvt Ltd,Marketing,2023-03,201653.67
Sunrise Pvt Ltd,Marketing,2023-04,188033.88
Sunrise Pvt Ltd,Marketing,2023-05,167656.69
Sunrise Pvt Ltd,Marketing,2023-06,159734.41
Sunrise Pvt Ltd,Marketing,2023-07,183899.2
Sunrise Pvt Ltd,Marketing,2023-08,200223.25
Sunrise Pvt Ltd,Marketing,2023-09,166792.13
Sunrise Pvt Ltd,Marketing,2023-10,204489.65
Sunrise Pvt Ltd,Marketing,2023-11,163018.94
Sunrise Pvt Ltd,Marketing,2023-12,183211.68
Sunrise Pvt Ltd,Marketing,2024-01,155026.66
Sunrise Pvt Ltd,Marketing,2024-02,201806.8
Sunrise Pvt Ltd,Marketing,2024-03,180978.34
Sunrise Pvt Ltd,Marketing,2024-04,202939.46
Sunrise Pvt Ltd,Marketing,2024-05,172958.24
Sunrise Pvt Ltd,Marketing,2024-06,171827.91
Sunrise Pvt Ltd,Marketing,2024-07,167862.65
Sunrise Pvt Ltd,Marketing,2024-08,198388.05
Sunrise Pvt Ltd,Marketing,2024-09,199650.81
Sunrise Pvt Ltd,Marketing,2024-10,167705.38
Sunrise Pvt Ltd,Marketing,2024-11,188617.05
Sunrise Pvt Ltd,Marketing,2024-12,187438.83
Sunrise Pvt Ltd,Marketing,2025-01,172728.25
Sunrise Pvt Ltd,Marketing,2025-02,160576.88
Sunrise Pvt Ltd,Marketing,2025-03,193066.67
Sunrise Pvt Ltd,Marketing,2025-04,183354.56
Sunrise Pvt Ltd,Marketing,2025-05,203026.39
Sunrise Pvt Ltd,Marketing,2025-06,189379.73
Sunrise Pvt Ltd,Marketing,2025-07,163318.89
Sunrise Pvt Ltd,Marketing,2025-08,174363.65
Sunrise Pvt Ltd,Marketing,2025-09,194839.04
Sunrise Pvt Ltd,Marketing,2025-10,156045.38
Sunrise Pvt Ltd,Marketing,2025-11,159407.91
Sunrise Pvt Ltd,Marketing,2025-12,165287.48
Sunrise Pvt Ltd,Marketing,2026-01,157401.01
Sunrise Pvt Ltd,Marketing,2026-02,202026.52
Sunrise Pvt Ltd,Marketing,2026-03,181559.04
Sunrise Pvt Ltd,Marketing,2026-04,152691.12
Sunrise Pvt Ltd,Marketing,2026-05,167304.93
Sunrise Pvt Ltd,Marketing,2026-06,205287.26
Sunrise Pvt Ltd,Marketing,2026-07,205551.17
Sunrise Pvt Ltd,Professional Fees,2022-01,49172.56
Sunrise Pvt Ltd,Professional Fees,2022-02,46227.1
Sunrise Pvt Ltd,Professional Fees,2022-03,37953.16
Sunrise Pvt Ltd,Professional Fees,2022-04,42367.92
Sunrise Pvt Ltd,Professional Fees,2022-05,40005.35
Sunrise Pvt Ltd,Professional Fees,2022-06,42619.54
Sunrise Pvt Ltd,Professional Fees,2022-07,48775.54
Sunrise Pvt Ltd,Professional Fees,2022-08,49839.37
Sunrise Pvt Ltd,Professional Fees,2022-09,47773.06
Sunrise Pvt Ltd,Professional Fees,2022-10,42449.24
Sunrise Pvt Ltd,Professional Fees,2022-11,42342.43
Sunrise Pvt Ltd,Professional Fees,2022-12,46707.26
Sunrise Pvt Ltd,Professional Fees,2023-01,39096.75
Sunrise Pvt Ltd,Professional Fees,2023-02,43029.02
Sunrise Pvt Ltd,Professional Fees,2023-03,37702.57
Sunrise Pvt Ltd,Professional Fees,2023-04,45269.63
Sunrise Pvt Ltd,Professional Fees,2023-05,37788.73
Sunrise Pvt Ltd,Professional Fees,2023-06,38045.32
Sunrise Pvt Ltd,Professional Fees,2023-07,40684.81
Sunrise Pvt Ltd,Professional Fees,2023-08,46616.16
Sunrise Pvt Ltd,Professional Fees,2023-09,47683.4
Sunrise Pvt Ltd,Professional Fees,2023-10,45468.16
Sunrise Pvt Ltd,Professional Fees,2023-11,47289.05
Sunrise Pvt Ltd,Professional Fees,2023-12,43891.83
Sunrise Pvt Ltd,Professional Fees,2024-01,46229.43
Sunrise Pvt Ltd,Professional Fees,2024-02,40663.5
Sunrise Pvt Ltd,Professional Fees,2024-03,42873.5
Sunrise Pvt Ltd,Professional Fees,2024-04,46887.46
Sunrise Pvt Ltd,Professional Fees,2024-05,43829.92
Sunrise Pvt Ltd,Professional Fees,2024-06,39876.08
Sunrise Pvt Ltd,Professional Fees,2024-07,38237.67
Sunrise Pvt Ltd,Professional Fees,2024-08,48769.39
Sunrise Pvt Ltd,Professional Fees,2024-09,41476.59
Sunrise Pvt Ltd,Professional Fees,2024-10,47435.09
Sunrise Pvt Ltd,Professional Fees,2024-11,39669.46
Sunrise Pvt Ltd,Professional Fees,2024-12,41917.14
Sunrise Pvt Ltd,Professional Fees,2025-01,42687.75
Sunrise Pvt Ltd,Professional Fees,2025-02,44247.05
Sunrise Pvt Ltd,Professional Fees,2025-03,43349.74
Sunrise Pvt Ltd,Professional Fees,2025-04,47647.76
Sunrise Pvt Ltd,Professional Fees,2025-05,41029.9
Sunrise Pvt Ltd,Professional Fees,2025-06,45968.37
Sunrise Pvt Ltd,Professional Fees,2025-07,41795.28
Sunrise Pvt Ltd,Professional Fees,2025-08,48674.5
Sunrise Pvt Ltd,Professional Fees,2025-09,46396.48
Sunrise Pvt Ltd,Professional Fees,2025-10,41285.44
Sunrise Pvt Ltd,Professional Fees,2025-11,46938.36
Sunrise Pvt Ltd,Professional Fees,2025-12,47667.88
Sunrise Pvt Ltd,Professional Fees,2026-01,39806.33
Sunrise Pvt Ltd,Professional Fees,2026-02,49489.86
Sunrise Pvt Ltd,Professional Fees,2026-03,45231.67
Sunrise Pvt Ltd,Professional Fees,2026-04,40810.66
Sunrise Pvt Ltd,Professional Fees,2026-05,49788.61
Sunrise Pvt Ltd,Professional Fees,2026-06,37896.48
Sunrise Pvt Ltd,Professional Fees,2026-07,41131.54
Sunrise Pvt Ltd,Bank Charges,2022-01,317218.46
Sunrise Pvt Ltd,Bank Charges,2022-02,280925.08
Sunrise Pvt Ltd,Bank Charges,2022-03,289003.71
Sunrise Pvt Ltd,Bank Charges,2022-04,325110.1
Sunrise Pvt Ltd,Bank Charges,2022-05,310858.74
Sunrise Pvt Ltd,Bank Charges,2022-06,258104.91
Sunrise Pvt Ltd,Bank Charges,2022-07,265235.99
Sunrise Pvt Ltd,Bank Charges,2022-08,291963.76
Sunrise Pvt Ltd,Bank Charges,2022-09,334061.17
Sunrise Pvt Ltd,Bank Charges,2022-10,317605.82
Sunrise Pvt Ltd,Bank Charges,2022-11,318058.24
Sunrise Pvt Ltd,Bank Charges,2022-12,285238.43
Sunrise Pvt Ltd,Bank Charges,2023-01,268924.95
Sunrise Pvt Ltd,Bank Charges,2023-02,273572.81
Sunrise Pvt Ltd,Bank Charges,2023-03,300758.99
Sunrise Pvt Ltd,Bank Charges,2023-04,302948.13
Sunrise Pvt Ltd,Bank Charges,2023-05,309770.33
Sunrise Pvt Ltd,Bank Charges,2023-06,293083.91
Sunrise Pvt Ltd,Bank Charges,2023-07,337581.18
Sunrise Pvt Ltd,Bank Charges,2023-08,295817.2
Sunrise Pvt Ltd,Bank Charges,2023-09,290484.38
Sunrise Pvt Ltd,Bank Charges,2023-10,302332.96
Sunrise Pvt Ltd,Bank Charges,2023-11,305631.93
Sunrise Pvt Ltd,Bank Charges,2023-12,309190.97
Sunrise Pvt Ltd,Bank Charges,2024-01,293448.03
Sunrise Pvt Ltd,Bank Charges,2024-02,292423.54
Sunrise Pvt Ltd,Bank Charges,2024-03,305935.68
Sunrise Pvt Ltd,Bank Charges,2024-04,278710.39
Sunrise Pvt Ltd,Bank Charges,2024-05,265084.84
Sunrise Pvt Ltd,Bank Charges,2024-06,306175.58
Sunrise Pvt Ltd,Bank Charges,2024-07,302986.28
Sunrise Pvt Ltd,Bank Charges,2024-08,298424.37
Sunrise Pvt Ltd,Bank Charges,2024-09,322385.15
Sunrise Pvt Ltd,Bank Charges,2024-10,280282.57
Sunrise Pvt Ltd,Bank Charges,2024-11,277950.27
Sunrise Pvt Ltd,Bank Charges,2024-12,310137.65
Sunrise Pvt Ltd,Bank Charges,2025-01,327426.34
Sunrise Pvt Ltd,Bank Charges,2025-02,259301.64
Sunrise Pvt Ltd,Bank Charges,2025-03,252707.16
Sunrise Pvt Ltd,Bank Charges,2025-04,304347.62
Sunrise Pvt Ltd,Bank Charges,2025-05,329761.08
Sunrise Pvt Ltd,Bank Charges,2025-06,250993.77
Sunrise Pvt Ltd,Bank Charges,2025-07,284452.16
Sunrise Pvt Ltd,Bank Charges,2025-08,254604.77
Sunrise Pvt Ltd,Bank Charges,2025-09,266770.13
Sunrise Pvt Ltd,Bank Charges,2025-10,318554.41
Sunrise Pvt Ltd,Bank Charges,2025-11,256625.9
Sunrise Pvt Ltd,Bank Charges,2025-12,284216.14
Sunrise Pvt Ltd,Bank Charges,2026-01,314911.51
Sunrise Pvt Ltd,Bank Charges,2026-02,277735.75
Sunrise Pvt Ltd,Bank Charges,2026-03,331036.89
Sunrise Pvt Ltd,Bank Charges,2026-04,254407.27
Sunrise Pvt Ltd,Bank Charges,2026-05,288697.93
Sunrise Pvt Ltd,Bank Charges,2026-06,309329.9
Sunrise Pvt Ltd,Bank Charges,2026-07,271377.81
Sunrise Pvt Ltd,Other Expense,2022-01,254939.17
Sunrise Pvt Ltd,Other Expense,2022-02,263526.81
Sunrise Pvt Ltd,Other Expense,2022-03,247580.93
Sunrise Pvt Ltd,Other Expense,2022-04,212548.45
Sunrise Pvt Ltd,Other Expense,2022-05,227627.08
Sunrise Pvt Ltd,Other Expense,2022-06,234478.43
Sunrise Pvt Ltd,Other Expense,2022-07,229704.47
Sunrise Pvt Ltd,Other Expense,2022-08,262854.85
Sunrise Pvt Ltd,Other Expense,2022-09,219805.34
Sunrise Pvt Ltd,Other Expense,2022-10,255287.8
Sunrise Pvt Ltd,Other Expense,2022-11,227564.71
Sunrise Pvt Ltd,Other Expense,2022-12,208743.24
Sunrise Pvt Ltd,Other Expense,2023-01,236967.38
Sunrise Pvt Ltd,Other Expense,2023-02,279213.66
Sunrise Pvt Ltd,Other Expense,2023-03,268235.76
Sunrise Pvt Ltd,Other Expense,2023-04,233801.38
Sunrise Pvt Ltd,Other Expense,2023-05,217164.18
Sunrise Pvt Ltd,Other Expense,2023-06,247858.03
Sunrise Pvt Ltd,Other Expense,2023-07,278503.79
Sunrise Pvt Ltd,Other Expense,2023-08,235624.54
Sunrise Pvt Ltd,Other Expense,2023-09,227965.01
Sunrise Pvt Ltd,Other Expense,2023-10,230751.85
Sunrise Pvt Ltd,Other Expense,2023-11,231515.28
Sunrise Pvt Ltd,Other Expense,2023-12,215566.32
Sunrise Pvt Ltd,Other Expense,2024-01,249779.77
Sunrise Pvt Ltd,Other Expense,2024-02,271479.56
Sunrise Pvt Ltd,Other Expense,2024-03,212531.75
Sunrise Pvt Ltd,Other Expense,2024-04,222870.33
Sunrise Pvt Ltd,Other Expense,2024-05,255806.26
Sunrise Pvt Ltd,Other Expense,2024-06,228970.59
Sunrise Pvt Ltd,Other Expense,2024-07,213892.29
Sunrise Pvt Ltd,Other Expense,2024-08,270561.37
Sunrise Pvt Ltd,Other Expense,2024-09,226455.55
Sunrise Pvt Ltd,Other Expense,2024-10,238349.44
Sunrise Pvt Ltd,Other Expense,2024-11,247969.14
Sunrise Pvt Ltd,Other Expense,2024-12,234737.38
Sunrise Pvt Ltd,Other Expense,2025-01,228247.81
Sunrise Pvt Ltd,Other Expense,2025-02,249217.92
Sunrise Pvt Ltd,Other Expense,2025-03,238820.52
Sunrise Pvt Ltd,Other Expense,2025-04,211155.75
Sunrise Pvt Ltd,Other Expense,2025-05,250025.21
Sunrise Pvt Ltd,Other Expense,2025-06,263310.79
Sunrise Pvt Ltd,Other Expense,2025-07,275269.6
Sunrise Pvt Ltd,Other Expense,2025-08,223449.53
Sunrise Pvt Ltd,Other Expense,2025-09,241379.13
Sunrise Pvt Ltd,Other Expense,2025-10,231314.68
Sunrise Pvt Ltd,Other Expense,2025-11,224289.95
Sunrise Pvt Ltd,Other Expense,2025-12,263682.62
Sunrise Pvt Ltd,Other Expense,2026-01,278816.71
Sunrise Pvt Ltd,Other Expense,2026-02,218540.76
Sunrise Pvt Ltd,Other Expense,2026-03,229165.47
Sunrise Pvt Ltd,Other Expense,2026-04,213253.92
Sunrise Pvt Ltd,Other Expense,2026-05,211020.31
Sunrise Pvt Ltd,Other Expense,2026-06,218395.89
Sunrise Pvt Ltd,Other Expense,2026-07,244985.1
Sunrise Pvt Ltd,Raw Materials,2022-01,29543.71
Sunrise Pvt Ltd,Raw Materials,2022-02,26798.85
Sunrise Pvt Ltd,Raw Materials,2022-03,22840.43
Sunrise Pvt Ltd,Raw Materials,2022-04,23806.1
Sunrise Pvt Ltd,Raw Materials,2022-05,26776.09
Sunrise Pvt Ltd,Raw Materials,2022-06,22602.23
Sunrise Pvt Ltd,Raw Materials,2022-07,25563.22
Sunrise Pvt Ltd,Raw Materials,2022-08,27003.03
Sunrise Pvt Ltd,Raw Materials,2022-09,28046.24
Sunrise Pvt Ltd,Raw Materials,2022-10,22790.89
Sunrise Pvt Ltd,Raw Materials,2022-11,25409.51
Sunrise Pvt Ltd,Raw Materials,2022-12,24678.31
Sunrise Pvt Ltd,Raw Materials,2023-01,27777.01
Sunrise Pvt Ltd,Raw Materials,2023-02,29567.51
Sunrise Pvt Ltd,Raw Materials,2023-03,22493.83
Sunrise Pvt Ltd,Raw Materials,2023-04,26667.54
Sunrise Pvt Ltd,Raw Materials,2023-05,26297.06
Sunrise Pvt Ltd,Raw Materials,2023-06,28998.32
Sunrise Pvt Ltd,Raw Materials,2023-07,28977.18
Sunrise Pvt Ltd,Raw Materials,2023-08,25972.9
Sunrise Pvt Ltd,Raw Materials,2023-09,28997.98
Sunrise Pvt Ltd,Raw Materials,2023-10,27645.05
Sunrise Pvt Ltd,Raw Materials,2023-11,26477.31
Sunrise Pvt Ltd,Raw Materials,2023-12,27304.44
Sunrise Pvt Ltd,Raw Materials,2024-01,24155.1
Sunrise Pvt Ltd,Raw Materials,2024-02,26302.87
Sunrise Pvt Ltd,Raw Materials,2024-03,23766.61
Sunrise Pvt Ltd,Raw Materials,2024-04,23493.08
Sunrise Pvt Ltd,Raw Materials,2024-05,22299.39
Sunrise Pvt Ltd,Raw Materials,2024-06,25448.06
Sunrise Pvt Ltd,Raw Materials,2024-07,23395.62
Sunrise Pvt Ltd,Raw Materials,2024-08,21978.45
Sunrise Pvt Ltd,Raw Materials,2024-09,28583.94
Sunrise Pvt Ltd,Raw Materials,2024-10,26014.48
Sunrise Pvt Ltd,Raw Materials,2024-11,23731.09
Sunrise Pvt Ltd,Raw Materials,2024-12,24800.32
Sunrise Pvt Ltd,Raw Materials,2025-01,29127.51
Sunrise Pvt Ltd,Raw Materials,2025-02,29560.62
Sunrise Pvt Ltd,Raw Materials,2025-03,29262.23
Sunrise Pvt Ltd,Raw Materials,2025-04,25372.88
Sunrise Pvt Ltd,Raw Materials,2025-05,25975.75
Sunrise Pvt Ltd,Raw Materials,2025-06,25975.91
Sunrise Pvt Ltd,Raw Materials,2025-07,25339.99
Sunrise Pvt Ltd,Raw Materials,2025-08,23555.39
Sunrise Pvt Ltd,Raw Materials,2025-09,23461.43
Sunrise Pvt Ltd,Raw Materials,2025-10,24295.16
Sunrise Pvt Ltd,Raw Materials,2025-11,25828.62
Sunrise Pvt Ltd,Raw Materials,2025-12,28709.43
Sunrise Pvt Ltd,Raw Materials,2026-01,24086.0
Sunrise Pvt Ltd,Raw Materials,2026-02,28350.92
Sunrise Pvt Ltd,Raw Materials,2026-03,25641.77
Sunrise Pvt Ltd,Raw Materials,2026-04,23422.9
Sunrise Pvt Ltd,Raw Materials,2026-05,26988.09
Sunrise Pvt Ltd,Raw Materials,2026-06,28905.36
Sunrise Pvt Ltd,Raw Materials,2026-07,25495.14
Sunrise Pvt Ltd,Equipment Purchase,2022-01,399695.55
Sunrise Pvt Ltd,Equipment Purchase,2022-02,342011.32
Sunrise Pvt Ltd,Equipment Purchase,2022-03,391151.59
Sunrise Pvt Ltd,Equipment Purchase,2022-04,395763.25
Sunrise Pvt Ltd,Equipment Purchase,2022-05,412478.39
Sunrise Pvt Ltd,Equipment Purchase,2022-06,390863.85
Sunrise Pvt Ltd,Equipment Purchase,2022-07,389645.76
Sunrise Pvt Ltd,Equipment Purchase,2022-08,357035.51
Sunrise Pvt Ltd,Equipment Purchase,2022-09,369896.08
Sunrise Pvt Ltd,Equipment Purchase,2022-10,347291.96
Sunrise Pvt Ltd,Equipment Purchase,2022-11,379359.4
Sunrise Pvt Ltd,Equipment Purchase,2022-12,433729.58
Sunrise Pvt Ltd,Equipment Purchase,2023-01,443766.72
Sunrise Pvt Ltd,Equipment Purchase,2023-02,449992.79
Sunrise Pvt Ltd,Equipment Purchase,2023-03,424268.0
Sunrise Pvt Ltd,Equipment Purchase,2023-04,360111.02
Sunrise Pvt Ltd,Equipment Purchase,2023-05,346052.62
Sunrise Pvt Ltd,Equipment Purchase,2023-06,396846.12
Sunrise Pvt Ltd,Equipment Purchase,2023-07,426433.5
Sunrise Pvt Ltd,Equipment Purchase,2023-08,414868.11
Sunrise Pvt Ltd,Equipment Purchase,2023-09,455253.79
Sunrise Pvt Ltd,Equipment Purchase,2023-10,403231.19
Sunrise Pvt Ltd,Equipment Purchase,2023-11,370378.82
Sunrise Pvt Ltd,Equipment Purchase,2023-12,361604.27
Sunrise Pvt Ltd,Equipment Purchase,2024-01,456958.43
Sunrise Pvt Ltd,Equipment Purchase,2024-02,367158.73
Sunrise Pvt Ltd,Equipment Purchase,2024-03,422172.64
Sunrise Pvt Ltd,Equipment Purchase,2024-04,432262.84
Sunrise Pvt Ltd,Equipment Purchase,2024-05,458672.67
Sunrise Pvt Ltd,Equipment Purchase,2024-06,386230.14
Sunrise Pvt Ltd,Equipment Purchase,2024-07,383669.31
Sunrise Pvt Ltd,Equipment Purchase,2024-08,344305.46
Sunrise Pvt Ltd,Equipment Purchase,2024-09,438497.59
Sunrise Pvt Ltd,Equipment Purchase,2024-10,370822.27
Sunrise Pvt Ltd,Equipment Purchase,2024-11,388294.11
Sunrise Pvt Ltd,Equipment Purchase,2024-12,415576.58
Sunrise Pvt Ltd,Equipment Purchase,2025-01,431036.95
Sunrise Pvt Ltd,Equipment Purchase,2025-02,364721.25
Sunrise Pvt Ltd,Equipment Purchase,2025-03,376773.76
Sunrise Pvt Ltd,Equipment Purchase,2025-04,364263.27
Sunrise Pvt Ltd,Equipment Purchase,2025-05,352841.89
Sunrise Pvt Ltd,Equipment Purchase,2025-06,458075.45
Sunrise Pvt Ltd,Equipment Purchase,2025-07,394290.54
Sunrise Pvt Ltd,Equipment Purchase,2025-08,342941.87
Sunrise Pvt Ltd,Equipment Purchase,2025-09,403606.27
Sunrise Pvt Ltd,Equipment Purchase,2025-10,394213.56
Sunrise Pvt Ltd,Equipment Purchase,2025-11,366464.96
Sunrise Pvt Ltd,Equipment Purchase,2025-12,371917.2
Sunrise Pvt Ltd,Equipment Purchase,2026-01,419900.65
Sunrise Pvt Ltd,Equipment Purchase,2026-02,457115.08
Sunrise Pvt Ltd,Equipment Purchase,2026-03,369532.42
Sunrise Pvt Ltd,Equipment Purchase,2026-04,425446.35
Sunrise Pvt Ltd,Equipment Purchase,2026-05,446899.07
Sunrise Pvt Ltd,Equipment Purchase,2026-06,410178.85
Sunrise Pvt Ltd,Equipment Purchase,2026-07,382653.67
Sunrise Pvt Ltd,Insurance,2022-01,271370.81
Sunrise Pvt Ltd,Insurance,2022-02,303339.04
Sunrise Pvt Ltd,Insurance,2022-03,304695.99
Sunrise Pvt Ltd,Insurance,2022-04,253856.23
Sunrise Pvt Ltd,Insurance,2022-05,269852.82
Sunrise Pvt Ltd,Insurance,2022-06,276639.74
Sunrise Pvt Ltd,Insurance,2022-07,322158.77
Sunrise Pvt Ltd,Insurance,2022-08,315545.22
Sunrise Pvt Ltd,Insurance,2022-09,288364.4
Sunrise Pvt Ltd,Insurance,2022-10,321305.88
Sunrise Pvt Ltd,Insurance,2022-11,251367.84
Sunrise Pvt Ltd,Insurance,2022-12,287813.3
Sunrise Pvt Ltd,Insurance,2023-01,259254.25
Sunrise Pvt Ltd,Insurance,2023-02,255555.19
Sunrise Pvt Ltd,Insurance,2023-03,301204.06
Sunrise Pvt Ltd,Insurance,2023-04,268879.56
Sunrise Pvt Ltd,Insurance,2023-05,322505.29
Sunrise Pvt Ltd,Insurance,2023-06,251829.79
Sunrise Pvt Ltd,Insurance,2023-07,286737.79
Sunrise Pvt Ltd,Insurance,2023-08,287059.29
Sunrise Pvt Ltd,Insurance,2023-09,269688.15
Sunrise Pvt Ltd,Insurance,2023-10,270208.83
Sunrise Pvt Ltd,Insurance,2023-11,261995.38
Sunrise Pvt Ltd,Insurance,2023-12,285115.4
Sunrise Pvt Ltd,Insurance,2024-01,259730.54
Sunrise Pvt Ltd,Insurance,2024-02,329575.21
Sunrise Pvt Ltd,Insurance,2024-03,251289.51
Sunrise Pvt Ltd,Insurance,2024-04,301944.89
Sunrise Pvt Ltd,Insurance,2024-05,299397.24
Sunrise Pvt Ltd,Insurance,2024-06,296269.37
Sunrise Pvt Ltd,Insurance,2024-07,259475.1
Sunrise Pvt Ltd,Insurance,2024-08,282903.35
Sunrise Pvt Ltd,Insurance,2024-09,273287.26
Sunrise Pvt Ltd,Insurance,2024-10,338519.36
Sunrise Pvt Ltd,Insurance,2024-11,326981.91
Sunrise Pvt Ltd,Insurance,2024-12,269754.11
Sunrise Pvt Ltd,Insurance,2025-01,339149.15
Sunrise Pvt Ltd,Insurance,2025-02,312469.45
Sunrise Pvt Ltd,Insurance,2025-03,305583.92
Sunrise Pvt Ltd,Insurance,2025-04,268068.5
Sunrise Pvt Ltd,Insurance,2025-05,265365.95
Sunrise Pvt Ltd,Insurance,2025-06,275326.12
Sunrise Pvt Ltd,Insurance,2025-07,304988.9
Sunrise Pvt Ltd,Insurance,2025-08,337551.35
Sunrise Pvt Ltd,Insurance,2025-09,327192.6
Sunrise Pvt Ltd,Insurance,2025-10,265442.56
Sunrise Pvt Ltd,Insurance,2025-11,300967.53
Sunrise Pvt Ltd,Insurance,2025-12,263223.9
Sunrise Pvt Ltd,Insurance,2026-01,258055.04
Sunrise Pvt Ltd,Insurance,2026-02,285354.96
Sunrise Pvt Ltd,Insurance,2026-03,269308.96
Sunrise Pvt Ltd,Insurance,2026-04,296165.87
Sunrise Pvt Ltd,Insurance,2026-05,284313.32
Sunrise Pvt Ltd,Insurance,2026-06,258961.44
Sunrise Pvt Ltd,Insurance,2026-07,261469.78
Sunrise Pvt Ltd,Repairs & Maintenance,2022-01,116695.81
Sunrise Pvt Ltd,Repairs & Maintenance,2022-02,110250.93
Sunrise Pvt Ltd,Repairs & Maintenance,2022-03,125778.21
Sunrise Pvt Ltd,Repairs & Maintenance,2022-04,134664.32
Sunrise Pvt Ltd,Repairs & Maintenance,2022-05,133262.94
Sunrise Pvt Ltd,Repairs & Maintenance,2022-06,123104.69
Sunrise Pvt Ltd,Repairs & Maintenance,2022-07,103762.98
Sunrise Pvt Ltd,Repairs & Maintenance,2022-08,111624.64
Sunrise Pvt Ltd,Repairs & Maintenance,2022-09,131203.13
Sunrise Pvt Ltd,Repairs & Maintenance,2022-10,113776.08
Sunrise Pvt Ltd,Repairs & Maintenance,2022-11,125918.04
Sunrise Pvt Ltd,Repairs & Maintenance,2022-12,109553.11
Sunrise Pvt Ltd,Repairs & Maintenance,2023-01,125118.67
Sunrise Pvt Ltd,Repairs & Maintenance,2023-02,123363.63
Sunrise Pvt Ltd,Repairs & Maintenance,2023-03,127904.33
Sunrise Pvt Ltd,Repairs & Maintenance,2023-04,125524.86
Sunrise Pvt Ltd,Repairs & Maintenance,2023-05,117366.1
Sunrise Pvt Ltd,Repairs & Maintenance,2023-06,118430.71
Sunrise Pvt Ltd,Repairs & Maintenance,2023-07,101263.64
Sunrise Pvt Ltd,Repairs & Maintenance,2023-08,125094.26
Sunrise Pvt Ltd,Repairs & Maintenance,2023-09,121019.11
Sunrise Pvt Ltd,Repairs & Maintenance,2023-10,113791.46
Sunrise Pvt Ltd,Repairs & Maintenance,2023-11,134002.09
Sunrise Pvt Ltd,Repairs & Maintenance,2023-12,131668.35
Sunrise Pvt Ltd,Repairs & Maintenance,2024-01,118761.86
Sunrise Pvt Ltd,Repairs & Maintenance,2024-02,109200.35
Sunrise Pvt Ltd,Repairs & Maintenance,2024-03,110863.61
Sunrise Pvt Ltd,Repairs & Maintenance,2024-04,128021.08
Sunrise Pvt Ltd,Repairs & Maintenance,2024-05,127734.45
Sunrise Pvt Ltd,Repairs & Maintenance,2024-06,107487.66
Sunrise Pvt Ltd,Repairs & Maintenance,2024-07,134138.14
Sunrise Pvt Ltd,Repairs & Maintenance,2024-08,104728.39
Sunrise Pvt Ltd,Repairs & Maintenance,2024-09,116032.29
Sunrise Pvt Ltd,Repairs & Maintenance,2024-10,117472.22
Sunrise Pvt Ltd,Repairs & Maintenance,2024-11,109026.01
Sunrise Pvt Ltd,Repairs & Maintenance,2024-12,115550.66
Sunrise Pvt Ltd,Repairs & Maintenance,2025-01,114461.33
Sunrise Pvt Ltd,Repairs & Maintenance,2025-02,131638.32
Sunrise Pvt Ltd,Repairs & Maintenance,2025-03,116314.09
Sunrise Pvt Ltd,Repairs & Maintenance,2025-04,128403.91
Sunrise Pvt Ltd,Repairs & Maintenance,2025-05,121745.75
Sunrise Pvt Ltd,Repairs & Maintenance,2025-06,110155.7
Sunrise Pvt Ltd,Repairs & Maintenance,2025-07,127309.17
Sunrise Pvt Ltd,Repairs & Maintenance,2025-08,100661.88
Sunrise Pvt Ltd,Repairs & Maintenance,2025-09,102015.68
Sunrise Pvt Ltd,Repairs & Maintenance,2025-10,125496.57
Sunrise Pvt Ltd,Repairs & Maintenance,2025-11,101968.53
Sunrise Pvt Ltd,Repairs & Maintenance,2025-12,114680.6
Sunrise Pvt Ltd,Repairs & Maintenance,2026-01,107821.74
Sunrise Pvt Ltd,Repairs & Maintenance,2026-02,130667.71
Sunrise Pvt Ltd,Repairs & Maintenance,2026-03,112281.1
Sunrise Pvt Ltd,Repairs & Maintenance,2026-04,133896.15
Sunrise Pvt Ltd,Repairs & Maintenance,2026-05,121114.03
Sunrise Pvt Ltd,Repairs & Maintenance,2026-06,109147.12
Sunrise Pvt Ltd,Repairs & Maintenance,2026-07,128972.31
BlueWave Enterprises,Office Supplies,2022-01,247535.74
BlueWave Enterprises,Office Supplies,2022-02,226438.76
BlueWave Enterprises,Office Supplies,2022-03,255158.49
BlueWave Enterprises,Office Supplies,2022-04,247540.89
BlueWave Enterprises,Office Supplies,2022-05,223280.2
BlueWave Enterprises,Office Supplies,2022-06,246214.31
BlueWave Enterprises,Office Supplies,2022-07,255996.7
BlueWave Enterprises,Office Supplies,2022-08,267268.24
BlueWave Enterprises,Office Supplies,2022-09,208732.61
BlueWave Enterprises,Office Supplies,2022-10,233521.06
BlueWave Enterprises,Office Supplies,2022-11,231676.37
BlueWave Enterprises,Office Supplies,2022-12,249353.71
BlueWave Enterprises,Office Supplies,2023-01,257899.05
BlueWave Enterprises,Office Supplies,2023-02,234443.69
BlueWave Enterprises,Office Supplies,2023-03,200307.98
BlueWave Enterprises,Office Supplies,2023-04,203728.2
BlueWave Enterprises,Office Supplies,2023-05,264283.16
BlueWave Enterprises,Office Supplies,2023-06,259748.79
BlueWave Enterprises,Office Supplies,2023-07,241842.0
BlueWave Enterprises,Office Supplies,2023-08,234437.05
BlueWave Enterprises,Office Supplies,2023-09,226384.7
BlueWave Enterprises,Office Supplies,2023-10,233811.47
BlueWave Enterprises,Office Supplies,2023-11,205875.84
BlueWave Enterprises,Office Supplies,2023-12,207988.25
BlueWave Enterprises,Office Supplies,2024-01,259310.69
BlueWave Enterprises,Office Supplies,2024-02,220284.79
BlueWave Enterprises,Office Supplies,2024-03,198874.7
BlueWave Enterprises,Office Supplies,2024-04,219819.49
BlueWave Enterprises,Office Supplies,2024-05,229107.11
BlueWave Enterprises,Office Supplies,2024-06,215813.96
BlueWave Enterprises,Office Supplies,2024-07,212573.18
BlueWave Enterprises,Office Supplies,2024-08,226874.17
BlueWave Enterprises,Office Supplies,2024-09,260581.96
BlueWave Enterprises,Office Supplies,2024-10,264456.31
BlueWave Enterprises,Office Supplies,2024-11,229754.26
BlueWave Enterprises,Office Supplies,2024-12,227590.5
BlueWave Enterprises,Office Supplies,2025-01,198866.46
BlueWave Enterprises,Office Supplies,2025-02,198214.57
BlueWave Enterprises,Office Supplies,2025-03,199872.71
BlueWave Enterprises,Office Supplies,2025-04,216366.9
BlueWave Enterprises,Office Supplies,2025-05,226082.64
BlueWave Enterprises,Office Supplies,2025-06,251717.57
BlueWave Enterprises,Office Supplies,2025-07,209527.37
BlueWave Enterprises,Office Supplies,2025-08,265749.66
BlueWave Enterprises,Office Supplies,2025-09,261188.78
BlueWave Enterprises,Office Supplies,2025-10,259036.75
BlueWave Enterprises,Office Supplies,2025-11,262951.38
BlueWave Enterprises,Office Supplies,2025-12,224608.39
BlueWave Enterprises,Office Supplies,2026-01,245756.69
BlueWave Enterprises,Office Supplies,2026-02,257678.12
BlueWave Enterprises,Office Supplies,2026-03,209774.89
BlueWave Enterprises,Office Supplies,2026-04,255664.96
BlueWave Enterprises,Office Supplies,2026-05,256663.77
BlueWave Enterprises,Office Supplies,2026-06,209676.54
BlueWave Enterprises,Office Supplies,2026-07,227477.29
BlueWave Enterprises,Rent,2022-01,37913.4
BlueWave Enterprises,Rent,2022-02,42327.76
BlueWave Enterprises,Rent,2022-03,39155.61
BlueWave Enterprises,Rent,2022-04,34888.84
BlueWave Enterprises,Rent,2022-05,39327.38
BlueWave Enterprises,Rent,2022-06,42906.79
BlueWave Enterprises,Rent,2022-07,44641.44
BlueWave Enterprises,Rent,2022-08,45378.39
BlueWave Enterprises,Rent,2022-09,36081.06
BlueWave Enterprises,Rent,2022-10,39743.07
BlueWave Enterprises,Rent,2022-11,38100.88
BlueWave Enterprises,Rent,2022-12,46252.72
BlueWave Enterprises,Rent,2023-01,41028.63
BlueWave Enterprises,Rent,2023-02,37024.28
BlueWave Enterprises,Rent,2023-03,37318.61
BlueWave Enterprises,Rent,2023-04,45135.9
BlueWave Enterprises,Rent,2023-05,44715.39
BlueWave Enterprises,Rent,2023-06,37296.74
BlueWave Enterprises,Rent,2023-07,43942.7
BlueWave Enterprises,Rent,2023-08,36081.92
BlueWave Enterprises,Rent,2023-09,37755.59
BlueWave Enterprises,Rent,2023-10,44435.75
BlueWave Enterprises,Rent,2023-11,39225.33
BlueWave Enterprises,Rent,2023-12,42349.75
BlueWave Enterprises,Rent,2024-01,46222.6
BlueWave Enterprises,Rent,2024-02,39766.92
BlueWave Enterprises,Rent,2024-03,44584.72
BlueWave Enterprises,Rent,2024-04,36986.57
BlueWave Enterprises,Rent,2024-05,42110.99
BlueWave Enterprises,Rent,2024-06,44581.32
BlueWave Enterprises,Rent,2024-07,38651.29
BlueWave Enterprises,Rent,2024-08,35210.54
BlueWave Enterprises,Rent,2024-09,43764.54
BlueWave Enterprises,Rent,2024-10,43444.77
BlueWave Enterprises,Rent,2024-11,41606.58
BlueWave Enterprises,Rent,2024-12,42481.79
BlueWave Enterprises,Rent,2025-01,41613.01
BlueWave Enterprises,Rent,2025-02,41898.04
BlueWave Enterprises,Rent,2025-03,41076.04
BlueWave Enterprises,Rent,2025-04,44422.06
BlueWave Enterprises,Rent,2025-05,45655.94
BlueWave Enterprises,Rent,2025-06,42563.21
BlueWave Enterprises,Rent,2025-07,42571.33
BlueWave Enterprises,Rent,2025-08,42245.76
BlueWave Enterprises,Rent,2025-09,42129.39
BlueWave Enterprises,Rent,2025-10,37636.02
BlueWave Enterprises,Rent,2025-11,45153.86
BlueWave Enterprises,Rent,2025-12,41095.62
BlueWave Enterprises,Rent,2026-01,41429.15
BlueWave Enterprises,Rent,2026-02,40328.69
BlueWave Enterprises,Rent,2026-03,41303.34
BlueWave Enterprises,Rent,2026-04,43293.69
BlueWave Enterprises,Rent,2026-05,38564.02
BlueWave Enterprises,Rent,2026-06,38538.05
BlueWave Enterprises,Rent,2026-07,44818.78
BlueWave Enterprises,Utilities,2022-01,87957.5
BlueWave Enterprises,Utilities,2022-02,98804.89
BlueWave Enterprises,Utilities,2022-03,88261.09
BlueWave Enterprises,Utilities,2022-04,81385.88
BlueWave Enterprises,Utilities,2022-05,75063.25
BlueWave Enterprises,Utilities,2022-06,98067.93
BlueWave Enterprises,Utilities,2022-07,78844.95
BlueWave Enterprises,Utilities,2022-08,87826.2
BlueWave Enterprises,Utilities,2022-09,92178.2
BlueWave Enterprises,Utilities,2022-10,82663.95
BlueWave Enterprises,Utilities,2022-11,73974.59
BlueWave Enterprises,Utilities,2022-12,89432.02
BlueWave Enterprises,Utilities,2023-01,93976.74
BlueWave Enterprises,Utilities,2023-02,74517.35
BlueWave Enterprises,Utilities,2023-03,94081.8
BlueWave Enterprises,Utilities,2023-04,87139.0
BlueWave Enterprises,Utilities,2023-05,80173.98
BlueWave Enterprises,Utilities,2023-06,86777.03
BlueWave Enterprises,Utilities,2023-07,85414.4
BlueWave Enterprises,Utilities,2023-08,83290.57
BlueWave Enterprises,Utilities,2023-09,86207.46
BlueWave Enterprises,Utilities,2023-10,96703.49
BlueWave Enterprises,Utilities,2023-11,87602.38
BlueWave Enterprises,Utilities,2023-12,83786.96
BlueWave Enterprises,Utilities,2024-01,92901.75
BlueWave Enterprises,Utilities,2024-02,83389.25
BlueWave Enterprises,Utilities,2024-03,96799.21
BlueWave Enterprises,Utilities,2024-04,93820.06
BlueWave Enterprises,Utilities,2024-05,75344.48
BlueWave Enterprises,Utilities,2024-06,87804.54
BlueWave Enterprises,Utilities,2024-07,99249.96
BlueWave Enterprises,Utilities,2024-08,79837.4
BlueWave Enterprises,Utilities,2024-09,94981.89
BlueWave Enterprises,Utilities,2024-10,89245.36
BlueWave Enterprises,Utilities,2024-11,91634.89
BlueWave Enterprises,Utilities,2024-12,90253.65
BlueWave Enterprises,Utilities,2025-01,79529.54
BlueWave Enterprises,Utilities,2025-02,88529.08
BlueWave Enterprises,Utilities,2025-03,80909.83
BlueWave Enterprises,Utilities,2025-04,96224.42
BlueWave Enterprises,Utilities,2025-05,81123.27
BlueWave Enterprises,Utilities,2025-06,94297.22
BlueWave Enterprises,Utilities,2025-07,96068.15
BlueWave Enterprises,Utilities,2025-08,98209.79
BlueWave Enterprises,Utilities,2025-09,94312.31
BlueWave Enterprises,Utilities,2025-10,75101.54
BlueWave Enterprises,Utilities,2025-11,90374.93
BlueWave Enterprises,Utilities,2025-12,81943.95
BlueWave Enterprises,Utilities,2026-01,88094.0
BlueWave Enterprises,Utilities,2026-02,74773.22
BlueWave Enterprises,Utilities,2026-03,87326.01
BlueWave Enterprises,Utilities,2026-04,92849.52
BlueWave Enterprises,Utilities,2026-05,94965.87
BlueWave Enterprises,Utilities,2026-06,80530.17
BlueWave Enterprises,Utilities,2026-07,74652.5
BlueWave Enterprises,Salaries,2022-01,122044.04
BlueWave Enterprises,Salaries,2022-02,121159.07
BlueWave Enterprises,Salaries,2022-03,123176.05
BlueWave Enterprises,Salaries,2022-04,135730.03
BlueWave Enterprises,Salaries,2022-05,140689.49
BlueWave Enterprises,Salaries,2022-06,148179.35
BlueWave Enterprises,Salaries,2022-07,127854.71
BlueWave Enterprises,Salaries,2022-08,139963.85
BlueWave Enterprises,Salaries,2022-09,125954.57
BlueWave Enterprises,Salaries,2022-10,142613.16
BlueWave Enterprises,Salaries,2022-11,146088.55
BlueWave Enterprises,Salaries,2022-12,116186.21
BlueWave Enterprises,Salaries,2023-01,117059.18
BlueWave Enterprises,Salaries,2023-02,131019.96
BlueWave Enterprises,Salaries,2023-03,134657.01
BlueWave Enterprises,Salaries,2023-04,117738.36
BlueWave Enterprises,Salaries,2023-05,147023.54
BlueWave Enterprises,Salaries,2023-06,144434.41
BlueWave Enterprises,Salaries,2023-07,137886.63
BlueWave Enterprises,Salaries,2023-08,116521.75
BlueWave Enterprises,Salaries,2023-09,152800.7
BlueWave Enterprises,Salaries,2023-10,135457.14
BlueWave Enterprises,Salaries,2023-11,137210.71
BlueWave Enterprises,Salaries,2023-12,128486.35
BlueWave Enterprises,Salaries,2024-01,131822.31
BlueWave Enterprises,Salaries,2024-02,140411.32
BlueWave Enterprises,Salaries,2024-03,135326.84
BlueWave Enterprises,Salaries,2024-04,131246.58
BlueWave Enterprises,Salaries,2024-05,124340.19
BlueWave Enterprises,Salaries,2024-06,141714.33
BlueWave Enterprises,Salaries,2024-07,154762.41
BlueWave Enterprises,Salaries,2024-08,121931.77
BlueWave Enterprises,Salaries,2024-09,135379.99
BlueWave Enterprises,Salaries,2024-10,120734.0
BlueWave Enterprises,Salaries,2024-11,121300.32
BlueWave Enterprises,Salaries,2024-12,124037.12
BlueWave Enterprises,Salaries,2025-01,151705.45
BlueWave Enterprises,Salaries,2025-02,125001.12
BlueWave Enterprises,Salaries,2025-03,141235.49
BlueWave Enterprises,Salaries,2025-04,115842.4
BlueWave Enterprises,Salaries,2025-05,119938.69
BlueWave Enterprises,Salaries,2025-06,123311.79
BlueWave Enterprises,Salaries,2025-07,132522.92
BlueWave Enterprises,Salaries,2025-08,121244.2
BlueWave Enterprises,Salaries,2025-09,135134.75
BlueWave Enterprises,Salaries,2025-10,130755.99
BlueWave Enterprises,Salaries,2025-11,153729.24
BlueWave Enterprises,Salaries,2025-12,149367.77
BlueWave Enterprises,Salaries,2026-01,128700.84
BlueWave Enterprises,Salaries,2026-02,126319.03
BlueWave Enterprises,Salaries,2026-03,149427.95
BlueWave Enterprises,Salaries,2026-04,142270.96
BlueWave Enterprises,Salaries,2026-05,131910.83
BlueWave Enterprises,Salaries,2026-06,154900.68
BlueWave Enterprises,Salaries,2026-07,154284.7
BlueWave Enterprises,Travel,2022-01,71833.52
BlueWave Enterprises,Travel,2022-02,73308.81
BlueWave Enterprises,Travel,2022-03,81164.3
BlueWave Enterprises,Travel,2022-04,60765.67
BlueWave Enterprises,Travel,2022-05,77854.02
BlueWave Enterprises,Travel,2022-06,80927.09
BlueWave Enterprises,Travel,2022-07,74939.4
BlueWave Enterprises,Travel,2022-08,75635.11
BlueWave Enterprises,Travel,2022-09,80665.88
BlueWave Enterprises,Travel,2022-10,63110.62
BlueWave Enterprises,Travel,2022-11,77021.19
BlueWave Enterprises,Travel,2022-12,63283.56
BlueWave Enterprises,Travel,2023-01,75069.83
BlueWave Enterprises,Travel,2023-02,77330.95
BlueWave Enterprises,Travel,2023-03,61060.61
BlueWave Enterprises,Travel,2023-04,76861.92
BlueWave Enterprises,Travel,2023-05,75392.35
BlueWave Enterprises,Travel,2023-06,72617.39
BlueWave Enterprises,Travel,2023-07,72082.04
BlueWave Enterprises,Travel,2023-08,72979.08
BlueWave Enterprises,Travel,2023-09,66099.54
BlueWave Enterprises,Travel,2023-10,70327.72
BlueWave Enterprises,Travel,2023-11,76476.33
BlueWave Enterprises,Travel,2023-12,76449.92
BlueWave Enterprises,Travel,2024-01,77969.42
BlueWave Enterprises,Travel,2024-02,63020.8
BlueWave Enterprises,Travel,2024-03,70704.72
BlueWave Enterprises,Travel,2024-04,68821.12
BlueWave Enterprises,Travel,2024-05,72506.28
BlueWave Enterprises,Travel,2024-06,70794.64
BlueWave Enterprises,Travel,2024-07,68766.88
BlueWave Enterprises,Travel,2024-08,73180.56
BlueWave Enterprises,Travel,2024-09,73712.76
BlueWave Enterprises,Travel,2024-10,61560.92
BlueWave Enterprises,Travel,2024-11,61286.66
BlueWave Enterprises,Travel,2024-12,67405.06
BlueWave Enterprises,Travel,2025-01,72062.21
BlueWave Enterprises,Travel,2025-02,63298.63
BlueWave Enterprises,Travel,2025-03,80737.19
BlueWave Enterprises,Travel,2025-04,80057.35
BlueWave Enterprises,Travel,2025-05,74418.93
BlueWave Enterprises,Travel,2025-06,77097.24
BlueWave Enterprises,Travel,2025-07,78472.75
BlueWave Enterprises,Travel,2025-08,72999.27
BlueWave Enterprises,Travel,2025-09,74910.17
BlueWave Enterprises,Travel,2025-10,75416.15
BlueWave Enterprises,Travel,2025-11,75231.11
BlueWave Enterprises,Travel,2025-12,70027.24
BlueWave Enterprises,Travel,2026-01,71226.64
BlueWave Enterprises,Travel,2026-02,66798.41
BlueWave Enterprises,Travel,2026-03,75295.76
BlueWave Enterprises,Travel,2026-04,74660.51
BlueWave Enterprises,Travel,2026-05,69527.4
BlueWave Enterprises,Travel,2026-06,65157.21
BlueWave Enterprises,Travel,2026-07,65715.94
BlueWave Enterprises,Marketing,2022-01,380429.23
BlueWave Enterprises,Marketing,2022-02,400438.82
BlueWave Enterprises,Marketing,2022-03,383798.47
BlueWave Enterprises,Marketing,2022-04,374311.04
BlueWave Enterprises,Marketing,2022-05,417183.85
BlueWave Enterprises,Marketing,2022-06,404590.46
BlueWave Enterprises,Marketing,2022-07,370504.97
BlueWave Enterprises,Marketing,2022-08,389209.22
BlueWave Enterprises,Marketing,2022-09,374341.39
BlueWave Enterprises,Marketing,2022-10,417551.03
BlueWave Enterprises,Marketing,2022-11,315452.77
BlueWave Enterprises,Marketing,2022-12,347293.9
BlueWave Enterprises,Marketing,2023-01,405221.38
BlueWave Enterprises,Marketing,2023-02,343827.39
BlueWave Enterprises,Marketing,2023-03,419395.63
BlueWave Enterprises,Marketing,2023-04,324058.27
BlueWave Enterprises,Marketing,2023-05,374658.05
BlueWave Enterprises,Marketing,2023-06,364252.26
BlueWave Enterprises,Marketing,2023-07,411765.62
BlueWave Enterprises,Marketing,2023-08,388813.37
BlueWave Enterprises,Marketing,2023-09,350023.59
BlueWave Enterprises,Marketing,2023-10,340259.87
BlueWave Enterprises,Marketing,2023-11,424122.38
BlueWave Enterprises,Marketing,2023-12,412976.36
BlueWave Enterprises,Marketing,2024-01,347415.04
BlueWave Enterprises,Marketing,2024-02,411468.61
BlueWave Enterprises,Marketing,2024-03,415682.38
BlueWave Enterprises,Marketing,2024-04,350596.97
BlueWave Enterprises,Marketing,2024-05,336414.88
BlueWave Enterprises,Marketing,2024-06,397329.18
BlueWave Enterprises,Marketing,2024-07,341765.78
BlueWave Enterprises,Marketing,2024-08,336852.14
BlueWave Enterprises,Marketing,2024-09,394731.0
BlueWave Enterprises,Marketing,2024-10,403005.79
BlueWave Enterprises,Marketing,2024-11,334701.98
BlueWave Enterprises,Marketing,2024-12,422529.44
BlueWave Enterprises,Marketing,2025-01,419435.55
BlueWave Enterprises,Marketing,2025-02,421745.78
BlueWave Enterprises,Marketing,2025-03,320562.68
BlueWave Enterprises,Marketing,2025-04,364550.84
BlueWave Enterprises,Marketing,2025-05,321669.5
BlueWave Enterprises,Marketing,2025-06,386608.33
BlueWave Enterprises,Marketing,2025-07,349005.97
BlueWave Enterprises,Marketing,2025-08,349938.59
BlueWave Enterprises,Marketing,2025-09,316688.33
BlueWave Enterprises,Marketing,2025-10,363613.51
BlueWave Enterprises,Marketing,2025-11,363589.39
BlueWave Enterprises,Marketing,2025-12,339926.74
BlueWave Enterprises,Marketing,2026-01,334259.46
BlueWave Enterprises,Marketing,2026-02,315405.4
BlueWave Enterprises,Marketing,2026-03,369797.27
BlueWave Enterprises,Marketing,2026-04,387063.49
BlueWave Enterprises,Marketing,2026-05,392215.65
BlueWave Enterprises,Marketing,2026-06,333158.42
BlueWave Enterprises,Marketing,2026-07,336022.26
BlueWave Enterprises,Professional Fees,2022-01,201495.75
BlueWave Enterprises,Professional Fees,2022-02,211205.14
BlueWave Enterprises,Professional Fees,2022-03,233932.31
BlueWave Enterprises,Professional Fees,2022-04,246723.85
BlueWave Enterprises,Professional Fees,2022-05,250525.32
BlueWave Enterprises,Professional Fees,2022-06,237779.13
BlueWave Enterprises,Professional Fees,2022-07,213274.6
BlueWave Enterprises,Professional Fees,2022-08,245487.46
BlueWave Enterprises,Professional Fees,2022-09,255853.81
BlueWave Enterprises,Professional Fees,2022-10,221622.99
BlueWave Enterprises,Professional Fees,2022-11,244905.36
BlueWave Enterprises,Professional Fees,2022-12,230108.55
BlueWave Enterprises,Professional Fees,2023-01,223404.22
BlueWave Enterprises,Professional Fees,2023-02,268682.8
BlueWave Enterprises,Professional Fees,2023-03,214823.63
BlueWave Enterprises,Professional Fees,2023-04,224701.75
BlueWave Enterprises,Professional Fees,2023-05,235838.05
BlueWave Enterprises,Professional Fees,2023-06,239084.22
BlueWave Enterprises,Professional Fees,2023-07,226360.3
BlueWave Enterprises,Professional Fees,2023-08,212797.2
BlueWave Enterprises,Professional Fees,2023-09,237402.75
BlueWave Enterprises,Professional Fees,2023-10,216778.93
BlueWave Enterprises,Professional Fees,2023-11,202261.57
BlueWave Enterprises,Professional Fees,2023-12,221575.04
BlueWave Enterprises,Professional Fees,2024-01,236217.38
BlueWave Enterprises,Professional Fees,2024-02,214426.27
BlueWave Enterprises,Professional Fees,2024-03,200302.13
BlueWave Enterprises,Professional Fees,2024-04,202563.46
BlueWave Enterprises,Professional Fees,2024-05,203322.47
BlueWave Enterprises,Professional Fees,2024-06,203605.38
BlueWave Enterprises,Professional Fees,2024-07,245176.77
BlueWave Enterprises,Professional Fees,2024-08,215129.6
BlueWave Enterprises,Professional Fees,2024-09,202608.75
BlueWave Enterprises,Professional Fees,2024-10,259027.11
BlueWave Enterprises,Professional Fees,2024-11,230459.06
BlueWave Enterprises,Professional Fees,2024-12,245673.99
BlueWave Enterprises,Professional Fees,2025-01,203063.63
BlueWave Enterprises,Professional Fees,2025-02,239870.36
BlueWave Enterprises,Professional Fees,2025-03,259976.75
BlueWave Enterprises,Professional Fees,2025-04,214557.51
BlueWave Enterprises,Professional Fees,2025-05,217845.19
BlueWave Enterprises,Professional Fees,2025-06,239679.63
BlueWave Enterprises,Professional Fees,2025-07,238563.75
BlueWave Enterprises,Professional Fees,2025-08,209456.45
BlueWave Enterprises,Professional Fees,2025-09,206148.57
BlueWave Enterprises,Professional Fees,2025-10,256249.72
BlueWave Enterprises,Professional Fees,2025-11,254969.27
BlueWave Enterprises,Professional Fees,2025-12,254076.34
BlueWave Enterprises,Professional Fees,2026-01,204612.2
BlueWave Enterprises,Professional Fees,2026-02,255887.39
BlueWave Enterprises,Professional Fees,2026-03,241273.83
BlueWave Enterprises,Professional Fees,2026-04,236272.43
BlueWave Enterprises,Professional Fees,2026-05,257187.67
BlueWave Enterprises,Professional Fees,2026-06,235511.49
BlueWave Enterprises,Professional Fees,2026-07,224113.12
BlueWave Enterprises,Bank Charges,2022-01,204984.34
BlueWave Enterprises,Bank Charges,2022-02,185299.27
BlueWave Enterprises,Bank Charges,2022-03,196542.77
BlueWave Enterprises,Bank Charges,2022-04,196317.01
BlueWave Enterprises,Bank Charges,2022-05,192557.08
BlueWave Enterprises,Bank Charges,2022-06,190740.95
BlueWave Enterprises,Bank Charges,2022-07,221853.81
BlueWave Enterprises,Bank Charges,2022-08,186880.36
BlueWave Enterprises,Bank Charges,2022-09,200987.53
BlueWave Enterprises,Bank Charges,2022-10,220601.74
BlueWave Enterprises,Bank Charges,2022-11,174568.83
BlueWave Enterprises,Bank Charges,2022-12,171881.79
BlueWave Enterprises,Bank Charges,2023-01,220793.54
BlueWave Enterprises,Bank Charges,2023-02,177604.1
BlueWave Enterprises,Bank Charges,2023-03,184977.76
BlueWave Enterprises,Bank Charges,2023-04,220239.93
BlueWave Enterprises,Bank Charges,2023-05,190569.69
BlueWave Enterprises,Bank Charges,2023-06,187213.19
BlueWave Enterprises,Bank Charges,2023-07,206509.38
BlueWave Enterprises,Bank Charges,2023-08,206938.68
BlueWave Enterprises,Bank Charges,2023-09,204961.74
BlueWave Enterprises,Bank Charges,2023-10,215023.58
BlueWave Enterprises,Bank Charges,2023-11,171563.55
BlueWave Enterprises,Bank Charges,2023-12,186126.27
BlueWave Enterprises,Bank Charges,2024-01,199677.56
BlueWave Enterprises,Bank Charges,2024-02,219673.22
BlueWave Enterprises,Bank Charges,2024-03,173537.89
BlueWave Enterprises,Bank Charges,2024-04,165906.3
BlueWave Enterprises,Bank Charges,2024-05,208351.45
BlueWave Enterprises,Bank Charges,2024-06,218377.15
BlueWave Enterprises,Bank Charges,2024-07,211819.91
BlueWave Enterprises,Bank Charges,2024-08,220662.12
BlueWave Enterprises,Bank Charges,2024-09,182501.44
BlueWave Enterprises,Bank Charges,2024-10,213228.45
BlueWave Enterprises,Bank Charges,2024-11,216844.65
BlueWave Enterprises,Bank Charges,2024-12,172846.5
BlueWave Enterprises,Bank Charges,2025-01,177499.18
BlueWave Enterprises,Bank Charges,2025-02,190034.93
BlueWave Enterprises,Bank Charges,2025-03,220276.07
BlueWave Enterprises,Bank Charges,2025-04,208574.37
BlueWave Enterprises,Bank Charges,2025-05,170189.19
BlueWave Enterprises,Bank Charges,2025-06,190495.9
BlueWave Enterprises,Bank Charges,2025-07,193713.75
BlueWave Enterprises,Bank Charges,2025-08,165190.06
BlueWave Enterprises,Bank Charges,2025-09,201900.19
BlueWave Enterprises,Bank Charges,2025-10,202309.94
BlueWave Enterprises,Bank Charges,2025-11,205764.28
BlueWave Enterprises,Bank Charges,2025-12,182610.59
BlueWave Enterprises,Bank Charges,2026-01,166267.44
BlueWave Enterprises,Bank Charges,2026-02,194256.99
BlueWave Enterprises,Bank Charges,2026-03,182216.59
BlueWave Enterprises,Bank Charges,2026-04,213155.71
BlueWave Enterprises,Bank Charges,2026-05,218537.7
BlueWave Enterprises,Bank Charges,2026-06,166866.93
BlueWave Enterprises,Bank Charges,2026-07,194990.17
BlueWave Enterprises,Other Expense,2022-01,372443.61
BlueWave Enterprises,Other Expense,2022-02,368489.26
BlueWave Enterprises,Other Expense,2022-03,353184.59
BlueWave Enterprises,Other Expense,2022-04,385344.98
BlueWave Enterprises,Other Expense,2022-05,341377.8
BlueWave Enterprises,Other Expense,2022-06,393862.18
BlueWave Enterprises,Other Expense,2022-07,362534.78
BlueWave Enterprises,Other Expense,2022-08,354124.22
BlueWave Enterprises,Other Expense,2022-09,393607.93
BlueWave Enterprises,Other Expense,2022-10,348151.84
BlueWave Enterprises,Other Expense,2022-11,373601.0
BlueWave Enterprises,Other Expense,2022-12,420057.97
BlueWave Enterprises,Other Expense,2023-01,401200.91
BlueWave Enterprises,Other Expense,2023-02,436007.37
BlueWave Enterprises,Other Expense,2023-03,428530.25
BlueWave Enterprises,Other Expense,2023-04,404970.19
BlueWave Enterprises,Other Expense,2023-05,385842.45
BlueWave Enterprises,Other Expense,2023-06,453132.74
BlueWave Enterprises,Other Expense,2023-07,376131.83
BlueWave Enterprises,Other Expense,2023-08,396742.7
BlueWave Enterprises,Other Expense,2023-09,432894.75
BlueWave Enterprises,Other Expense,2023-10,393736.03
BlueWave Enterprises,Other Expense,2023-11,364493.0
BlueWave Enterprises,Other Expense,2023-12,416539.02
BlueWave Enterprises,Other Expense,2024-01,377528.43
BlueWave Enterprises,Other Expense,2024-02,370140.11
BlueWave Enterprises,Other Expense,2024-03,383807.98
BlueWave Enterprises,Other Expense,2024-04,441353.82
BlueWave Enterprises,Other Expense,2024-05,383427.64
BlueWave Enterprises,Other Expense,2024-06,356229.33
BlueWave Enterprises,Other Expense,2024-07,410418.99
BlueWave Enterprises,Other Expense,2024-08,432234.06
BlueWave Enterprises,Other Expense,2024-09,447723.89
BlueWave Enterprises,Other Expense,2024-10,346952.85
BlueWave Enterprises,Other Expense,2024-11,361732.13
BlueWave Enterprises,Other Expense,2024-12,359068.77
BlueWave Enterprises,Other Expense,2025-01,408409.96
BlueWave Enterprises,Other Expense,2025-02,428245.64
BlueWave Enterprises,Other Expense,2025-03,408910.97
BlueWave Enterprises,Other Expense,2025-04,358011.17
BlueWave Enterprises,Other Expense,2025-05,448142.99
BlueWave Enterprises,Other Expense,2025-06,395089.11
BlueWave Enterprises,Other Expense,2025-07,426865.72
BlueWave Enterprises,Other Expense,2025-08,414567.34
BlueWave Enterprises,Other Expense,2025-09,345021.14
BlueWave Enterprises,Other Expense,2025-10,441391.54
BlueWave Enterprises,Other Expense,2025-11,436095.55
BlueWave Enterprises,Other Expense,2025-12,352753.89
BlueWave Enterprises,Other Expense,2026-01,433732.95
BlueWave Enterprises,Other Expense,2026-02,453552.24
BlueWave Enterprises,Other Expense,2026-03,413204.34
BlueWave Enterprises,Other Expense,2026-04,378001.62
BlueWave Enterprises,Other Expense,2026-05,416737.86
BlueWave Enterprises,Other Expense,2026-06,395908.36
BlueWave Enterprises,Other Expense,2026-07,361517.09
BlueWave Enterprises,Raw Materials,2022-01,151520.89
BlueWave Enterprises,Raw Materials,2022-02,140755.5
BlueWave Enterprises,Raw Materials,2022-03,174872.71
BlueWave Enterprises,Raw Materials,2022-04,161638.78
BlueWave Enterprises,Raw Materials,2022-05,163682.59
BlueWave Enterprises,Raw Materials,2022-06,148236.56
BlueWave Enterprises,Raw Materials,2022-07,168157.21
BlueWave Enterprises,Raw Materials,2022-08,160888.67
BlueWave Enterprises,Raw Materials,2022-09,168578.08
BlueWave Enterprises,Raw Materials,2022-10,149766.4
BlueWave Enterprises,Raw Materials,2022-11,136703.06
BlueWave Enterprises,Raw Materials,2022-12,167585.11
BlueWave Enterprises,Raw Materials,2023-01,134999.59
BlueWave Enterprises,Raw Materials,2023-02,156969.23
BlueWave Enterprises,Raw Materials,2023-03,145778.67
BlueWave Enterprises,Raw Materials,2023-04,156392.7
BlueWave Enterprises,Raw Materials,2023-05,172622.95
BlueWave Enterprises,Raw Materials,2023-06,141130.07
BlueWave Enterprises,Raw Materials,2023-07,135544.55
BlueWave Enterprises,Raw Materials,2023-08,174201.68
BlueWave Enterprises,Raw Materials,2023-09,151935.66
BlueWave Enterprises,Raw Materials,2023-10,136746.88
BlueWave Enterprises,Raw Materials,2023-11,164787.51
BlueWave Enterprises,Raw Materials,2023-12,160036.26
BlueWave Enterprises,Raw Materials,2024-01,173461.61
BlueWave Enterprises,Raw Materials,2024-02,173019.03
BlueWave Enterprises,Raw Materials,2024-03,155766.85
BlueWave Enterprises,Raw Materials,2024-04,154984.94
BlueWave Enterprises,Raw Materials,2024-05,171505.49
BlueWave Enterprises,Raw Materials,2024-06,154261.31
BlueWave Enterprises,Raw Materials,2024-07,159450.65
BlueWave Enterprises,Raw Materials,2024-08,145652.72
BlueWave Enterprises,Raw Materials,2024-09,153462.96
BlueWave Enterprises,Raw Materials,2024-10,142500.23
BlueWave Enterprises,Raw Materials,2024-11,160187.47
BlueWave Enterprises,Raw Materials,2024-12,153855.02
BlueWave Enterprises,Raw Materials,2025-01,166954.47
BlueWave Enterprises,Raw Materials,2025-02,166969.68
BlueWave Enterprises,Raw Materials,2025-03,141471.42
BlueWave Enterprises,Raw Materials,2025-04,164748.86
BlueWave Enterprises,Raw Materials,2025-05,142060.38
BlueWave Enterprises,Raw Materials,2025-06,163686.84
BlueWave Enterprises,Raw Materials,2025-07,174740.46
BlueWave Enterprises,Raw Materials,2025-08,163459.68
BlueWave Enterprises,Raw Materials,2025-09,147514.16
BlueWave Enterprises,Raw Materials,2025-10,146952.32
BlueWave Enterprises,Raw Materials,2025-11,132249.54
BlueWave Enterprises,Raw Materials,2025-12,173096.94
BlueWave Enterprises,Raw Materials,2026-01,172957.73
BlueWave Enterprises,Raw Materials,2026-02,142955.38
BlueWave Enterprises,Raw Materials,2026-03,148175.96
BlueWave Enterprises,Raw Materials,2026-04,154928.53
BlueWave Enterprises,Raw Materials,2026-05,169687.18
BlueWave Enterprises,Raw Materials,2026-06,142706.51
BlueWave Enterprises,Raw Materials,2026-07,141570.86
BlueWave Enterprises,Equipment Purchase,2022-01,98496.47
BlueWave Enterprises,Equipment Purchase,2022-02,105027.57
BlueWave Enterprises,Equipment Purchase,2022-03,96280.58
BlueWave Enterprises,Equipment Purchase,2022-04,96049.13
BlueWave Enterprises,Equipment Purchase,2022-05,85240.95
BlueWave Enterprises,Equipment Purchase,2022-06,86846.48
BlueWave Enterprises,Equipment Purchase,2022-07,94499.48
BlueWave Enterprises,Equipment Purchase,2022-08,100885.14
BlueWave Enterprises,Equipment Purchase,2022-09,84022.16
BlueWave Enterprises,Equipment Purchase,2022-10,97691.57
BlueWave Enterprises,Equipment Purchase,2022-11,82552.74
BlueWave Enterprises,Equipment Purchase,2022-12,108422.81
BlueWave Enterprises,Equipment Purchase,2023-01,98679.04
BlueWave Enterprises,Equipment Purchase,2023-02,95092.28
BlueWave Enterprises,Equipment Purchase,2023-03,84633.55
BlueWave Enterprises,Equipment Purchase,2023-04,91204.94
BlueWave Enterprises,Equipment Purchase,2023-05,106991.5
BlueWave Enterprises,Equipment Purchase,2023-06,83381.06
BlueWave Enterprises,Equipment Purchase,2023-07,95111.77
BlueWave Enterprises,Equipment Purchase,2023-08,96799.36
BlueWave Enterprises,Equipment Purchase,2023-09,89311.78
BlueWave Enterprises,Equipment Purchase,2023-10,111270.19
BlueWave Enterprises,Equipment Purchase,2023-11,96499.12
BlueWave Enterprises,Equipment Purchase,2023-12,83384.62
BlueWave Enterprises,Equipment Purchase,2024-01,103244.59
BlueWave Enterprises,Equipment Purchase,2024-02,108531.79
BlueWave Enterprises,Equipment Purchase,2024-03,105742.44
BlueWave Enterprises,Equipment Purchase,2024-04,107387.87
BlueWave Enterprises,Equipment Purchase,2024-05,84029.75
BlueWave Enterprises,Equipment Purchase,2024-06,96931.62
BlueWave Enterprises,Equipment Purchase,2024-07,91386.76
BlueWave Enterprises,Equipment Purchase,2024-08,105947.49
BlueWave Enterprises,Equipment Purchase,2024-09,90538.99
BlueWave Enterprises,Equipment Purchase,2024-10,100595.23
BlueWave Enterprises,Equipment Purchase,2024-11,100128.16
BlueWave Enterprises,Equipment Purchase,2024-12,96241.41
BlueWave Enterprises,Equipment Purchase,2025-01,108937.31
BlueWave Enterprises,Equipment Purchase,2025-02,88590.21
BlueWave Enterprises,Equipment Purchase,2025-03,101143.73
BlueWave Enterprises,Equipment Purchase,2025-04,85445.77
BlueWave Enterprises,Equipment Purchase,2025-05,105702.6
BlueWave Enterprises,Equipment Purchase,2025-06,97356.71
BlueWave Enterprises,Equipment Purchase,2025-07,83681.12
BlueWave Enterprises,Equipment Purchase,2025-08,110582.0
BlueWave Enterprises,Equipment Purchase,2025-09,85590.23
BlueWave Enterprises,Equipment Purchase,2025-10,85858.88
BlueWave Enterprises,Equipment Purchase,2025-11,102300.26
BlueWave Enterprises,Equipment Purchase,2025-12,108387.53
BlueWave Enterprises,Equipment Purchase,2026-01,87174.91
BlueWave Enterprises,Equipment Purchase,2026-02,107101.12
BlueWave Enterprises,Equipment Purchase,2026-03,111345.88
BlueWave Enterprises,Equipment Purchase,2026-04,84298.0
BlueWave Enterprises,Equipment Purchase,2026-05,91034.1
BlueWave Enterprises,Equipment Purchase,2026-06,108954.04
BlueWave Enterprises,Equipment Purchase,2026-07,96056.29
BlueWave Enterprises,Insurance,2022-01,273514.3
BlueWave Enterprises,Insurance,2022-02,310571.42
BlueWave Enterprises,Insurance,2022-03,282305.3
BlueWave Enterprises,Insurance,2022-04,333345.33
BlueWave Enterprises,Insurance,2022-05,331012.75
BlueWave Enterprises,Insurance,2022-06,333070.84
BlueWave Enterprises,Insurance,2022-07,325947.59
BlueWave Enterprises,Insurance,2022-08,302055.49
BlueWave Enterprises,Insurance,2022-09,278813.27
BlueWave Enterprises,Insurance,2022-10,288243.87
BlueWave Enterprises,Insurance,2022-11,263009.57
BlueWave Enterprises,Insurance,2022-12,302794.88
BlueWave Enterprises,Insurance,2023-01,329989.4
BlueWave Enterprises,Insurance,2023-02,284571.34
BlueWave Enterprises,Insurance,2023-03,313711.74
BlueWave Enterprises,Insurance,2023-04,273629.29
BlueWave Enterprises,Insurance,2023-05,281050.5
BlueWave Enterprises,Insurance,2023-06,263021.83
BlueWave Enterprises,Insurance,2023-07,251904.94
BlueWave Enterprises,Insurance,2023-08,292906.1
BlueWave Enterprises,Insurance,2023-09,325998.27
BlueWave Enterprises,Insurance,2023-10,259812.5
BlueWave Enterprises,Insurance,2023-11,266427.61
BlueWave Enterprises,Insurance,2023-12,266320.77
BlueWave Enterprises,Insurance,2024-01,329948.57
BlueWave Enterprises,Insurance,2024-02,269098.64
BlueWave Enterprises,Insurance,2024-03,254924.03
BlueWave Enterprises,Insurance,2024-04,303847.28
BlueWave Enterprises,Insurance,2024-05,323826.08
BlueWave Enterprises,Insurance,2024-06,311780.99
BlueWave Enterprises,Insurance,2024-07,304128.31
BlueWave Enterprises,Insurance,2024-08,269072.46
BlueWave Enterprises,Insurance,2024-09,324146.23
BlueWave Enterprises,Insurance,2024-10,267175.22
BlueWave Enterprises,Insurance,2024-11,295689.47
BlueWave Enterprises,Insurance,2024-12,262920.79
BlueWave Enterprises,Insurance,2025-01,282794.47
BlueWave Enterprises,Insurance,2025-02,298302.91
BlueWave Enterprises,Insurance,2025-03,270354.44
BlueWave Enterprises,Insurance,2025-04,247871.71
BlueWave Enterprises,Insurance,2025-05,302588.96
BlueWave Enterprises,Insurance,2025-06,282768.72
BlueWave Enterprises,Insurance,2025-07,250223.49
BlueWave Enterprises,Insurance,2025-08,315189.78
BlueWave Enterprises,Insurance,2025-09,265751.26
BlueWave Enterprises,Insurance,2025-10,293652.61
BlueWave Enterprises,Insurance,2025-11,308246.72
BlueWave Enterprises,Insurance,2025-12,323236.87
BlueWave Enterprises,Insurance,2026-01,318895.97
BlueWave Enterprises,Insurance,2026-02,289565.35
BlueWave Enterprises,Insurance,2026-03,251987.95
BlueWave Enterprises,Insurance,2026-04,259365.89
BlueWave Enterprises,Insurance,2026-05,270358.91
BlueWave Enterprises,Insurance,2026-06,332978.75
BlueWave Enterprises,Insurance,2026-07,269526.88
BlueWave Enterprises,Repairs & Maintenance,2022-01,367602.7
BlueWave Enterprises,Repairs & Maintenance,2022-02,408127.33
BlueWave Enterprises,Repairs & Maintenance,2022-03,362025.67
BlueWave Enterprises,Repairs & Maintenance,2022-04,446225.93
BlueWave Enterprises,Repairs & Maintenance,2022-05,362829.1
BlueWave Enterprises,Repairs & Maintenance,2022-06,442332.37
BlueWave Enterprises,Repairs & Maintenance,2022-07,398828.8
BlueWave Enterprises,Repairs & Maintenance,2022-08,392408.96
BlueWave Enterprises,Repairs & Maintenance,2022-09,404036.85
BlueWave Enterprises,Repairs & Maintenance,2022-10,356989.48
BlueWave Enterprises,Repairs & Maintenance,2022-11,350616.34
BlueWave Enterprises,Repairs & Maintenance,2022-12,419380.84
BlueWave Enterprises,Repairs & Maintenance,2023-01,357128.28
BlueWave Enterprises,Repairs & Maintenance,2023-02,371374.8
BlueWave Enterprises,Repairs & Maintenance,2023-03,426756.87
BlueWave Enterprises,Repairs & Maintenance,2023-04,335074.43
BlueWave Enterprises,Repairs & Maintenance,2023-05,348927.75
BlueWave Enterprises,Repairs & Maintenance,2023-06,367950.24
BlueWave Enterprises,Repairs & Maintenance,2023-07,434757.85
BlueWave Enterprises,Repairs & Maintenance,2023-08,362313.05
BlueWave Enterprises,Repairs & Maintenance,2023-09,428323.53
BlueWave Enterprises,Repairs & Maintenance,2023-10,410934.05
BlueWave Enterprises,Repairs & Maintenance,2023-11,413606.47
BlueWave Enterprises,Repairs & Maintenance,2023-12,358101.15
BlueWave Enterprises,Repairs & Maintenance,2024-01,422076.16
BlueWave Enterprises,Repairs & Maintenance,2024-02,427823.01
BlueWave Enterprises,Repairs & Maintenance,2024-03,372530.37
BlueWave Enterprises,Repairs & Maintenance,2024-04,424295.35
BlueWave Enterprises,Repairs & Maintenance,2024-05,447833.09
BlueWave Enterprises,Repairs & Maintenance,2024-06,401043.78
BlueWave Enterprises,Repairs & Maintenance,2024-07,428906.91
BlueWave Enterprises,Repairs & Maintenance,2024-08,344653.83
BlueWave Enterprises,Repairs & Maintenance,2024-09,381134.87
BlueWave Enterprises,Repairs & Maintenance,2024-10,375386.25
BlueWave Enterprises,Repairs & Maintenance,2024-11,407294.75
BlueWave Enterprises,Repairs & Maintenance,2024-12,332649.1
BlueWave Enterprises,Repairs & Maintenance,2025-01,392401.01
BlueWave Enterprises,Repairs & Maintenance,2025-02,429948.72
BlueWave Enterprises,Repairs & Maintenance,2025-03,406653.95
BlueWave Enterprises,Repairs & Maintenance,2025-04,381665.36
BlueWave Enterprises,Repairs & Maintenance,2025-05,343603.87
BlueWave Enterprises,Repairs & Maintenance,2025-06,416387.33
BlueWave Enterprises,Repairs & Maintenance,2025-07,381430.68
BlueWave Enterprises,Repairs & Maintenance,2025-08,357244.01
BlueWave Enterprises,Repairs & Maintenance,2025-09,336258.78
BlueWave Enterprises,Repairs & Maintenance,2025-10,436257.06
BlueWave Enterprises,Repairs & Maintenance,2025-11,362021.29
BlueWave Enterprises,Repairs & Maintenance,2025-12,392950.4
BlueWave Enterprises,Repairs & Maintenance,2026-01,384511.38
BlueWave Enterprises,Repairs & Maintenance,2026-02,345159.44
BlueWave Enterprises,Repairs & Maintenance,2026-03,387888.83
BlueWave Enterprises,Repairs & Maintenance,2026-04,426270.16
BlueWave Enterprises,Repairs & Maintenance,2026-05,354914.16
BlueWave Enterprises,Repairs & Maintenance,2026-06,393293.6
BlueWave Enterprises,Repairs & Maintenance,2026-07,352085.64
Everest LLP,Office Supplies,2022-01,34123.19
Everest LLP,Office Supplies,2022-02,35912.95
Everest LLP,Office Supplies,2022-03,37340.35
Everest LLP,Office Supplies,2022-04,35716.75
Everest LLP,Office Supplies,2022-05,40197.66
Everest LLP,Office Supplies,2022-06,44522.38
Everest LLP,Office Supplies,2022-07,33038.47
Everest LLP,Office Supplies,2022-08,41619.22
Everest LLP,Office Supplies,2022-09,42993.57
Everest LLP,Office Supplies,2022-10,43486.89
Everest LLP,Office Supplies,2022-11,38339.56
Everest LLP,Office Supplies,2022-12,43867.81
Everest LLP,Office Supplies,2023-01,42491.53
Everest LLP,Office Supplies,2023-02,33844.34
Everest LLP,Office Supplies,2023-03,37850.61
Everest LLP,Office Supplies,2023-04,34566.59
Everest LLP,Office Supplies,2023-05,41912.75
Everest LLP,Office Supplies,2023-06,37917.3
Everest LLP,Office Supplies,2023-07,38518.53
Everest LLP,Office Supplies,2023-08,38862.34
Everest LLP,Office Supplies,2023-09,35051.93
Everest LLP,Office Supplies,2023-10,36791.68
Everest LLP,Office Supplies,2023-11,33635.18
Everest LLP,Office Supplies,2023-12,41500.83
Everest LLP,Office Supplies,2024-01,38071.06
Everest LLP,Office Supplies,2024-02,42155.1
Everest LLP,Office Supplies,2024-03,37223.68
Everest LLP,Office Supplies,2024-04,33307.14
Everest LLP,Office Supplies,2024-05,44046.36
Everest LLP,Office Supplies,2024-06,43419.42
Everest LLP,Office Supplies,2024-07,44093.62
Everest LLP,Office Supplies,2024-08,34896.93
Everest LLP,Office Supplies,2024-09,34945.95
Everest LLP,Office Supplies,2024-10,39171.34
Everest LLP,Office Supplies,2024-11,34677.86
Everest LLP,Office Supplies,2024-12,35675.95
Everest LLP,Office Supplies,2025-01,36365.67
Everest LLP,Office Supplies,2025-02,42475.79
Everest LLP,Office Supplies,2025-03,33274.99
Everest LLP,Office Supplies,2025-04,42535.18
Everest LLP,Office Supplies,2025-05,39643.67
Everest LLP,Office Supplies,2025-06,42119.35
Everest LLP,Office Supplies,2025-07,43457.22
Everest LLP,Office Supplies,2025-08,43633.87
Everest LLP,Office Supplies,2025-09,39471.81
Everest LLP,Office Supplies,2025-10,41200.43
Everest LLP,Office Supplies,2025-11,43546.68
Everest LLP,Office Supplies,2025-12,33581.7
Everest LLP,Office Supplies,2026-01,38109.21
Everest LLP,Office Supplies,2026-02,39372.44
Everest LLP,Office Supplies,2026-03,37240.69
Everest LLP,Office Supplies,2026-04,35312.47
Everest LLP,Office Supplies,2026-05,43231.21
Everest LLP,Office Supplies,2026-06,38176.51
Everest LLP,Office Supplies,2026-07,39766.98
Everest LLP,Rent,2022-01,274911.92
Everest LLP,Rent,2022-02,293782.54
Everest LLP,Rent,2022-03,316018.43
Everest LLP,Rent,2022-04,308735.99
Everest LLP,Rent,2022-05,252478.05
Everest LLP,Rent,2022-06,291595.63
Everest LLP,Rent,2022-07,251777.52
Everest LLP,Rent,2022-08,320354.53
Everest LLP,Rent,2022-09,296211.11
Everest LLP,Rent,2022-10,307450.98
Everest LLP,Rent,2022-11,294689.47
Everest LLP,Rent,2022-12,330917.73
Everest LLP,Rent,2023-01,288517.06
Everest LLP,Rent,2023-02,266593.27
Everest LLP,Rent,2023-03,319334.46
Everest LLP,Rent,2023-04,260179.78
Everest LLP,Rent,2023-05,300943.04
Everest LLP,Rent,2023-06,318124.12
Everest LLP,Rent,2023-07,276835.06
Everest LLP,Rent,2023-08,263142.04
Everest LLP,Rent,2023-09,333290.78
Everest LLP,Rent,2023-10,292975.61
Everest LLP,Rent,2023-11,332455.21
Everest LLP,Rent,2023-12,294196.34
Everest LLP,Rent,2024-01,328788.3
Everest LLP,Rent,2024-02,327844.81
Everest LLP,Rent,2024-03,270309.3
Everest LLP,Rent,2024-04,316465.07
Everest LLP,Rent,2024-05,285617.28
Everest LLP,Rent,2024-06,329815.31
Everest LLP,Rent,2024-07,284122.99
Everest LLP,Rent,2024-08,253329.94
Everest LLP,Rent,2024-09,310287.97
Everest LLP,Rent,2024-10,287306.01
Everest LLP,Rent,2024-11,286056.97
Everest LLP,Rent,2024-12,247688.07
Everest LLP,Rent,2025-01,257217.96
Everest LLP,Rent,2025-02,321611.63
Everest LLP,Rent,2025-03,289764.06
Everest LLP,Rent,2025-04,272889.04
Everest LLP,Rent,2025-05,299383.91
Everest LLP,Rent,2025-06,306182.34
Everest LLP,Rent,2025-07,293653.53
Everest LLP,Rent,2025-08,287782.41
Everest LLP,Rent,2025-09,297908.85
Everest LLP,Rent,2025-10,247444.92
Everest LLP,Rent,2025-11,303148.62
Everest LLP,Rent,2025-12,309936.38
Everest LLP,Rent,2026-01,259551.28
Everest LLP,Rent,2026-02,325770.26
Everest LLP,Rent,2026-03,289292.41
Everest LLP,Rent,2026-04,269211.63
Everest LLP,Rent,2026-05,268371.83
Everest LLP,Rent,2026-06,299618.76
Everest LLP,Rent,2026-07,262294.63
Everest LLP,Utilities,2022-01,358812.39
Everest LLP,Utilities,2022-02,365815.51
Everest LLP,Utilities,2022-03,394414.88
Everest LLP,Utilities,2022-04,410416.96
Everest LLP,Utilities,2022-05,369274.35
Everest LLP,Utilities,2022-06,336296.81
Everest LLP,Utilities,2022-07,366939.56
Everest LLP,Utilities,2022-08,324205.33
Everest LLP,Utilities,2022-09,334028.73
Everest LLP,Utilities,2022-10,351430.28
Everest LLP,Utilities,2022-11,397151.9
Everest LLP,Utilities,2022-12,339831.12
Everest LLP,Utilities,2023-01,394227.33
Everest LLP,Utilities,2023-02,371753.75
Everest LLP,Utilities,2023-03,393623.35
Everest LLP,Utilities,2023-04,315466.56
Everest LLP,Utilities,2023-05,354582.55
Everest LLP,Utilities,2023-06,402383.58
Everest LLP,Utilities,2023-07,392375.27
Everest LLP,Utilities,2023-08,400619.6
Everest LLP,Utilities,2023-09,328309.56
Everest LLP,Utilities,2023-10,396341.66
Everest LLP,Utilities,2023-11,342761.51
Everest LLP,Utilities,2023-12,320470.05
Everest LLP,Utilities,2024-01,341772.53
Everest LLP,Utilities,2024-02,350157.42
Everest LLP,Utilities,2024-03,390641.48
Everest LLP,Utilities,2024-04,394169.14
Everest LLP,Utilities,2024-05,348580.29
Everest LLP,Utilities,2024-06,316948.26
Everest LLP,Utilities,2024-07,321242.26
Everest LLP,Utilities,2024-08,407625.77
Everest LLP,Utilities,2024-09,390257.06
Everest LLP,Utilities,2024-10,323462.03
Everest LLP,Utilities,2024-11,368124.63
Everest LLP,Utilities,2024-12,383268.48
Everest LLP,Utilities,2025-01,335337.31
Everest LLP,Utilities,2025-02,313916.64
Everest LLP,Utilities,2025-03,384808.07
Everest LLP,Utilities,2025-04,390767.96
Everest LLP,Utilities,2025-05,409365.76
Everest LLP,Utilities,2025-06,322205.3
Everest LLP,Utilities,2025-07,337519.73
Everest LLP,Utilities,2025-08,321800.66
Everest LLP,Utilities,2025-09,400008.43
Everest LLP,Utilities,2025-10,305809.01
Everest LLP,Utilities,2025-11,357675.59
Everest LLP,Utilities,2025-12,305785.68
Everest LLP,Utilities,2026-01,381980.76
Everest LLP,Utilities,2026-02,305345.0
Everest LLP,Utilities,2026-03,351556.54
Everest LLP,Utilities,2026-04,344754.09
Everest LLP,Utilities,2026-05,391997.52
Everest LLP,Utilities,2026-06,309801.45
Everest LLP,Utilities,2026-07,330968.86
Everest LLP,Salaries,2022-01,357872.29
Everest LLP,Salaries,2022-02,404123.38
Everest LLP,Salaries,2022-03,389415.13
Everest LLP,Salaries,2022-04,427275.75
Everest LLP,Salaries,2022-05,414317.57
Everest LLP,Salaries,2022-06,339405.12
Everest LLP,Salaries,2022-07,426576.31
Everest LLP,Salaries,2022-08,447534.04
Everest LLP,Salaries,2022-09,345638.78
Everest LLP,Salaries,2022-10,449734.85
Everest LLP,Salaries,2022-11,348121.02
Everest LLP,Salaries,2022-12,361019.26
Everest LLP,Salaries,2023-01,446614.96
Everest LLP,Salaries,2023-02,373187.28
Everest LLP,Salaries,2023-03,442288.28
Everest LLP,Salaries,2023-04,386460.49
Everest LLP,Salaries,2023-05,412908.17
Everest LLP,Salaries,2023-06,391022.44
Everest LLP,Salaries,2023-07,334977.0
Everest LLP,Salaries,2023-08,341008.78
Everest LLP,Salaries,2023-09,396637.06
Everest LLP,Salaries,2023-10,402824.2
Everest LLP,Salaries,2023-11,338029.36
Everest LLP,Salaries,2023-12,395751.53
Everest LLP,Salaries,2024-01,389823.05
Everest LLP,Salaries,2024-02,384197.82
Everest LLP,Salaries,2024-03,439400.33
Everest LLP,Salaries,2024-04,430006.68
Everest LLP,Salaries,2024-05,402399.99
Everest LLP,Salaries,2024-06,402580.13
Everest LLP,Salaries,2024-07,371675.83
Everest LLP,Salaries,2024-08,345131.52
Everest LLP,Salaries,2024-09,408175.37
Everest LLP,Salaries,2024-10,448836.66
Everest LLP,Salaries,2024-11,343071.04
Everest LLP,Salaries,2024-12,363743.48
Everest LLP,Salaries,2025-01,424689.6
Everest LLP,Salaries,2025-02,443148.72
Everest LLP,Salaries,2025-03,356001.09
Everest LLP,Salaries,2025-04,355584.94
Everest LLP,Salaries,2025-05,357339.73
Everest LLP,Salaries,2025-06,390893.94
Everest LLP,Salaries,2025-07,336087.91
Everest LLP,Salaries,2025-08,341119.48
Everest LLP,Salaries,2025-09,447947.18
Everest LLP,Salaries,2025-10,384222.08
Everest LLP,Salaries,2025-11,397306.26
Everest LLP,Salaries,2025-12,445907.34
Everest LLP,Salaries,2026-01,363870.55
Everest LLP,Salaries,2026-02,396942.4
Everest LLP,Salaries,2026-03,418284.99
Everest LLP,Salaries,2026-04,409631.04
Everest LLP,Salaries,2026-05,351701.86
Everest LLP,Salaries,2026-06,431713.66
Everest LLP,Salaries,2026-07,358844.88
Everest LLP,Travel,2022-01,173379.54
Everest LLP,Travel,2022-02,210007.94
Everest LLP,Travel,2022-03,220097.14
Everest LLP,Travel,2022-04,174402.59
Everest LLP,Travel,2022-05,175352.6
Everest LLP,Travel,2022-06,198875.37
Everest LLP,Travel,2022-07,177582.98
Everest LLP,Travel,2022-08,165496.42
Everest LLP,Travel,2022-09,164983.97
Everest LLP,Travel,2022-10,196116.55
Everest LLP,Travel,2022-11,190392.79
Everest LLP,Travel,2022-12,201935.67
Everest LLP,Travel,2023-01,220748.55
Everest LLP,Travel,2023-02,163785.89
Everest LLP,Travel,2023-03,205460.45
Everest LLP,Travel,2023-04,198239.06
Everest LLP,Travel,2023-05,184442.17
Everest LLP,Travel,2023-06,164682.62
Everest LLP,Travel,2023-07,213784.02
Everest LLP,Travel,2023-08,164958.72
Everest LLP,Travel,2023-09,190222.15
Everest LLP,Travel,2023-10,203723.16
Everest LLP,Travel,2023-11,201034.85
Everest LLP,Travel,2023-12,168586.3
Everest LLP,Travel,2024-01,200254.93
Everest LLP,Travel,2024-02,205541.22
Everest LLP,Travel,2024-03,178257.12
Everest LLP,Travel,2024-04,211072.15
Everest LLP,Travel,2024-05,201070.0
Everest LLP,Travel,2024-06,219861.14
Everest LLP,Travel,2024-07,188471.71
Everest LLP,Travel,2024-08,213741.72
Everest LLP,Travel,2024-09,182184.23
Everest LLP,Travel,2024-10,169268.34
Everest LLP,Travel,2024-11,186610.98
Everest LLP,Travel,2024-12,172741.51
Everest LLP,Travel,2025-01,215025.63
Everest LLP,Travel,2025-02,206922.46
Everest LLP,Travel,2025-03,203420.22
Everest LLP,Travel,2025-04,179383.1
Everest LLP,Travel,2025-05,212942.1
Everest LLP,Travel,2025-06,190175.75
Everest LLP,Travel,2025-07,214194.4
Everest LLP,Travel,2025-08,208076.25
Everest LLP,Travel,2025-09,202314.77
Everest LLP,Travel,2025-10,186260.67
Everest LLP,Travel,2025-11,217339.84
Everest LLP,Travel,2025-12,189148.47
Everest LLP,Travel,2026-01,189593.9
Everest LLP,Travel,2026-02,215090.64
Everest LLP,Travel,2026-03,219241.41
Everest LLP,Travel,2026-04,213369.86
Everest LLP,Travel,2026-05,180974.06
Everest LLP,Travel,2026-06,194873.0
Everest LLP,Travel,2026-07,219634.87
Everest LLP,Marketing,2022-01,29499.23
Everest LLP,Marketing,2022-02,32000.58
Everest LLP,Marketing,2022-03,28841.42
Everest LLP,Marketing,2022-04,32337.67
Everest LLP,Marketing,2022-05,29613.36
Everest LLP,Marketing,2022-06,24696.9
Everest LLP,Marketing,2022-07,24454.51
Everest LLP,Marketing,2022-08,32940.21
Everest LLP,Marketing,2022-09,24540.22
Everest LLP,Marketing,2022-10,26933.67
Everest LLP,Marketing,2022-11,25210.5
Everest LLP,Marketing,2022-12,31694.51
Everest LLP,Marketing,2023-01,27983.72
Everest LLP,Marketing,2023-02,30290.4
Everest LLP,Marketing,2023-03,31454.69
Everest LLP,Marketing,2023-04,27726.75
Everest LLP,Marketing,2023-05,25455.36
Everest LLP,Marketing,2023-06,26341.62
Everest LLP,Marketing,2023-07,25583.76
Everest LLP,Marketing,2023-08,30965.9
Everest LLP,Marketing,2023-09,30571.53
Everest LLP,Marketing,2023-10,30333.08
Everest LLP,Marketing,2023-11,28923.46
Everest LLP,Marketing,2023-12,30661.95
Everest LLP,Marketing,2024-01,31469.22
Everest LLP,Marketing,2024-02,30118.54
Everest LLP,Marketing,2024-03,26758.72
Everest LLP,Marketing,2024-04,28615.62
Everest LLP,Marketing,2024-05,32333.76
Everest LLP,Marketing,2024-06,25474.73
Everest LLP,Marketing,2024-07,32299.24
Everest LLP,Marketing,2024-08,26453.36
Everest LLP,Marketing,2024-09,26936.91
Everest LLP,Marketing,2024-10,24533.17
Everest LLP,Marketing,2024-11,30013.65
Everest LLP,Marketing,2024-12,28011.9
Everest LLP,Marketing,2025-01,32576.63
Everest LLP,Marketing,2025-02,30393.57
Everest LLP,Marketing,2025-03,32356.02
Everest LLP,Marketing,2025-04,30625.0
Everest LLP,Marketing,2025-05,28509.28
Everest LLP,Marketing,2025-06,32888.56
Everest LLP,Marketing,2025-07,25488.15
Everest LLP,Marketing,2025-08,29771.83
Everest LLP,Marketing,2025-09,31269.29
Everest LLP,Marketing,2025-10,29110.16
Everest LLP,Marketing,2025-11,32184.13
Everest LLP,Marketing,2025-12,26081.44
Everest LLP,Marketing,2026-01,32744.39
Everest LLP,Marketing,2026-02,29164.1
Everest LLP,Marketing,2026-03,31445.48
Everest LLP,Marketing,2026-04,27426.35
Everest LLP,Marketing,2026-05,26718.1
Everest LLP,Marketing,2026-06,32036.88
Everest LLP,Marketing,2026-07,27469.49
Everest LLP,Professional Fees,2022-01,89513.61
Everest LLP,Professional Fees,2022-02,84640.07
Everest LLP,Professional Fees,2022-03,105779.46
Everest LLP,Professional Fees,2022-04,97476.66
Everest LLP,Professional Fees,2022-05,84364.4
Everest LLP,Professional Fees,2022-06,100660.11
Everest LLP,Professional Fees,2022-07,90310.5
Everest LLP,Professional Fees,2022-08,85561.41
Everest LLP,Professional Fees,2022-09,101644.77
Everest LLP,Professional Fees,2022-10,95660.19
Everest LLP,Professional Fees,2022-11,101781.26
Everest LLP,Professional Fees,2022-12,88015.66
Everest LLP,Professional Fees,2023-01,102219.27
Everest LLP,Professional Fees,2023-02,104787.25
Everest LLP,Professional Fees,2023-03,107453.78
Everest LLP,Professional Fees,2023-04,105850.96
Everest LLP,Professional Fees,2023-05,103950.17
Everest LLP,Professional Fees,2023-06,86840.1
Everest LLP,Professional Fees,2023-07,91955.27
Everest LLP,Professional Fees,2023-08,84042.12
Everest LLP,Professional Fees,2023-09,106690.47
Everest LLP,Professional Fees,2023-10,101854.43
Everest LLP,Professional Fees,2023-11,89577.44
Everest LLP,Professional Fees,2023-12,104089.12
Everest LLP,Professional Fees,2024-01,109206.32
Everest LLP,Professional Fees,2024-02,107037.89
Everest LLP,Professional Fees,2024-03,82926.91
Everest LLP,Professional Fees,2024-04,98812.51
Everest LLP,Professional Fees,2024-05,95685.3
Everest LLP,Professional Fees,2024-06,87924.43
Everest LLP,Professional Fees,2024-07,106344.72
Everest LLP,Professional Fees,2024-08,111235.94
Everest LLP,Professional Fees,2024-09,88245.14
Everest LLP,Professional Fees,2024-10,97886.58
Everest LLP,Professional Fees,2024-11,105852.52
Everest LLP,Professional Fees,2024-12,89049.64
Everest LLP,Professional Fees,2025-01,82961.63
Everest LLP,Professional Fees,2025-02,106301.0
Everest LLP,Professional Fees,2025-03,93249.96
Everest LLP,Professional Fees,2025-04,87007.09
Everest LLP,Professional Fees,2025-05,97144.69
Everest LLP,Professional Fees,2025-06,106680.78
Everest LLP,Professional Fees,2025-07,85348.37
Everest LLP,Professional Fees,2025-08,89536.61
Everest LLP,Professional Fees,2025-09,89913.74
Everest LLP,Professional Fees,2025-10,97366.64
Everest LLP,Professional Fees,2025-11,107830.95
Everest LLP,Professional Fees,2025-12,90060.65
Everest LLP,Professional Fees,2026-01,86513.42
Everest LLP,Professional Fees,2026-02,88598.46
Everest LLP,Professional Fees,2026-03,105965.41
Everest LLP,Professional Fees,2026-04,103185.69
Everest LLP,Professional Fees,2026-05,104198.36
Everest LLP,Professional Fees,2026-06,102520.55
Everest LLP,Professional Fees,2026-07,87236.56
Everest LLP,Bank Charges,2022-01,142135.65
Everest LLP,Bank Charges,2022-02,155793.08
Everest LLP,Bank Charges,2022-03,172002.24
Everest LLP,Bank Charges,2022-04,140490.23
Everest LLP,Bank Charges,2022-05,143276.11
Everest LLP,Bank Charges,2022-06,184810.47
Everest LLP,Bank Charges,2022-07,170419.09
Everest LLP,Bank Charges,2022-08,149967.09
Everest LLP,Bank Charges,2022-09,155641.41
Everest LLP,Bank Charges,2022-10,166779.49
Everest LLP,Bank Charges,2022-11,175974.84
Everest LLP,Bank Charges,2022-12,172052.78
Everest LLP,Bank Charges,2023-01,144458.72
Everest LLP,Bank Charges,2023-02,145071.21
Everest LLP,Bank Charges,2023-03,155222.11
Everest LLP,Bank Charges,2023-04,177948.81
Everest LLP,Bank Charges,2023-05,153110.74
Everest LLP,Bank Charges,2023-06,143081.63
Everest LLP,Bank Charges,2023-07,182383.71
Everest LLP,Bank Charges,2023-08,138209.25
Everest LLP,Bank Charges,2023-09,138997.81
Everest LLP,Bank Charges,2023-10,152529.56
Everest LLP,Bank Charges,2023-11,179667.53
Everest LLP,Bank Charges,2023-12,142826.99
Everest LLP,Bank Charges,2024-01,138784.93
Everest LLP,Bank Charges,2024-02,143537.13
Everest LLP,Bank Charges,2024-03,179365.88
Everest LLP,Bank Charges,2024-04,169848.46
Everest LLP,Bank Charges,2024-05,176901.57
Everest LLP,Bank Charges,2024-06,158944.53
Everest LLP,Bank Charges,2024-07,148922.55
Everest LLP,Bank Charges,2024-08,153955.57
Everest LLP,Bank Charges,2024-09,166897.66
Everest LLP,Bank Charges,2024-10,167650.38
Everest LLP,Bank Charges,2024-11,163773.18
Everest LLP,Bank Charges,2024-12,167682.4
Everest LLP,Bank Charges,2025-01,180888.46
Everest LLP,Bank Charges,2025-02,157586.28
Everest LLP,Bank Charges,2025-03,179381.88
Everest LLP,Bank Charges,2025-04,146814.75
Everest LLP,Bank Charges,2025-05,178838.76
Everest LLP,Bank Charges,2025-06,154783.22
Everest LLP,Bank Charges,2025-07,157214.95
Everest LLP,Bank Charges,2025-08,160291.81
Everest LLP,Bank Charges,2025-09,141587.84
Everest LLP,Bank Charges,2025-10,146665.63
Everest LLP,Bank Charges,2025-11,155581.75
Everest LLP,Bank Charges,2025-12,179166.23
Everest LLP,Bank Charges,2026-01,177015.14
Everest LLP,Bank Charges,2026-02,162919.18
Everest LLP,Bank Charges,2026-03,165282.52
Everest LLP,Bank Charges,2026-04,137752.26
Everest LLP,Bank Charges,2026-05,139039.4
Everest LLP,Bank Charges,2026-06,175108.45
Everest LLP,Bank Charges,2026-07,145315.63
Everest LLP,Other Expense,2022-01,59999.29
Everest LLP,Other Expense,2022-02,54298.83
Everest LLP,Other Expense,2022-03,65841.81
Everest LLP,Other Expense,2022-04,61109.58
Everest LLP,Other Expense,2022-05,65538.81
Everest LLP,Other Expense,2022-06,66031.4
Everest LLP,Other Expense,2022-07,60269.75
Everest LLP,Other Expense,2022-08,62212.39
Everest LLP,Other Expense,2022-09,64426.04
Everest LLP,Other Expense,2022-10,61715.68
Everest LLP,Other Expense,2022-11,69184.27
Everest LLP,Other Expense,2022-12,53644.57
Everest LLP,Other Expense,2023-01,66340.62
Everest LLP,Other Expense,2023-02,61291.76
Everest LLP,Other Expense,2023-03,60983.11
Everest LLP,Other Expense,2023-04,58592.79
Everest LLP,Other Expense,2023-05,59387.89
Everest LLP,Other Expense,2023-06,58125.54
Everest LLP,Other Expense,2023-07,62239.51
Everest LLP,Other Expense,2023-08,66167.07
Everest LLP,Other Expense,2023-09,56514.94
Everest LLP,Other Expense,2023-10,61235.9
Everest LLP,Other Expense,2023-11,55562.73
Everest LLP,Other Expense,2023-12,56894.9
Everest LLP,Other Expense,2024-01,53704.0
Everest LLP,Other Expense,2024-02,58482.25
Everest LLP,Other Expense,2024-03,55346.73
Everest LLP,Other Expense,2024-04,56610.84
Everest LLP,Other Expense,2024-05,61057.59
Everest LLP,Other Expense,2024-06,53395.64
Everest LLP,Other Expense,2024-07,66701.98
Everest LLP,Other Expense,2024-08,52434.26
Everest LLP,Other Expense,2024-09,57703.15
Everest LLP,Other Expense,2024-10,52638.5
Everest LLP,Other Expense,2024-11,55163.77
Everest LLP,Other Expense,2024-12,68211.96
Everest LLP,Other Expense,2025-01,63845.79
Everest LLP,Other Expense,2025-02,63114.21
Everest LLP,Other Expense,2025-03,57589.5
Everest LLP,Other Expense,2025-04,65898.0
Everest LLP,Other Expense,2025-05,54792.62
Everest LLP,Other Expense,2025-06,53212.22
Everest LLP,Other Expense,2025-07,62743.35
Everest LLP,Other Expense,2025-08,55088.87
Everest LLP,Other Expense,2025-09,52080.77
Everest LLP,Other Expense,2025-10,66614.35
Everest LLP,Other Expense,2025-11,59498.03
Everest LLP,Other Expense,2025-12,62360.88
Everest LLP,Other Expense,2026-01,57863.64
Everest LLP,Other Expense,2026-02,62749.26
Everest LLP,Other Expense,2026-03,68263.74
Everest LLP,Other Expense,2026-04,66343.24
Everest LLP,Other Expense,2026-05,67378.85
Everest LLP,Other Expense,2026-06,68312.42
Everest LLP,Other Expense,2026-07,64386.78
Everest LLP,Raw Materials,2022-01,226524.73
Everest LLP,Raw Materials,2022-02,212264.41
Everest LLP,Raw Materials,2022-03,245406.35
Everest LLP,Raw Materials,2022-04,225246.45
Everest LLP,Raw Materials,2022-05,200051.82
Everest LLP,Raw Materials,2022-06,214116.14
Everest LLP,Raw Materials,2022-07,200189.74
Everest LLP,Raw Materials,2022-08,244047.0
Everest LLP,Raw Materials,2022-09,193821.33
Everest LLP,Raw Materials,2022-10,188103.99
Everest LLP,Raw Materials,2022-11,244838.48
Everest LLP,Raw Materials,2022-12,227058.18
Everest LLP,Raw Materials,2023-01,200103.83
Everest LLP,Raw Materials,2023-02,237274.35
Everest LLP,Raw Materials,2023-03,207272.77
Everest LLP,Raw Materials,2023-04,241950.23
Everest LLP,Raw Materials,2023-05,235411.11
Everest LLP,Raw Materials,2023-06,209956.78
Everest LLP,Raw Materials,2023-07,242810.56
Everest LLP,Raw Materials,2023-08,204759.33
Everest LLP,Raw Materials,2023-09,210628.66
Everest LLP,Raw Materials,2023-10,209023.96
Everest LLP,Raw Materials,2023-11,234510.48
Everest LLP,Raw Materials,2023-12,202130.64
Everest LLP,Raw Materials,2024-01,216545.6
Everest LLP,Raw Materials,2024-02,198718.31
Everest LLP,Raw Materials,2024-03,213168.56
Everest LLP,Raw Materials,2024-04,244973.64
Everest LLP,Raw Materials,2024-05,236747.85
Everest LLP,Raw Materials,2024-06,233707.49
Everest LLP,Raw Materials,2024-07,225749.43
Everest LLP,Raw Materials,2024-08,249045.01
Everest LLP,Raw Materials,2024-09,202472.14
Everest LLP,Raw Materials,2024-10,199308.12
Everest LLP,Raw Materials,2024-11,248778.42
Everest LLP,Raw Materials,2024-12,199743.97
Everest LLP,Raw Materials,2025-01,223525.68
Everest LLP,Raw Materials,2025-02,223603.66
Everest LLP,Raw Materials,2025-03,214133.43
Everest LLP,Raw Materials,2025-04,238324.73
Everest LLP,Raw Materials,2025-05,253668.83
Everest LLP,Raw Materials,2025-06,218343.92
Everest LLP,Raw Materials,2025-07,195759.06
Everest LLP,Raw Materials,2025-08,214950.21
Everest LLP,Raw Materials,2025-09,208152.71
Everest LLP,Raw Materials,2025-10,204264.14
Everest LLP,Raw Materials,2025-11,194105.41
Everest LLP,Raw Materials,2025-12,233815.31
Everest LLP,Raw Materials,2026-01,197143.68
Everest LLP,Raw Materials,2026-02,252885.49
Everest LLP,Raw Materials,2026-03,245862.02
Everest LLP,Raw Materials,2026-04,199362.93
Everest LLP,Raw Materials,2026-05,189277.41
Everest LLP,Raw Materials,2026-06,231165.86
Everest LLP,Raw Materials,2026-07,231338.17
Everest LLP,Equipment Purchase,2022-01,181552.76
Everest LLP,Equipment Purchase,2022-02,186500.1
Everest LLP,Equipment Purchase,2022-03,245090.93
Everest LLP,Equipment Purchase,2022-04,187593.48
Everest LLP,Equipment Purchase,2022-05,244974.46
Everest LLP,Equipment Purchase,2022-06,192033.38
Everest LLP,Equipment Purchase,2022-07,208948.78
Everest LLP,Equipment Purchase,2022-08,201808.27
Everest LLP,Equipment Purchase,2022-09,240149.51
Everest LLP,Equipment Purchase,2022-10,205052.36
Everest LLP,Equipment Purchase,2022-11,193364.32
Everest LLP,Equipment Purchase,2022-12,209123.77
Everest LLP,Equipment Purchase,2023-01,186899.13
Everest LLP,Equipment Purchase,2023-02,182339.26
Everest LLP,Equipment Purchase,2023-03,212298.09
Everest LLP,Equipment Purchase,2023-04,212722.8
Everest LLP,Equipment Purchase,2023-05,183281.73
Everest LLP,Equipment Purchase,2023-06,225503.43
Everest LLP,Equipment Purchase,2023-07,225812.47
Everest LLP,Equipment Purchase,2023-08,232851.51
Everest LLP,Equipment Purchase,2023-09,231586.22
Everest LLP,Equipment Purchase,2023-10,242218.44
Everest LLP,Equipment Purchase,2023-11,208625.65
Everest LLP,Equipment Purchase,2023-12,208439.37
Everest LLP,Equipment Purchase,2024-01,221742.48
Everest LLP,Equipment Purchase,2024-02,220407.49
Everest LLP,Equipment Purchase,2024-03,235403.96
Everest LLP,Equipment Purchase,2024-04,211706.68
Everest LLP,Equipment Purchase,2024-05,227360.3
Everest LLP,Equipment Purchase,2024-06,232881.66
Everest LLP,Equipment Purchase,2024-07,239638.67
Everest LLP,Equipment Purchase,2024-08,204001.73
Everest LLP,Equipment Purchase,2024-09,201280.3
Everest LLP,Equipment Purchase,2024-10,242056.22
Everest LLP,Equipment Purchase,2024-11,237910.73
Everest LLP,Equipment Purchase,2024-12,196280.46
Everest LLP,Equipment Purchase,2025-01,211694.68
Everest LLP,Equipment Purchase,2025-02,208127.18
Everest LLP,Equipment Purchase,2025-03,183838.63
Everest LLP,Equipment Purchase,2025-04,225642.19
Everest LLP,Equipment Purchase,2025-05,184753.82
Everest LLP,Equipment Purchase,2025-06,207769.88
Everest LLP,Equipment Purchase,2025-07,191358.36
Everest LLP,Equipment Purchase,2025-08,241996.53
Everest LLP,Equipment Purchase,2025-09,223971.09
Everest LLP,Equipment Purchase,2025-10,218156.6
Everest LLP,Equipment Purchase,2025-11,191679.59
Everest LLP,Equipment Purchase,2025-12,218329.73
Everest LLP,Equipment Purchase,2026-01,208620.65
Everest LLP,Equipment Purchase,2026-02,211464.5
Everest LLP,Equipment Purchase,2026-03,216795.13
Everest LLP,Equipment Purchase,2026-04,222171.4
Everest LLP,Equipment Purchase,2026-05,236974.58
Everest LLP,Equipment Purchase,2026-06,215502.95
Everest LLP,Equipment Purchase,2026-07,224105.43
Everest LLP,Insurance,2022-01,281525.46
Everest LLP,Insurance,2022-02,211508.5
Everest LLP,Insurance,2022-03,221392.9
Everest LLP,Insurance,2022-04,235337.37
Everest LLP,Insurance,2022-05,248435.31
Everest LLP,Insurance,2022-06,243109.88
Everest LLP,Insurance,2022-07,230414.29
Everest LLP,Insurance,2022-08,229544.85
Everest LLP,Insurance,2022-09,250843.55
Everest LLP,Insurance,2022-10,239156.83
Everest LLP,Insurance,2022-11,233230.02
Everest LLP,Insurance,2022-12,218479.91
Everest LLP,Insurance,2023-01,254504.8
Everest LLP,Insurance,2023-02,216004.16
Everest LLP,Insurance,2023-03,224948.25
Everest LLP,Insurance,2023-04,212704.8
Everest LLP,Insurance,2023-05,263127.15
Everest LLP,Insurance,2023-06,261185.31
Everest LLP,Insurance,2023-07,277169.41
Everest LLP,Insurance,2023-08,241573.14
Everest LLP,Insurance,2023-09,211437.12
Everest LLP,Insurance,2023-10,266141.36
Everest LLP,Insurance,2023-11,218848.78
Everest LLP,Insurance,2023-12,235465.44
Everest LLP,Insurance,2024-01,278697.98
Everest LLP,Insurance,2024-02,272978.92
Everest LLP,Insurance,2024-03,234802.13
Everest LLP,Insurance,2024-04,265210.74
Everest LLP,Insurance,2024-05,245572.85
Everest LLP,Insurance,2024-06,271027.2
Everest LLP,Insurance,2024-07,267440.0
Everest LLP,Insurance,2024-08,270991.21
Everest LLP,Insurance,2024-09,229530.87
Everest LLP,Insurance,2024-10,247235.58
Everest LLP,Insurance,2024-11,230086.08
Everest LLP,Insurance,2024-12,233749.09
Everest LLP,Insurance,2025-01,233366.07
Everest LLP,Insurance,2025-02,248329.07
Everest LLP,Insurance,2025-03,278956.59
Everest LLP,Insurance,2025-04,275478.91
Everest LLP,Insurance,2025-05,212127.95
Everest LLP,Insurance,2025-06,213919.29
Everest LLP,Insurance,2025-07,252076.54
Everest LLP,Insurance,2025-08,266236.38
Everest LLP,Insurance,2025-09,247246.23
Everest LLP,Insurance,2025-10,268582.37
Everest LLP,Insurance,2025-11,258924.54
Everest LLP,Insurance,2025-12,223402.21
Everest LLP,Insurance,2026-01,214219.05
Everest LLP,Insurance,2026-02,244559.52
Everest LLP,Insurance,2026-03,282402.91
Everest LLP,Insurance,2026-04,278984.79
Everest LLP,Insurance,2026-05,216138.0
Everest LLP,Insurance,2026-06,255929.6
Everest LLP,Insurance,2026-07,219389.68
Everest LLP,Repairs & Maintenance,2022-01,176481.99
Everest LLP,Repairs & Maintenance,2022-02,144619.79
Everest LLP,Repairs & Maintenance,2022-03,167121.49
Everest LLP,Repairs & Maintenance,2022-04,172623.57
Everest LLP,Repairs & Maintenance,2022-05,160672.44
Everest LLP,Repairs & Maintenance,2022-06,156970.63
Everest LLP,Repairs & Maintenance,2022-07,150965.47
Everest LLP,Repairs & Maintenance,2022-08,165695.37
Everest LLP,Repairs & Maintenance,2022-09,154386.88
Everest LLP,Repairs & Maintenance,2022-10,155402.2
Everest LLP,Repairs & Maintenance,2022-11,181198.68
Everest LLP,Repairs & Maintenance,2022-12,180175.29
Everest LLP,Repairs & Maintenance,2023-01,166359.8
Everest LLP,Repairs & Maintenance,2023-02,182263.47
Everest LLP,Repairs & Maintenance,2023-03,149513.04
Everest LLP,Repairs & Maintenance,2023-04,171062.59
Everest LLP,Repairs & Maintenance,2023-05,158905.39
Everest LLP,Repairs & Maintenance,2023-06,153609.41
Everest LLP,Repairs & Maintenance,2023-07,167466.14
Everest LLP,Repairs & Maintenance,2023-08,179222.04
Everest LLP,Repairs & Maintenance,2023-09,173456.71
Everest LLP,Repairs & Maintenance,2023-10,185024.44
Everest LLP,Repairs & Maintenance,2023-11,162948.5
Everest LLP,Repairs & Maintenance,2023-12,138814.11
Everest LLP,Repairs & Maintenance,2024-01,178988.71
Everest LLP,Repairs & Maintenance,2024-02,155012.33
Everest LLP,Repairs & Maintenance,2024-03,166788.65
Everest LLP,Repairs & Maintenance,2024-04,177177.52
Everest LLP,Repairs & Maintenance,2024-05,171038.72
Everest LLP,Repairs & Maintenance,2024-06,155648.58
Everest LLP,Repairs & Maintenance,2024-07,140311.62
Everest LLP,Repairs & Maintenance,2024-08,156958.03
Everest LLP,Repairs & Maintenance,2024-09,170697.25
Everest LLP,Repairs & Maintenance,2024-10,171016.49
Everest LLP,Repairs & Maintenance,2024-11,157924.73
Everest LLP,Repairs & Maintenance,2024-12,166915.52
Everest LLP,Repairs & Maintenance,2025-01,175486.93
Everest LLP,Repairs & Maintenance,2025-02,169023.5
Everest LLP,Repairs & Maintenance,2025-03,150621.43
Everest LLP,Repairs & Maintenance,2025-04,147442.11
Everest LLP,Repairs & Maintenance,2025-05,138944.26
Everest LLP,Repairs & Maintenance,2025-06,171597.43
Everest LLP,Repairs & Maintenance,2025-07,154942.89
Everest LLP,Repairs & Maintenance,2025-08,182988.4
Everest LLP,Repairs & Maintenance,2025-09,157536.45
Everest LLP,Repairs & Maintenance,2025-10,181671.19
Everest LLP,Repairs & Maintenance,2025-11,164927.44
Everest LLP,Repairs & Maintenance,2025-12,177596.21
Everest LLP,Repairs & Maintenance,2026-01,176908.96
Everest LLP,Repairs & Maintenance,2026-02,148296.28
Everest LLP,Repairs & Maintenance,2026-03,163540.17
Everest LLP,Repairs & Maintenance,2026-04,143131.02
Everest LLP,Repairs & Maintenance,2026-05,159540.59
Everest LLP,Repairs & Maintenance,2026-06,157138.43
Everest LLP,Repairs & Maintenance,2026-07,154707.34
Nimbus LLP,Office Supplies,2022-01,166434.71
Nimbus LLP,Office Supplies,2022-02,202585.46
Nimbus LLP,Office Supplies,2022-03,194959.02
Nimbus LLP,Office Supplies,2022-04,180901.6
Nimbus LLP,Office Supplies,2022-05,177225.16
Nimbus LLP,Office Supplies,2022-06,182430.74
Nimbus LLP,Office Supplies,2022-07,203627.89
Nimbus LLP,Office Supplies,2022-08,175543.37
Nimbus LLP,Office Supplies,2022-09,202971.42
Nimbus LLP,Office Supplies,2022-10,190854.24
Nimbus LLP,Office Supplies,2022-11,183880.24
Nimbus LLP,Office Supplies,2022-12,165607.26
Nimbus LLP,Office Supplies,2023-01,195423.47
Nimbus LLP,Office Supplies,2023-02,217756.04
Nimbus LLP,Office Supplies,2023-03,189749.57
Nimbus LLP,Office Supplies,2023-04,183088.94
Nimbus LLP,Office Supplies,2023-05,212949.46
Nimbus LLP,Office Supplies,2023-06,183385.09
Nimbus LLP,Office Supplies,2023-07,185158.38
Nimbus LLP,Office Supplies,2023-08,173237.3
Nimbus LLP,Office Supplies,2023-09,212501.83
Nimbus LLP,Office Supplies,2023-10,180536.63
Nimbus LLP,Office Supplies,2023-11,168541.65
Nimbus LLP,Office Supplies,2023-12,190057.84
Nimbus LLP,Office Supplies,2024-01,215947.8
Nimbus LLP,Office Supplies,2024-02,216475.77
Nimbus LLP,Office Supplies,2024-03,199333.62
Nimbus LLP,Office Supplies,2024-04,195995.34
Nimbus LLP,Office Supplies,2024-05,166565.53
Nimbus LLP,Office Supplies,2024-06,178333.48
Nimbus LLP,Office Supplies,2024-07,199403.37
Nimbus LLP,Office Supplies,2024-08,165325.32
Nimbus LLP,Office Supplies,2024-09,181862.28
Nimbus LLP,Office Supplies,2024-10,193980.71
Nimbus LLP,Office Supplies,2024-11,183270.36
Nimbus LLP,Office Supplies,2024-12,190402.85
Nimbus LLP,Office Supplies,2025-01,205158.44
Nimbus LLP,Office Supplies,2025-02,217578.12
Nimbus LLP,Office Supplies,2025-03,168684.15
Nimbus LLP,Office Supplies,2025-04,195701.28
Nimbus LLP,Office Supplies,2025-05,187571.1
Nimbus LLP,Office Supplies,2025-06,164379.53
Nimbus LLP,Office Supplies,2025-07,182550.51
Nimbus LLP,Office Supplies,2025-08,211607.4
Nimbus LLP,Office Supplies,2025-09,165310.48
Nimbus LLP,Office Supplies,2025-10,170734.46
Nimbus LLP,Office Supplies,2025-11,213987.51
Nimbus LLP,Office Supplies,2025-12,177203.62
Nimbus LLP,Office Supplies,2026-01,201117.2
Nimbus LLP,Office Supplies,2026-02,181163.73
Nimbus LLP,Office Supplies,2026-03,176148.53
Nimbus LLP,Office Supplies,2026-04,212328.07
Nimbus LLP,Office Supplies,2026-05,172504.83
Nimbus LLP,Office Supplies,2026-06,185247.78
Nimbus LLP,Office Supplies,2026-07,217799.0
Nimbus LLP,Rent,2022-01,184072.72
Nimbus LLP,Rent,2022-02,231414.16
Nimbus LLP,Rent,2022-03,207949.94
Nimbus LLP,Rent,2022-04,231416.07
Nimbus LLP,Rent,2022-05,199214.63
Nimbus LLP,Rent,2022-06,225641.29
Nimbus LLP,Rent,2022-07,211976.25
Nimbus LLP,Rent,2022-08,202240.32
Nimbus LLP,Rent,2022-09,219723.7
Nimbus LLP,Rent,2022-10,191272.73
Nimbus LLP,Rent,2022-11,239908.22
Nimbus LLP,Rent,2022-12,217749.11
Nimbus LLP,Rent,2023-01,179614.19
Nimbus LLP,Rent,2023-02,190354.7
Nimbus LLP,Rent,2023-03,188549.28
Nimbus LLP,Rent,2023-04,225809.86
Nimbus LLP,Rent,2023-05,238140.6
Nimbus LLP,Rent,2023-06,235277.7
Nimbus LLP,Rent,2023-07,215680.77
Nimbus LLP,Rent,2023-08,208273.83
Nimbus LLP,Rent,2023-09,183581.13
Nimbus LLP,Rent,2023-10,201472.27
Nimbus LLP,Rent,2023-11,203225.39
Nimbus LLP,Rent,2023-12,181562.25
Nimbus LLP,Rent,2024-01,200632.63
Nimbus LLP,Rent,2024-02,198795.34
Nimbus LLP,Rent,2024-03,196261.96
Nimbus LLP,Rent,2024-04,214299.75
Nimbus LLP,Rent,2024-05,204447.13
Nimbus LLP,Rent,2024-06,183178.04
Nimbus LLP,Rent,2024-07,218234.22
Nimbus LLP,Rent,2024-08,212155.56
Nimbus LLP,Rent,2024-09,215619.4
Nimbus LLP,Rent,2024-10,241582.1
Nimbus LLP,Rent,2024-11,242587.26
Nimbus LLP,Rent,2024-12,186213.82
Nimbus LLP,Rent,2025-01,231096.04
Nimbus LLP,Rent,2025-02,242480.12
Nimbus LLP,Rent,2025-03,200061.51
Nimbus LLP,Rent,2025-04,241163.72
Nimbus LLP,Rent,2025-05,182345.72
Nimbus LLP,Rent,2025-06,225327.12
Nimbus LLP,Rent,2025-07,206655.3
Nimbus LLP,Rent,2025-08,192379.76
Nimbus LLP,Rent,2025-09,234015.48
Nimbus LLP,Rent,2025-10,206593.66
Nimbus LLP,Rent,2025-11,197387.24
Nimbus LLP,Rent,2025-12,204893.63
Nimbus LLP,Rent,2026-01,182699.47
Nimbus LLP,Rent,2026-02,198180.45
Nimbus LLP,Rent,2026-03,232808.77
Nimbus LLP,Rent,2026-04,220410.64
Nimbus LLP,Rent,2026-05,197410.4
Nimbus LLP,Rent,2026-06,195949.53
Nimbus LLP,Rent,2026-07,234417.87
Nimbus LLP,Utilities,2022-01,318239.08
Nimbus LLP,Utilities,2022-02,333313.98
Nimbus LLP,Utilities,2022-03,292310.7
Nimbus LLP,Utilities,2022-04,338681.58
Nimbus LLP,Utilities,2022-05,368648.26
Nimbus LLP,Utilities,2022-06,350838.35
Nimbus LLP,Utilities,2022-07,363890.99
Nimbus LLP,Utilities,2022-08,339546.21
Nimbus LLP,Utilities,2022-09,315879.19
Nimbus LLP,Utilities,2022-10,292833.8
Nimbus LLP,Utilities,2022-11,299338.36
Nimbus LLP,Utilities,2022-12,367936.45
Nimbus LLP,Utilities,2023-01,324199.28
Nimbus LLP,Utilities,2023-02,288958.15
Nimbus LLP,Utilities,2023-03,324852.91
Nimbus LLP,Utilities,2023-04,320800.53
Nimbus LLP,Utilities,2023-05,376191.53
Nimbus LLP,Utilities,2023-06,340909.66
Nimbus LLP,Utilities,2023-07,354623.44
Nimbus LLP,Utilities,2023-08,306736.34
Nimbus LLP,Utilities,2023-09,355892.92
Nimbus LLP,Utilities,2023-10,375063.46
Nimbus LLP,Utilities,2023-11,366960.8
Nimbus LLP,Utilities,2023-12,288476.17
Nimbus LLP,Utilities,2024-01,312060.37
Nimbus LLP,Utilities,2024-02,359459.54
Nimbus LLP,Utilities,2024-03,311365.13
Nimbus LLP,Utilities,2024-04,373291.39
Nimbus LLP,Utilities,2024-05,289096.34
Nimbus LLP,Utilities,2024-06,300188.57
Nimbus LLP,Utilities,2024-07,371044.81
Nimbus LLP,Utilities,2024-08,319903.76
Nimbus LLP,Utilities,2024-09,336416.05
Nimbus LLP,Utilities,2024-10,318096.65
Nimbus LLP,Utilities,2024-11,289687.45
Nimbus LLP,Utilities,2024-12,323906.49
Nimbus LLP,Utilities,2025-01,282068.7
Nimbus LLP,Utilities,2025-02,311694.93
Nimbus LLP,Utilities,2025-03,380683.78
Nimbus LLP,Utilities,2025-04,370507.33
Nimbus LLP,Utilities,2025-05,282339.1
Nimbus LLP,Utilities,2025-06,312075.83
Nimbus LLP,Utilities,2025-07,316801.08
Nimbus LLP,Utilities,2025-08,369835.85
Nimbus LLP,Utilities,2025-09,305953.45
Nimbus LLP,Utilities,2025-10,348210.86
Nimbus LLP,Utilities,2025-11,380507.75
Nimbus LLP,Utilities,2025-12,377962.15
Nimbus LLP,Utilities,2026-01,290921.31
Nimbus LLP,Utilities,2026-02,322622.71
Nimbus LLP,Utilities,2026-03,346544.56
Nimbus LLP,Utilities,2026-04,336004.88
Nimbus LLP,Utilities,2026-05,339426.77
Nimbus LLP,Utilities,2026-06,310242.9
Nimbus LLP,Utilities,2026-07,379075.52
Nimbus LLP,Salaries,2022-01,125735.88
Nimbus LLP,Salaries,2022-02,144930.38
Nimbus LLP,Salaries,2022-03,121124.7
Nimbus LLP,Salaries,2022-04,141760.49
Nimbus LLP,Salaries,2022-05,113076.39
Nimbus LLP,Salaries,2022-06,128233.78
Nimbus LLP,Salaries,2022-07,119029.01
Nimbus LLP,Salaries,2022-08,133755.6
Nimbus LLP,Salaries,2022-09,138209.15
Nimbus LLP,Salaries,2022-10,119942.92
Nimbus LLP,Salaries,2022-11,126363.27
Nimbus LLP,Salaries,2022-12,140095.22
Nimbus LLP,Salaries,2023-01,122975.18
Nimbus LLP,Salaries,2023-02,122971.03
Nimbus LLP,Salaries,2023-03,119307.06
Nimbus LLP,Salaries,2023-04,121634.32
Nimbus LLP,Salaries,2023-05,129668.87
Nimbus LLP,Salaries,2023-06,146054.09
Nimbus LLP,Salaries,2023-07,146747.36
Nimbus LLP,Salaries,2023-08,120968.43
Nimbus LLP,Salaries,2023-09,112099.09
Nimbus LLP,Salaries,2023-10,130572.93
Nimbus LLP,Salaries,2023-11,121394.91
Nimbus LLP,Salaries,2023-12,110944.7
Nimbus LLP,Salaries,2024-01,144592.75
Nimbus LLP,Salaries,2024-02,146497.49
Nimbus LLP,Salaries,2024-03,147507.48
Nimbus LLP,Salaries,2024-04,144605.16
Nimbus LLP,Salaries,2024-05,136045.24
Nimbus LLP,Salaries,2024-06,122267.53
Nimbus LLP,Salaries,2024-07,139093.3
Nimbus LLP,Salaries,2024-08,129562.65
Nimbus LLP,Salaries,2024-09,148094.56
Nimbus LLP,Salaries,2024-10,124789.83
Nimbus LLP,Salaries,2024-11,112542.67
Nimbus LLP,Salaries,2024-12,136517.41
Nimbus LLP,Salaries,2025-01,135878.33
Nimbus LLP,Salaries,2025-02,118538.44
Nimbus LLP,Salaries,2025-03,144608.67
Nimbus LLP,Salaries,2025-04,146590.85
Nimbus LLP,Salaries,2025-05,121965.39
Nimbus LLP,Salaries,2025-06,143019.07
Nimbus LLP,Salaries,2025-07,113372.24
Nimbus LLP,Salaries,2025-08,136981.03
Nimbus LLP,Salaries,2025-09,121426.03
Nimbus LLP,Salaries,2025-10,136865.59
Nimbus LLP,Salaries,2025-11,145099.07
Nimbus LLP,Salaries,2025-12,146924.02
Nimbus LLP,Salaries,2026-01,111891.92
Nimbus LLP,Salaries,2026-02,135182.22
Nimbus LLP,Salaries,2026-03,110962.67
Nimbus LLP,Salaries,2026-04,129474.17
Nimbus LLP,Salaries,2026-05,145742.55
Nimbus LLP,Salaries,2026-06,115358.27
Nimbus LLP,Salaries,2026-07,140411.61
Nimbus LLP,Travel,2022-01,36786.99
Nimbus LLP,Travel,2022-02,42774.43
Nimbus LLP,Travel,2022-03,41665.54
Nimbus LLP,Travel,2022-04,36060.5
Nimbus LLP,Travel,2022-05,39738.19
Nimbus LLP,Travel,2022-06,38511.69
Nimbus LLP,Travel,2022-07,34993.36
Nimbus LLP,Travel,2022-08,33082.32
Nimbus LLP,Travel,2022-09,37762.33
Nimbus LLP,Travel,2022-10,37459.33
Nimbus LLP,Travel,2022-11,40343.98
Nimbus LLP,Travel,2022-12,39287.56
Nimbus LLP,Travel,2023-01,38280.47
Nimbus LLP,Travel,2023-02,34224.25
Nimbus LLP,Travel,2023-03,39710.14
Nimbus LLP,Travel,2023-04,35470.78
Nimbus LLP,Travel,2023-05,38732.37
Nimbus LLP,Travel,2023-06,39756.79
Nimbus LLP,Travel,2023-07,38244.17
Nimbus LLP,Travel,2023-08,38889.09
Nimbus LLP,Travel,2023-09,39165.62
Nimbus LLP,Travel,2023-10,33873.3
Nimbus LLP,Travel,2023-11,33169.92
Nimbus LLP,Travel,2023-12,32678.81
Nimbus LLP,Travel,2024-01,34063.25
Nimbus LLP,Travel,2024-02,39833.89
Nimbus LLP,Travel,2024-03,37918.83
Nimbus LLP,Travel,2024-04,38756.02
Nimbus LLP,Travel,2024-05,42096.81
Nimbus LLP,Travel,2024-06,36267.4
Nimbus LLP,Travel,2024-07,42671.88
Nimbus LLP,Travel,2024-08,38687.97
Nimbus LLP,Travel,2024-09,33196.18
Nimbus LLP,Travel,2024-10,32405.61
Nimbus LLP,Travel,2024-11,40949.63
Nimbus LLP,Travel,2024-12,37901.55
Nimbus LLP,Travel,2025-01,40833.87
Nimbus LLP,Travel,2025-02,39582.19
Nimbus LLP,Travel,2025-03,39692.12
Nimbus LLP,Travel,2025-04,32000.08
Nimbus LLP,Travel,2025-05,34880.09
Nimbus LLP,Travel,2025-06,35324.01
Nimbus LLP,Travel,2025-07,36311.95
Nimbus LLP,Travel,2025-08,32775.72
Nimbus LLP,Travel,2025-09,37519.41
Nimbus LLP,Travel,2025-10,33961.51
Nimbus LLP,Travel,2025-11,37275.15
Nimbus LLP,Travel,2025-12,36586.88
Nimbus LLP,Travel,2026-01,41302.26
Nimbus LLP,Travel,2026-02,32454.32
Nimbus LLP,Travel,2026-03,39321.03
Nimbus LLP,Travel,2026-04,33587.21
Nimbus LLP,Travel,2026-05,38132.55
Nimbus LLP,Travel,2026-06,36683.81
Nimbus LLP,Travel,2026-07,36145.01
Nimbus LLP,Marketing,2022-01,323541.83
Nimbus LLP,Marketing,2022-02,333334.24
Nimbus LLP,Marketing,2022-03,257226.58
Nimbus LLP,Marketing,2022-04,339013.36
Nimbus LLP,Marketing,2022-05,267830.42
Nimbus LLP,Marketing,2022-06,263326.93
Nimbus LLP,Marketing,2022-07,329514.18
Nimbus LLP,Marketing,2022-08,307411.14
Nimbus LLP,Marketing,2022-09,309511.2
Nimbus LLP,Marketing,2022-10,297762.11
Nimbus LLP,Marketing,2022-11,264385.2
Nimbus LLP,Marketing,2022-12,332329.37
Nimbus LLP,Marketing,2023-01,330956.27
Nimbus LLP,Marketing,2023-02,259868.36
Nimbus LLP,Marketing,2023-03,254877.89
Nimbus LLP,Marketing,2023-04,285410.2
Nimbus LLP,Marketing,2023-05,294437.16
Nimbus LLP,Marketing,2023-06,307190.92
Nimbus LLP,Marketing,2023-07,323712.93
Nimbus LLP,Marketing,2023-08,284884.45
Nimbus LLP,Marketing,2023-09,309179.1
Nimbus LLP,Marketing,2023-10,274072.69
Nimbus LLP,Marketing,2023-11,288163.51
Nimbus LLP,Marketing,2023-12,294248.29
Nimbus LLP,Marketing,2024-01,274317.27
Nimbus LLP,Marketing,2024-02,274391.16
Nimbus LLP,Marketing,2024-03,270557.84
Nimbus LLP,Marketing,2024-04,257002.0
Nimbus LLP,Marketing,2024-05,256435.45
Nimbus LLP,Marketing,2024-06,271015.54
Nimbus LLP,Marketing,2024-07,287262.71
Nimbus LLP,Marketing,2024-08,292819.38
Nimbus LLP,Marketing,2024-09,335262.81
Nimbus LLP,Marketing,2024-10,292463.55
Nimbus LLP,Marketing,2024-11,329510.6
Nimbus LLP,Marketing,2024-12,255951.89
Nimbus LLP,Marketing,2025-01,289632.43
Nimbus LLP,Marketing,2025-02,337243.1
Nimbus LLP,Marketing,2025-03,263874.63
Nimbus LLP,Marketing,2025-04,328079.23
Nimbus LLP,Marketing,2025-05,296390.65
Nimbus LLP,Marketing,2025-06,298012.28
Nimbus LLP,Marketing,2025-07,261620.06
Nimbus LLP,Marketing,2025-08,271220.0
Nimbus LLP,Marketing,2025-09,329911.71
Nimbus LLP,Marketing,2025-10,321728.67
Nimbus LLP,Marketing,2025-11,327307.84
Nimbus LLP,Marketing,2025-12,276203.6
Nimbus LLP,Marketing,2026-01,294823.65
Nimbus LLP,Marketing,2026-02,284086.21
Nimbus LLP,Marketing,2026-03,281126.3
Nimbus LLP,Marketing,2026-04,294638.08
Nimbus LLP,Marketing,2026-05,288337.65
Nimbus LLP,Marketing,2026-06,284171.12
Nimbus LLP,Marketing,2026-07,317772.19
Nimbus LLP,Professional Fees,2022-01,167967.67
Nimbus LLP,Professional Fees,2022-02,169238.81
Nimbus LLP,Professional Fees,2022-03,161298.24
Nimbus LLP,Professional Fees,2022-04,177954.51
Nimbus LLP,Professional Fees,2022-05,193195.76
Nimbus LLP,Professional Fees,2022-06,193355.44
Nimbus LLP,Professional Fees,2022-07,195491.8
Nimbus LLP,Professional Fees,2022-08,198920.5
Nimbus LLP,Professional Fees,2022-09,167943.68
Nimbus LLP,Professional Fees,2022-10,211269.02
Nimbus LLP,Professional Fees,2022-11,172400.57
Nimbus LLP,Professional Fees,2022-12,170762.11
Nimbus LLP,Professional Fees,2023-01,186414.16
Nimbus LLP,Professional Fees,2023-02,187685.46
Nimbus LLP,Professional Fees,2023-03,162883.09
Nimbus LLP,Professional Fees,2023-04,174564.48
Nimbus LLP,Professional Fees,2023-05,160890.35
Nimbus LLP,Professional Fees,2023-06,183521.59
Nimbus LLP,Professional Fees,2023-07,181653.7
Nimbus LLP,Professional Fees,2023-08,166914.44
Nimbus LLP,Professional Fees,2023-09,208060.71
Nimbus LLP,Professional Fees,2023-10,214152.3
Nimbus LLP,Professional Fees,2023-11,180045.69
Nimbus LLP,Professional Fees,2023-12,216542.82
Nimbus LLP,Professional Fees,2024-01,176303.84
Nimbus LLP,Professional Fees,2024-02,216116.03
Nimbus LLP,Professional Fees,2024-03,209461.65
Nimbus LLP,Professional Fees,2024-04,196750.13
Nimbus LLP,Professional Fees,2024-05,205798.61
Nimbus LLP,Professional Fees,2024-06,211617.67
Nimbus LLP,Professional Fees,2024-07,216078.2
Nimbus LLP,Professional Fees,2024-08,193971.68
Nimbus LLP,Professional Fees,2024-09,191809.28
Nimbus LLP,Professional Fees,2024-10,193005.12
Nimbus LLP,Professional Fees,2024-11,169865.16
Nimbus LLP,Professional Fees,2024-12,164517.7
Nimbus LLP,Professional Fees,2025-01,216228.35
Nimbus LLP,Professional Fees,2025-02,198210.86
Nimbus LLP,Professional Fees,2025-03,177225.61
Nimbus LLP,Professional Fees,2025-04,181993.6
Nimbus LLP,Professional Fees,2025-05,167570.94
Nimbus LLP,Professional Fees,2025-06,203785.18
Nimbus LLP,Professional Fees,2025-07,182547.24
Nimbus LLP,Professional Fees,2025-08,166675.06
Nimbus LLP,Professional Fees,2025-09,211906.72
Nimbus LLP,Professional Fees,2025-10,161052.67
Nimbus LLP,Professional Fees,2025-11,166273.45
Nimbus LLP,Professional Fees,2025-12,161957.73
Nimbus LLP,Professional Fees,2026-01,163936.92
Nimbus LLP,Professional Fees,2026-02,167154.96
Nimbus LLP,Professional Fees,2026-03,188799.68
Nimbus LLP,Professional Fees,2026-04,205592.5
Nimbus LLP,Professional Fees,2026-05,187602.75
Nimbus LLP,Professional Fees,2026-06,211651.87
Nimbus LLP,Professional Fees,2026-07,190584.8
Nimbus LLP,Bank Charges,2022-01,200540.36
Nimbus LLP,Bank Charges,2022-02,188374.88
Nimbus LLP,Bank Charges,2022-03,165826.47
Nimbus LLP,Bank Charges,2022-04,210729.28
Nimbus LLP,Bank Charges,2022-05,163460.29
Nimbus LLP,Bank Charges,2022-06,213258.03
Nimbus LLP,Bank Charges,2022-07,204918.26
Nimbus LLP,Bank Charges,2022-08,209392.46
Nimbus LLP,Bank Charges,2022-09,173029.5
Nimbus LLP,Bank Charges,2022-10,182437.31
Nimbus LLP,Bank Charges,2022-11,199900.93
Nimbus LLP,Bank Charges,2022-12,176432.23
Nimbus LLP,Bank Charges,2023-01,183743.66
Nimbus LLP,Bank Charges,2023-02,212740.03
Nimbus LLP,Bank Charges,2023-03,195247.95
Nimbus LLP,Bank Charges,2023-04,205935.87
Nimbus LLP,Bank Charges,2023-05,205041.44
Nimbus LLP,Bank Charges,2023-06,208604.27
Nimbus LLP,Bank Charges,2023-07,200907.04
Nimbus LLP,Bank Charges,2023-08,201786.75
Nimbus LLP,Bank Charges,2023-09,178989.28
Nimbus LLP,Bank Charges,2023-10,200440.34
Nimbus LLP,Bank Charges,2023-11,181002.63
Nimbus LLP,Bank Charges,2023-12,164249.91
Nimbus LLP,Bank Charges,2024-01,217905.82
Nimbus LLP,Bank Charges,2024-02,199404.54
Nimbus LLP,Bank Charges,2024-03,177340.34
Nimbus LLP,Bank Charges,2024-04,187878.75
Nimbus LLP,Bank Charges,2024-05,175278.84
Nimbus LLP,Bank Charges,2024-06,209724.06
Nimbus LLP,Bank Charges,2024-07,191308.89
Nimbus LLP,Bank Charges,2024-08,202498.95
Nimbus LLP,Bank Charges,2024-09,198521.82
Nimbus LLP,Bank Charges,2024-10,214755.66
Nimbus LLP,Bank Charges,2024-11,217734.03
Nimbus LLP,Bank Charges,2024-12,199974.33
Nimbus LLP,Bank Charges,2025-01,191376.09
Nimbus LLP,Bank Charges,2025-02,178772.93
Nimbus LLP,Bank Charges,2025-03,164792.71
Nimbus LLP,Bank Charges,2025-04,205323.89
Nimbus LLP,Bank Charges,2025-05,188228.03
Nimbus LLP,Bank Charges,2025-06,190655.92
Nimbus LLP,Bank Charges,2025-07,177259.07
Nimbus LLP,Bank Charges,2025-08,190042.43
Nimbus LLP,Bank Charges,2025-09,214328.17
Nimbus LLP,Bank Charges,2025-10,200087.36
Nimbus LLP,Bank Charges,2025-11,192821.26
Nimbus LLP,Bank Charges,2025-12,209121.44
Nimbus LLP,Bank Charges,2026-01,173323.33
Nimbus LLP,Bank Charges,2026-02,190952.7
Nimbus LLP,Bank Charges,2026-03,178260.75
Nimbus LLP,Bank Charges,2026-04,181187.42
Nimbus LLP,Bank Charges,2026-05,190212.2
Nimbus LLP,Bank Charges,2026-06,202146.31
Nimbus LLP,Bank Charges,2026-07,208182.52
Nimbus LLP,Other Expense,2022-01,168061.74
Nimbus LLP,Other Expense,2022-02,207380.86
Nimbus LLP,Other Expense,2022-03,174201.42
Nimbus LLP,Other Expense,2022-04,199513.3
Nimbus LLP,Other Expense,2022-05,163745.8
Nimbus LLP,Other Expense,2022-06,173516.94
Nimbus LLP,Other Expense,2022-07,192134.92
Nimbus LLP,Other Expense,2022-08,155100.76
Nimbus LLP,Other Expense,2022-09,170394.49
Nimbus LLP,Other Expense,2022-10,198021.71
Nimbus LLP,Other Expense,2022-11,208338.04
Nimbus LLP,Other Expense,2022-12,199028.4
Nimbus LLP,Other Expense,2023-01,206564.26
Nimbus LLP,Other Expense,2023-02,187007.67
Nimbus LLP,Other Expense,2023-03,195111.34
Nimbus LLP,Other Expense,2023-04,156019.61
Nimbus LLP,Other Expense,2023-05,171732.86
Nimbus LLP,Other Expense,2023-06,172338.62
Nimbus LLP,Other Expense,2023-07,188436.62
Nimbus LLP,Other Expense,2023-08,162895.15
Nimbus LLP,Other Expense,2023-09,183193.53
Nimbus LLP,Other Expense,2023-10,202189.26
Nimbus LLP,Other Expense,2023-11,164549.28
Nimbus LLP,Other Expense,2023-12,166946.96
Nimbus LLP,Other Expense,2024-01,166556.12
Nimbus LLP,Other Expense,2024-02,166708.84
Nimbus LLP,Other Expense,2024-03,203721.66
Nimbus LLP,Other Expense,2024-04,206263.08
Nimbus LLP,Other Expense,2024-05,202405.01
Nimbus LLP,Other Expense,2024-06,208088.7
Nimbus LLP,Other Expense,2024-07,191126.28
Nimbus LLP,Other Expense,2024-08,190790.16
Nimbus LLP,Other Expense,2024-09,179695.69
Nimbus LLP,Other Expense,2024-10,195456.32
Nimbus LLP,Other Expense,2024-11,181480.31
Nimbus LLP,Other Expense,2024-12,172601.32
Nimbus LLP,Other Expense,2025-01,176913.72
Nimbus LLP,Other Expense,2025-02,190515.85
Nimbus LLP,Other Expense,2025-03,175492.56
Nimbus LLP,Other Expense,2025-04,192035.16
Nimbus LLP,Other Expense,2025-05,162634.83
Nimbus LLP,Other Expense,2025-06,171146.1
Nimbus LLP,Other Expense,2025-07,190685.28
Nimbus LLP,Other Expense,2025-08,174398.84
Nimbus LLP,Other Expense,2025-09,199754.38
Nimbus LLP,Other Expense,2025-10,185547.64
Nimbus LLP,Other Expense,2025-11,195923.68
Nimbus LLP,Other Expense,2025-12,165986.36
Nimbus LLP,Other Expense,2026-01,160209.63
Nimbus LLP,Other Expense,2026-02,174060.47
Nimbus LLP,Other Expense,2026-03,183807.54
Nimbus LLP,Other Expense,2026-04,194836.24
Nimbus LLP,Other Expense,2026-05,163204.19
Nimbus LLP,Other Expense,2026-06,173962.59
Nimbus LLP,Other Expense,2026-07,162635.98
Nimbus LLP,Raw Materials,2022-01,316399.93
Nimbus LLP,Raw Materials,2022-02,311715.8
Nimbus LLP,Raw Materials,2022-03,357464.81
Nimbus LLP,Raw Materials,2022-04,368240.2
Nimbus LLP,Raw Materials,2022-05,366061.95
Nimbus LLP,Raw Materials,2022-06,345554.8
Nimbus LLP,Raw Materials,2022-07,334462.86
Nimbus LLP,Raw Materials,2022-08,317686.52
Nimbus LLP,Raw Materials,2022-09,314700.32
Nimbus LLP,Raw Materials,2022-10,346543.08
Nimbus LLP,Raw Materials,2022-11,300992.19
Nimbus LLP,Raw Materials,2022-12,285277.28
Nimbus LLP,Raw Materials,2023-01,314876.59
Nimbus LLP,Raw Materials,2023-02,337885.43
Nimbus LLP,Raw Materials,2023-03,348587.57
Nimbus LLP,Raw Materials,2023-04,335653.69
Nimbus LLP,Raw Materials,2023-05,297925.42
Nimbus LLP,Raw Materials,2023-06,283010.49
Nimbus LLP,Raw Materials,2023-07,354576.74
Nimbus LLP,Raw Materials,2023-08,363956.99
Nimbus LLP,Raw Materials,2023-09,318688.38
Nimbus LLP,Raw Materials,2023-10,351103.05
Nimbus LLP,Raw Materials,2023-11,315822.61
Nimbus LLP,Raw Materials,2023-12,311359.41
Nimbus LLP,Raw Materials,2024-01,379065.83
Nimbus LLP,Raw Materials,2024-02,357976.27
Nimbus LLP,Raw Materials,2024-03,316827.2
Nimbus LLP,Raw Materials,2024-04,284016.75
Nimbus LLP,Raw Materials,2024-05,368708.72
Nimbus LLP,Raw Materials,2024-06,293713.05
Nimbus LLP,Raw Materials,2024-07,301395.01
Nimbus LLP,Raw Materials,2024-08,368199.06
Nimbus LLP,Raw Materials,2024-09,326527.61
Nimbus LLP,Raw Materials,2024-10,356921.2
Nimbus LLP,Raw Materials,2024-11,374280.71
Nimbus LLP,Raw Materials,2024-12,302162.71
Nimbus LLP,Raw Materials,2025-01,322292.37
Nimbus LLP,Raw Materials,2025-02,336958.76
Nimbus LLP,Raw Materials,2025-03,305879.46
Nimbus LLP,Raw Materials,2025-04,347145.45
Nimbus LLP,Raw Materials,2025-05,379156.43
Nimbus LLP,Raw Materials,2025-06,332475.69
Nimbus LLP,Raw Materials,2025-07,321790.97
Nimbus LLP,Raw Materials,2025-08,331590.41
Nimbus LLP,Raw Materials,2025-09,301825.89
Nimbus LLP,Raw Materials,2025-10,311249.2
Nimbus LLP,Raw Materials,2025-11,309706.79
Nimbus LLP,Raw Materials,2025-12,341087.89
Nimbus LLP,Raw Materials,2026-01,361836.13
Nimbus LLP,Raw Materials,2026-02,336751.03
Nimbus LLP,Raw Materials,2026-03,336943.77
Nimbus LLP,Raw Materials,2026-04,373269.56
Nimbus LLP,Raw Materials,2026-05,293305.34
Nimbus LLP,Raw Materials,2026-06,322706.53
Nimbus LLP,Raw Materials,2026-07,285535.3
Nimbus LLP,Equipment Purchase,2022-01,320649.59
Nimbus LLP,Equipment Purchase,2022-02,314799.26
Nimbus LLP,Equipment Purchase,2022-03,325786.05
Nimbus LLP,Equipment Purchase,2022-04,407176.13
Nimbus LLP,Equipment Purchase,2022-05,403835.18
Nimbus LLP,Equipment Purchase,2022-06,380410.15
Nimbus LLP,Equipment Purchase,2022-07,395891.51
Nimbus LLP,Equipment Purchase,2022-08,325952.97
Nimbus LLP,Equipment Purchase,2022-09,316988.78
Nimbus LLP,Equipment Purchase,2022-10,410789.28
Nimbus LLP,Equipment Purchase,2022-11,416495.66
Nimbus LLP,Equipment Purchase,2022-12,381401.87
Nimbus LLP,Equipment Purchase,2023-01,311203.6
Nimbus LLP,Equipment Purchase,2023-02,364374.79
Nimbus LLP,Equipment Purchase,2023-03,388399.54
Nimbus LLP,Equipment Purchase,2023-04,374137.13
Nimbus LLP,Equipment Purchase,2023-05,399506.16
Nimbus LLP,Equipment Purchase,2023-06,403016.86
Nimbus LLP,Equipment Purchase,2023-07,328445.2
Nimbus LLP,Equipment Purchase,2023-08,322141.31
Nimbus LLP,Equipment Purchase,2023-09,415714.51
Nimbus LLP,Equipment Purchase,2023-10,338307.65
Nimbus LLP,Equipment Purchase,2023-11,379730.28
Nimbus LLP,Equipment Purchase,2023-12,377820.87
Nimbus LLP,Equipment Purchase,2024-01,350708.88
Nimbus LLP,Equipment Purchase,2024-02,350833.35
Nimbus LLP,Equipment Purchase,2024-03,372068.09
Nimbus LLP,Equipment Purchase,2024-04,385727.16
Nimbus LLP,Equipment Purchase,2024-05,332890.0
Nimbus LLP,Equipment Purchase,2024-06,403996.61
Nimbus LLP,Equipment Purchase,2024-07,331178.51
Nimbus LLP,Equipment Purchase,2024-08,382781.8
Nimbus LLP,Equipment Purchase,2024-09,312249.22
Nimbus LLP,Equipment Purchase,2024-10,405409.25
Nimbus LLP,Equipment Purchase,2024-11,331020.67
Nimbus LLP,Equipment Purchase,2024-12,383670.33
Nimbus LLP,Equipment Purchase,2025-01,403654.0
Nimbus LLP,Equipment Purchase,2025-02,341091.52
Nimbus LLP,Equipment Purchase,2025-03,387559.51
Nimbus LLP,Equipment Purchase,2025-04,347645.72
Nimbus LLP,Equipment Purchase,2025-05,369477.43
Nimbus LLP,Equipment Purchase,2025-06,321600.92
Nimbus LLP,Equipment Purchase,2025-07,337259.32
Nimbus LLP,Equipment Purchase,2025-08,405784.8
Nimbus LLP,Equipment Purchase,2025-09,326498.25
Nimbus LLP,Equipment Purchase,2025-10,322093.86
Nimbus LLP,Equipment Purchase,2025-11,316606.34
Nimbus LLP,Equipment Purchase,2025-12,395108.07
Nimbus LLP,Equipment Purchase,2026-01,418876.91
Nimbus LLP,Equipment Purchase,2026-02,396511.8
Nimbus LLP,Equipment Purchase,2026-03,415205.9
Nimbus LLP,Equipment Purchase,2026-04,392623.83
Nimbus LLP,Equipment Purchase,2026-05,366427.39
Nimbus LLP,Equipment Purchase,2026-06,333915.49
Nimbus LLP,Equipment Purchase,2026-07,354497.07
Nimbus LLP,Insurance,2022-01,171825.71
Nimbus LLP,Insurance,2022-02,175502.85
Nimbus LLP,Insurance,2022-03,145335.09
Nimbus LLP,Insurance,2022-04,179492.74
Nimbus LLP,Insurance,2022-05,136935.91
Nimbus LLP,Insurance,2022-06,163339.01
Nimbus LLP,Insurance,2022-07,136009.17
Nimbus LLP,Insurance,2022-08,173496.02
Nimbus LLP,Insurance,2022-09,162323.6
Nimbus LLP,Insurance,2022-10,139392.19
Nimbus LLP,Insurance,2022-11,170710.37
Nimbus LLP,Insurance,2022-12,144294.15
Nimbus LLP,Insurance,2023-01,142181.52
Nimbus LLP,Insurance,2023-02,173942.41
Nimbus LLP,Insurance,2023-03,171026.18
Nimbus LLP,Insurance,2023-04,142058.91
Nimbus LLP,Insurance,2023-05,172755.44
Nimbus LLP,Insurance,2023-06,134799.22
Nimbus LLP,Insurance,2023-07,151296.25
Nimbus LLP,Insurance,2023-08,168129.76
Nimbus LLP,Insurance,2023-09,162988.97
Nimbus LLP,Insurance,2023-10,146787.27
Nimbus LLP,Insurance,2023-11,148270.81
Nimbus LLP,Insurance,2023-12,167465.54
Nimbus LLP,Insurance,2024-01,171875.67
Nimbus LLP,Insurance,2024-02,176076.75
Nimbus LLP,Insurance,2024-03,156227.84
Nimbus LLP,Insurance,2024-04,159795.66
Nimbus LLP,Insurance,2024-05,161948.64
Nimbus LLP,Insurance,2024-06,154535.95
Nimbus LLP,Insurance,2024-07,170790.4
Nimbus LLP,Insurance,2024-08,152072.68
Nimbus LLP,Insurance,2024-09,175294.45
Nimbus LLP,Insurance,2024-10,169058.25
Nimbus LLP,Insurance,2024-11,152339.78
Nimbus LLP,Insurance,2024-12,173749.35
Nimbus LLP,Insurance,2025-01,175893.9
Nimbus LLP,Insurance,2025-02,164573.06
Nimbus LLP,Insurance,2025-03,137647.52
Nimbus LLP,Insurance,2025-04,144870.96
Nimbus LLP,Insurance,2025-05,152455.18
Nimbus LLP,Insurance,2025-06,146840.97
Nimbus LLP,Insurance,2025-07,163680.88
Nimbus LLP,Insurance,2025-08,138235.58
Nimbus LLP,Insurance,2025-09,148238.95
Nimbus LLP,Insurance,2025-10,143731.11
Nimbus LLP,Insurance,2025-11,164257.09
Nimbus LLP,Insurance,2025-12,154307.11
Nimbus LLP,Insurance,2026-01,134599.32
Nimbus LLP,Insurance,2026-02,177428.83
Nimbus LLP,Insurance,2026-03,172295.26
Nimbus LLP,Insurance,2026-04,138292.49
Nimbus LLP,Insurance,2026-05,162882.02
Nimbus LLP,Insurance,2026-06,135440.53
Nimbus LLP,Insurance,2026-07,134032.63
Nimbus LLP,Repairs & Maintenance,2022-01,69060.26
Nimbus LLP,Repairs & Maintenance,2022-02,53850.01
Nimbus LLP,Repairs & Maintenance,2022-03,65487.28
Nimbus LLP,Repairs & Maintenance,2022-04,54217.4
Nimbus LLP,Repairs & Maintenance,2022-05,59751.18
Nimbus LLP,Repairs & Maintenance,2022-06,53829.59
Nimbus LLP,Repairs & Maintenance,2022-07,67716.95
Nimbus LLP,Repairs & Maintenance,2022-08,59851.78
Nimbus LLP,Repairs & Maintenance,2022-09,53504.2
Nimbus LLP,Repairs & Maintenance,2022-10,58206.85
Nimbus LLP,Repairs & Maintenance,2022-11,64584.46
Nimbus LLP,Repairs & Maintenance,2022-12,61839.27
Nimbus LLP,Repairs & Maintenance,2023-01,62022.43
Nimbus LLP,Repairs & Maintenance,2023-02,67544.02
Nimbus LLP,Repairs & Maintenance,2023-03,65955.45
Nimbus LLP,Repairs & Maintenance,2023-04,62069.6
Nimbus LLP,Repairs & Maintenance,2023-05,57814.17
Nimbus LLP,Repairs & Maintenance,2023-06,54014.53
Nimbus LLP,Repairs & Maintenance,2023-07,60546.44
Nimbus LLP,Repairs & Maintenance,2023-08,53316.46
Nimbus LLP,Repairs & Maintenance,2023-09,54181.48
Nimbus LLP,Repairs & Maintenance,2023-10,54763.41
Nimbus LLP,Repairs & Maintenance,2023-11,61438.0
Nimbus LLP,Repairs & Maintenance,2023-12,57974.04
Nimbus LLP,Repairs & Maintenance,2024-01,65910.67
Nimbus LLP,Repairs & Maintenance,2024-02,60281.56
Nimbus LLP,Repairs & Maintenance,2024-03,68708.62
Nimbus LLP,Repairs & Maintenance,2024-04,54240.5
Nimbus LLP,Repairs & Maintenance,2024-05,59143.38
Nimbus LLP,Repairs & Maintenance,2024-06,67329.66
Nimbus LLP,Repairs & Maintenance,2024-07,55109.69
Nimbus LLP,Repairs & Maintenance,2024-08,63043.36
Nimbus LLP,Repairs & Maintenance,2024-09,59918.76
Nimbus LLP,Repairs & Maintenance,2024-10,58421.74
Nimbus LLP,Repairs & Maintenance,2024-11,69761.31
Nimbus LLP,Repairs & Maintenance,2024-12,66026.81
Nimbus LLP,Repairs & Maintenance,2025-01,62792.43
Nimbus LLP,Repairs & Maintenance,2025-02,52314.06
Nimbus LLP,Repairs & Maintenance,2025-03,68227.55
Nimbus LLP,Repairs & Maintenance,2025-04,55811.09
Nimbus LLP,Repairs & Maintenance,2025-05,56089.88
Nimbus LLP,Repairs & Maintenance,2025-06,68867.83
Nimbus LLP,Repairs & Maintenance,2025-07,66256.37
Nimbus LLP,Repairs & Maintenance,2025-08,67631.08
Nimbus LLP,Repairs & Maintenance,2025-09,54003.29
Nimbus LLP,Repairs & Maintenance,2025-10,55931.6
Nimbus LLP,Repairs & Maintenance,2025-11,60176.61
Nimbus LLP,Repairs & Maintenance,2025-12,59778.62
Nimbus LLP,Repairs & Maintenance,2026-01,69159.14
Nimbus LLP,Repairs & Maintenance,2026-02,68749.65
Nimbus LLP,Repairs & Maintenance,2026-03,53497.78
Nimbus LLP,Repairs & Maintenance,2026-04,69815.73
Nimbus LLP,Repairs & Maintenance,2026-05,53468.17
Nimbus LLP,Repairs & Maintenance,2026-06,52805.31
Nimbus LLP,Repairs & Maintenance,2026-07,57774.09
Golden Harvest LLP,Office Supplies,2022-01,362735.24
Golden Harvest LLP,Office Supplies,2022-02,436095.11
Golden Harvest LLP,Office Supplies,2022-03,339255.45
Golden Harvest LLP,Office Supplies,2022-04,334489.09
Golden Harvest LLP,Office Supplies,2022-05,345829.14
Golden Harvest LLP,Office Supplies,2022-06,430987.88
Golden Harvest LLP,Office Supplies,2022-07,413102.24
Golden Harvest LLP,Office Supplies,2022-08,410235.25
Golden Harvest LLP,Office Supplies,2022-09,337867.12
Golden Harvest LLP,Office Supplies,2022-10,364673.97
Golden Harvest LLP,Office Supplies,2022-11,369079.39
Golden Harvest LLP,Office Supplies,2022-12,348577.83
Golden Harvest LLP,Office Supplies,2023-01,413730.65
Golden Harvest LLP,Office Supplies,2023-02,423358.25
Golden Harvest LLP,Office Supplies,2023-03,339165.26
Golden Harvest LLP,Office Supplies,2023-04,402118.86
Golden Harvest LLP,Office Supplies,2023-05,440746.0
Golden Harvest LLP,Office Supplies,2023-06,422808.15
Golden Harvest LLP,Office Supplies,2023-07,429771.58
Golden Harvest LLP,Office Supplies,2023-08,415566.7
Golden Harvest LLP,Office Supplies,2023-09,389555.94
Golden Harvest LLP,Office Supplies,2023-10,346493.82
Golden Harvest LLP,Office Supplies,2023-11,341234.77
Golden Harvest LLP,Office Supplies,2023-12,393688.2
Golden Harvest LLP,Office Supplies,2024-01,362147.23
Golden Harvest LLP,Office Supplies,2024-02,439500.47
Golden Harvest LLP,Office Supplies,2024-03,405747.69
Golden Harvest LLP,Office Supplies,2024-04,337598.09
Golden Harvest LLP,Office Supplies,2024-05,351473.26
Golden Harvest LLP,Office Supplies,2024-06,349129.24
Golden Harvest LLP,Office Supplies,2024-07,381109.55
Golden Harvest LLP,Office Supplies,2024-08,343318.12
Golden Harvest LLP,Office Supplies,2024-09,367175.25
Golden Harvest LLP,Office Supplies,2024-10,440732.93
Golden Harvest LLP,Office Supplies,2024-11,444339.87
Golden Harvest LLP,Office Supplies,2024-12,371823.3
Golden Harvest LLP,Office Supplies,2025-01,400534.58
Golden Harvest LLP,Office Supplies,2025-02,418508.37
Golden Harvest LLP,Office Supplies,2025-03,391883.64
Golden Harvest LLP,Office Supplies,2025-04,380135.67
Golden Harvest LLP,Office Supplies,2025-05,446344.22
Golden Harvest LLP,Office Supplies,2025-06,437350.54
Golden Harvest LLP,Office Supplies,2025-07,335985.58
Golden Harvest LLP,Office Supplies,2025-08,403823.62
Golden Harvest LLP,Office Supplies,2025-09,431645.55
Golden Harvest LLP,Office Supplies,2025-10,443824.94
Golden Harvest LLP,Office Supplies,2025-11,439983.51
Golden Harvest LLP,Office Supplies,2025-12,440201.88
Golden Harvest LLP,Office Supplies,2026-01,355789.82
Golden Harvest LLP,Office Supplies,2026-02,389212.66
Golden Harvest LLP,Office Supplies,2026-03,391155.8
Golden Harvest LLP,Office Supplies,2026-04,430010.13
Golden Harvest LLP,Office Supplies,2026-05,332092.81
Golden Harvest LLP,Office Supplies,2026-06,349516.54
Golden Harvest LLP,Office Supplies,2026-07,366317.81
Golden Harvest LLP,Rent,2022-01,266305.09
Golden Harvest LLP,Rent,2022-02,271912.64
Golden Harvest LLP,Rent,2022-03,250484.52
Golden Harvest LLP,Rent,2022-04,225549.59
Golden Harvest LLP,Rent,2022-05,239873.43
Golden Harvest LLP,Rent,2022-06,267271.05
Golden Harvest LLP,Rent,2022-07,289238.63
Golden Harvest LLP,Rent,2022-08,272200.09
Golden Harvest LLP,Rent,2022-09,225028.14
Golden Harvest LLP,Rent,2022-10,251066.53
Golden Harvest LLP,Rent,2022-11,231823.73
Golden Harvest LLP,Rent,2022-12,251245.2
Golden Harvest LLP,Rent,2023-01,265233.4
Golden Harvest LLP,Rent,2023-02,254289.27
Golden Harvest LLP,Rent,2023-03,281976.4
Golden Harvest LLP,Rent,2023-04,232857.4
Golden Harvest LLP,Rent,2023-05,288375.2
Golden Harvest LLP,Rent,2023-06,235271.25
Golden Harvest LLP,Rent,2023-07,269097.6
Golden Harvest LLP,Rent,2023-08,233533.13
Golden Harvest LLP,Rent,2023-09,252484.62
Golden Harvest LLP,Rent,2023-10,247119.77
Golden Harvest LLP,Rent,2023-11,280577.31
Golden Harvest LLP,Rent,2023-12,299610.7
Golden Harvest LLP,Rent,2024-01,267044.93
Golden Harvest LLP,Rent,2024-02,263304.48
Golden Harvest LLP,Rent,2024-03,299005.88
Golden Harvest LLP,Rent,2024-04,288289.83
Golden Harvest LLP,Rent,2024-05,270949.27
Golden Harvest LLP,Rent,2024-06,289242.44
Golden Harvest LLP,Rent,2024-07,224954.53
Golden Harvest LLP,Rent,2024-08,267363.08
Golden Harvest LLP,Rent,2024-09,274798.34
Golden Harvest LLP,Rent,2024-10,281418.51
Golden Harvest LLP,Rent,2024-11,226934.47
Golden Harvest LLP,Rent,2024-12,224326.61
Golden Harvest LLP,Rent,2025-01,242584.92
Golden Harvest LLP,Rent,2025-02,255538.24
Golden Harvest LLP,Rent,2025-03,293624.05
Golden Harvest LLP,Rent,2025-04,231166.97
Golden Harvest LLP,Rent,2025-05,233458.55
Golden Harvest LLP,Rent,2025-06,290916.23
Golden Harvest LLP,Rent,2025-07,251966.32
Golden Harvest LLP,Rent,2025-08,280956.69
Golden Harvest LLP,Rent,2025-09,247743.09
Golden Harvest LLP,Rent,2025-10,260160.48
Golden Harvest LLP,Rent,2025-11,224860.88
Golden Harvest LLP,Rent,2025-12,274525.08
Golden Harvest LLP,Rent,2026-01,232777.51
Golden Harvest LLP,Rent,2026-02,229482.52
Golden Harvest LLP,Rent,2026-03,233026.44
Golden Harvest LLP,Rent,2026-04,248918.81
Golden Harvest LLP,Rent,2026-05,245350.84
Golden Harvest LLP,Rent,2026-06,258226.45
Golden Harvest LLP,Rent,2026-07,257156.64
Golden Harvest LLP,Utilities,2022-01,361874.79
Golden Harvest LLP,Utilities,2022-02,384054.09
Golden Harvest LLP,Utilities,2022-03,368350.26
Golden Harvest LLP,Utilities,2022-04,389157.84
Golden Harvest LLP,Utilities,2022-05,400857.45
Golden Harvest LLP,Utilities,2022-06,400416.65
Golden Harvest LLP,Utilities,2022-07,425600.18
Golden Harvest LLP,Utilities,2022-08,359860.37
Golden Harvest LLP,Utilities,2022-09,337769.39
Golden Harvest LLP,Utilities,2022-10,353940.38
Golden Harvest LLP,Utilities,2022-11,363251.1
Golden Harvest LLP,Utilities,2022-12,385259.45
Golden Harvest LLP,Utilities,2023-01,437059.84
Golden Harvest LLP,Utilities,2023-02,390920.86
Golden Harvest LLP,Utilities,2023-03,435882.06
Golden Harvest LLP,Utilities,2023-04,385061.3
Golden Harvest LLP,Utilities,2023-05,385262.65
Golden Harvest LLP,Utilities,2023-06,365624.23
Golden Harvest LLP,Utilities,2023-07,344381.91
Golden Harvest LLP,Utilities,2023-08,446490.6
Golden Harvest LLP,Utilities,2023-09,431417.97
Golden Harvest LLP,Utilities,2023-10,342599.89
Golden Harvest LLP,Utilities,2023-11,421698.44
Golden Harvest LLP,Utilities,2023-12,338497.58
Golden Harvest LLP,Utilities,2024-01,381866.65
Golden Harvest LLP,Utilities,2024-02,356804.34
Golden Harvest LLP,Utilities,2024-03,442634.31
Golden Harvest LLP,Utilities,2024-04,339450.63
Golden Harvest LLP,Utilities,2024-05,394823.06
Golden Harvest LLP,Utilities,2024-06,407556.27
Golden Harvest LLP,Utilities,2024-07,410755.22
Golden Harvest LLP,Utilities,2024-08,450230.77
Golden Harvest LLP,Utilities,2024-09,439304.78
Golden Harvest LLP,Utilities,2024-10,374513.91
Golden Harvest LLP,Utilities,2024-11,403666.04
Golden Harvest LLP,Utilities,2024-12,393260.6
Golden Harvest LLP,Utilities,2025-01,408079.32
Golden Harvest LLP,Utilities,2025-02,361837.08
Golden Harvest LLP,Utilities,2025-03,345402.21
Golden Harvest LLP,Utilities,2025-04,381942.68
Golden Harvest LLP,Utilities,2025-05,358789.32
Golden Harvest LLP,Utilities,2025-06,440566.56
Golden Harvest LLP,Utilities,2025-07,393318.19
Golden Harvest LLP,Utilities,2025-08,418825.21
Golden Harvest LLP,Utilities,2025-09,409637.69
Golden Harvest LLP,Utilities,2025-10,411572.39
Golden Harvest LLP,Utilities,2025-11,446788.12
Golden Harvest LLP,Utilities,2025-12,381582.86
Golden Harvest LLP,Utilities,2026-01,348118.32
Golden Harvest LLP,Utilities,2026-02,439522.79
Golden Harvest LLP,Utilities,2026-03,423735.51
Golden Harvest LLP,Utilities,2026-04,356181.72
Golden Harvest LLP,Utilities,2026-05,406785.55
Golden Harvest LLP,Utilities,2026-06,400845.98
Golden Harvest LLP,Utilities,2026-07,418357.51
Golden Harvest LLP,Salaries,2022-01,319458.35
Golden Harvest LLP,Salaries,2022-02,387189.59
Golden Harvest LLP,Salaries,2022-03,325915.22
Golden Harvest LLP,Salaries,2022-04,345182.29
Golden Harvest LLP,Salaries,2022-05,416952.46
Golden Harvest LLP,Salaries,2022-06,366442.41
Golden Harvest LLP,Salaries,2022-07,339802.49
Golden Harvest LLP,Salaries,2022-08,332596.74
Golden Harvest LLP,Salaries,2022-09,328609.89
Golden Harvest LLP,Salaries,2022-10,365438.4
Golden Harvest LLP,Salaries,2022-11,371102.64
Golden Harvest LLP,Salaries,2022-12,416331.91
Golden Harvest LLP,Salaries,2023-01,334612.61
Golden Harvest LLP,Salaries,2023-02,354011.88
Golden Harvest LLP,Salaries,2023-03,417339.82
Golden Harvest LLP,Salaries,2023-04,373155.1
Golden Harvest LLP,Salaries,2023-05,377404.85
Golden Harvest LLP,Salaries,2023-06,334576.28
Golden Harvest LLP,Salaries,2023-07,314947.4
Golden Harvest LLP,Salaries,2023-08,421001.3
Golden Harvest LLP,Salaries,2023-09,410693.66
Golden Harvest LLP,Salaries,2023-10,333227.85
Golden Harvest LLP,Salaries,2023-11,321100.73
Golden Harvest LLP,Salaries,2023-12,421264.65
Golden Harvest LLP,Salaries,2024-01,422528.18
Golden Harvest LLP,Salaries,2024-02,370546.61
Golden Harvest LLP,Salaries,2024-03,367680.17
Golden Harvest LLP,Salaries,2024-04,363813.72
Golden Harvest LLP,Salaries,2024-05,314645.22
Golden Harvest LLP,Salaries,2024-06,369114.6
Golden Harvest LLP,Salaries,2024-07,328849.22
Golden Harvest LLP,Salaries,2024-08,348360.76
Golden Harvest LLP,Salaries,2024-09,405399.69
Golden Harvest LLP,Salaries,2024-10,416569.34
Golden Harvest LLP,Salaries,2024-11,397834.86
Golden Harvest LLP,Salaries,2024-12,339329.67
Golden Harvest LLP,Salaries,2025-01,423719.42
Golden Harvest LLP,Salaries,2025-02,315761.95
Golden Harvest LLP,Salaries,2025-03,352153.0
Golden Harvest LLP,Salaries,2025-04,346013.21
Golden Harvest LLP,Salaries,2025-05,345651.92
Golden Harvest LLP,Salaries,2025-06,337344.43
Golden Harvest LLP,Salaries,2025-07,406335.21
Golden Harvest LLP,Salaries,2025-08,344433.39
Golden Harvest LLP,Salaries,2025-09,351781.62
Golden Harvest LLP,Salaries,2025-10,367943.65
Golden Harvest LLP,Salaries,2025-11,396822.35
Golden Harvest LLP,Salaries,2025-12,399626.86
Golden Harvest LLP,Salaries,2026-01,327266.85
Golden Harvest LLP,Salaries,2026-02,344460.96
Golden Harvest LLP,Salaries,2026-03,398491.11
Golden Harvest LLP,Salaries,2026-04,388034.15
Golden Harvest LLP,Salaries,2026-05,402475.05
Golden Harvest LLP,Salaries,2026-06,330377.64
Golden Harvest LLP,Salaries,2026-07,389144.15
Golden Harvest LLP,Travel,2022-01,442428.19
Golden Harvest LLP,Travel,2022-02,351119.2
Golden Harvest LLP,Travel,2022-03,373470.86
Golden Harvest LLP,Travel,2022-04,450576.38
Golden Harvest LLP,Travel,2022-05,421755.8
Golden Harvest LLP,Travel,2022-06,357505.39
Golden Harvest LLP,Travel,2022-07,448985.67
Golden Harvest LLP,Travel,2022-08,357314.82
Golden Harvest LLP,Travel,2022-09,362817.35
Golden Harvest LLP,Travel,2022-10,433598.72
Golden Harvest LLP,Travel,2022-11,451591.65
Golden Harvest LLP,Travel,2022-12,417045.94
Golden Harvest LLP,Travel,2023-01,447629.14
Golden Harvest LLP,Travel,2023-02,366623.37
Golden Harvest LLP,Travel,2023-03,385341.06
Golden Harvest LLP,Travel,2023-04,409576.05
Golden Harvest LLP,Travel,2023-05,374372.64
Golden Harvest LLP,Travel,2023-06,399012.88
Golden Harvest LLP,Travel,2023-07,431978.65
Golden Harvest LLP,Travel,2023-08,452064.64
Golden Harvest LLP,Travel,2023-09,381658.84
Golden Harvest LLP,Travel,2023-10,377841.13
Golden Harvest LLP,Travel,2023-11,440543.06
Golden Harvest LLP,Travel,2023-12,407178.9
Golden Harvest LLP,Travel,2024-01,378928.98
Golden Harvest LLP,Travel,2024-02,439848.21
Golden Harvest LLP,Travel,2024-03,390597.73
Golden Harvest LLP,Travel,2024-04,417218.16
Golden Harvest LLP,Travel,2024-05,372151.81
Golden Harvest LLP,Travel,2024-06,366625.18
Golden Harvest LLP,Travel,2024-07,354244.97
Golden Harvest LLP,Travel,2024-08,449716.89
Golden Harvest LLP,Travel,2024-09,354387.52
Golden Harvest LLP,Travel,2024-10,421322.73
Golden Harvest LLP,Travel,2024-11,386878.99
Golden Harvest LLP,Travel,2024-12,345483.72
Golden Harvest LLP,Travel,2025-01,345704.02
Golden Harvest LLP,Travel,2025-02,369554.26
Golden Harvest LLP,Travel,2025-03,419127.84
Golden Harvest LLP,Travel,2025-04,424208.25
Golden Harvest LLP,Travel,2025-05,372356.1
Golden Harvest LLP,Travel,2025-06,365836.53
Golden Harvest LLP,Travel,2025-07,437353.76
Golden Harvest LLP,Travel,2025-08,436928.31
Golden Harvest LLP,Travel,2025-09,341088.91
Golden Harvest LLP,Travel,2025-10,348865.69
Golden Harvest LLP,Travel,2025-11,356814.07
Golden Harvest LLP,Travel,2025-12,359440.96
Golden Harvest LLP,Travel,2026-01,446711.91
Golden Harvest LLP,Travel,2026-02,387330.37
Golden Harvest LLP,Travel,2026-03,406064.68
Golden Harvest LLP,Travel,2026-04,392857.39
Golden Harvest LLP,Travel,2026-05,430449.08
Golden Harvest LLP,Travel,2026-06,339662.47
Golden Harvest LLP,Travel,2026-07,410234.37
Golden Harvest LLP,Marketing,2022-01,242573.01
Golden Harvest LLP,Marketing,2022-02,281396.53
Golden Harvest LLP,Marketing,2022-03,249321.68
Golden Harvest LLP,Marketing,2022-04,241843.52
Golden Harvest LLP,Marketing,2022-05,274039.62
Golden Harvest LLP,Marketing,2022-06,252656.41
Golden Harvest LLP,Marketing,2022-07,266320.22
Golden Harvest LLP,Marketing,2022-08,213790.59
Golden Harvest LLP,Marketing,2022-09,235423.54
Golden Harvest LLP,Marketing,2022-10,276136.51
Golden Harvest LLP,Marketing,2022-11,276238.85
Golden Harvest LLP,Marketing,2022-12,279090.86
Golden Harvest LLP,Marketing,2023-01,271423.4
Golden Harvest LLP,Marketing,2023-02,218788.18
Golden Harvest LLP,Marketing,2023-03,225302.37
Golden Harvest LLP,Marketing,2023-04,234661.71
Golden Harvest LLP,Marketing,2023-05,273908.98
Golden Harvest LLP,Marketing,2023-06,247342.15
Golden Harvest LLP,Marketing,2023-07,237661.84
Golden Harvest LLP,Marketing,2023-08,229418.89
Golden Harvest LLP,Marketing,2023-09,227583.42
Golden Harvest LLP,Marketing,2023-10,271973.44
Golden Harvest LLP,Marketing,2023-11,215022.21
Golden Harvest LLP,Marketing,2023-12,213446.74
Golden Harvest LLP,Marketing,2024-01,265313.06
Golden Harvest LLP,Marketing,2024-02,216065.71
Golden Harvest LLP,Marketing,2024-03,226398.46
Golden Harvest LLP,Marketing,2024-04,234904.95
Golden Harvest LLP,Marketing,2024-05,261774.38
Golden Harvest LLP,Marketing,2024-06,225145.16
Golden Harvest LLP,Marketing,2024-07,224460.58
Golden Harvest LLP,Marketing,2024-08,234628.44
Golden Harvest LLP,Marketing,2024-09,231090.34
Golden Harvest LLP,Marketing,2024-10,217827.21
Golden Harvest LLP,Marketing,2024-11,243383.12
Golden Harvest LLP,Marketing,2024-12,239102.98
Golden Harvest LLP,Marketing,2025-01,248925.51
Golden Harvest LLP,Marketing,2025-02,247145.25
Golden Harvest LLP,Marketing,2025-03,230249.79
Golden Harvest LLP,Marketing,2025-04,241806.26
Golden Harvest LLP,Marketing,2025-05,253708.24
Golden Harvest LLP,Marketing,2025-06,278059.96
Golden Harvest LLP,Marketing,2025-07,266765.4
Golden Harvest LLP,Marketing,2025-08,266751.87
Golden Harvest LLP,Marketing,2025-09,244464.45
Golden Harvest LLP,Marketing,2025-10,226352.51
Golden Harvest LLP,Marketing,2025-11,238223.55
Golden Harvest LLP,Marketing,2025-12,256564.92
Golden Harvest LLP,Marketing,2026-01,243730.69
Golden Harvest LLP,Marketing,2026-02,213920.22
Golden Harvest LLP,Marketing,2026-03,250322.58
Golden Harvest LLP,Marketing,2026-04,237170.25
Golden Harvest LLP,Marketing,2026-05,260209.52
Golden Harvest LLP,Marketing,2026-06,223024.65
Golden Harvest LLP,Marketing,2026-07,244673.9
Golden Harvest LLP,Professional Fees,2022-01,173254.36
Golden Harvest LLP,Professional Fees,2022-02,195798.92
Golden Harvest LLP,Professional Fees,2022-03,150366.31
Golden Harvest LLP,Professional Fees,2022-04,162787.84
Golden Harvest LLP,Professional Fees,2022-05,157234.24
Golden Harvest LLP,Professional Fees,2022-06,176277.28
Golden Harvest LLP,Professional Fees,2022-07,149012.16
Golden Harvest LLP,Professional Fees,2022-08,190720.11
Golden Harvest LLP,Professional Fees,2022-09,169741.5
Golden Harvest LLP,Professional Fees,2022-10,167718.79
Golden Harvest LLP,Professional Fees,2022-11,153932.52
Golden Harvest LLP,Professional Fees,2022-12,146709.74
Golden Harvest LLP,Professional Fees,2023-01,172401.9
Golden Harvest LLP,Professional Fees,2023-02,186739.36
Golden Harvest LLP,Professional Fees,2023-03,172137.02
Golden Harvest LLP,Professional Fees,2023-04,171377.73
Golden Harvest LLP,Professional Fees,2023-05,181956.09
Golden Harvest LLP,Professional Fees,2023-06,183351.63
Golden Harvest LLP,Professional Fees,2023-07,166182.24
Golden Harvest LLP,Professional Fees,2023-08,153154.09
Golden Harvest LLP,Professional Fees,2023-09,152835.03
Golden Harvest LLP,Professional Fees,2023-10,160987.63
Golden Harvest LLP,Professional Fees,2023-11,150599.32
Golden Harvest LLP,Professional Fees,2023-12,175573.18
Golden Harvest LLP,Professional Fees,2024-01,189380.46
Golden Harvest LLP,Professional Fees,2024-02,162796.37
Golden Harvest LLP,Professional Fees,2024-03,173756.79
Golden Harvest LLP,Professional Fees,2024-04,176329.9
Golden Harvest LLP,Professional Fees,2024-05,169478.0
Golden Harvest LLP,Professional Fees,2024-06,148815.96
Golden Harvest LLP,Professional Fees,2024-07,196750.18
Golden Harvest LLP,Professional Fees,2024-08,158334.38
Golden Harvest LLP,Professional Fees,2024-09,183121.14
Golden Harvest LLP,Professional Fees,2024-10,165851.91
Golden Harvest LLP,Professional Fees,2024-11,150803.49
Golden Harvest LLP,Professional Fees,2024-12,175757.62
Golden Harvest LLP,Professional Fees,2025-01,147334.78
Golden Harvest LLP,Professional Fees,2025-02,175967.51
Golden Harvest LLP,Professional Fees,2025-03,167940.56
Golden Harvest LLP,Professional Fees,2025-04,158290.47
Golden Harvest LLP,Professional Fees,2025-05,183899.76
Golden Harvest LLP,Professional Fees,2025-06,188193.72
Golden Harvest LLP,Professional Fees,2025-07,162449.3
Golden Harvest LLP,Professional Fees,2025-08,190091.63
Golden Harvest LLP,Professional Fees,2025-09,167436.94
Golden Harvest LLP,Professional Fees,2025-10,186926.25
Golden Harvest LLP,Professional Fees,2025-11,185470.1
Golden Harvest LLP,Professional Fees,2025-12,186924.78
Golden Harvest LLP,Professional Fees,2026-01,183380.0
Golden Harvest LLP,Professional Fees,2026-02,156009.35
Golden Harvest LLP,Professional Fees,2026-03,192009.27
Golden Harvest LLP,Professional Fees,2026-04,194017.37
Golden Harvest LLP,Professional Fees,2026-05,147443.25
Golden Harvest LLP,Professional Fees,2026-06,191141.85
Golden Harvest LLP,Professional Fees,2026-07,191687.91
Golden Harvest LLP,Bank Charges,2022-01,314488.23
Golden Harvest LLP,Bank Charges,2022-02,309148.04
Golden Harvest LLP,Bank Charges,2022-03,350339.63
Golden Harvest LLP,Bank Charges,2022-04,336698.3
Golden Harvest LLP,Bank Charges,2022-05,296231.83
Golden Harvest LLP,Bank Charges,2022-06,291815.8
Golden Harvest LLP,Bank Charges,2022-07,325594.15
Golden Harvest LLP,Bank Charges,2022-08,330701.9
Golden Harvest LLP,Bank Charges,2022-09,327703.81
Golden Harvest LLP,Bank Charges,2022-10,320433.62
Golden Harvest LLP,Bank Charges,2022-11,309469.14
Golden Harvest LLP,Bank Charges,2022-12,286805.46
Golden Harvest LLP,Bank Charges,2023-01,288516.51
Golden Harvest LLP,Bank Charges,2023-02,314778.9
Golden Harvest LLP,Bank Charges,2023-03,313713.05
Golden Harvest LLP,Bank Charges,2023-04,325660.49
Golden Harvest LLP,Bank Charges,2023-05,319360.7
Golden Harvest LLP,Bank Charges,2023-06,279075.24
Golden Harvest LLP,Bank Charges,2023-07,297724.55
Golden Harvest LLP,Bank Charges,2023-08,326180.13
Golden Harvest LLP,Bank Charges,2023-09,267849.51
Golden Harvest LLP,Bank Charges,2023-10,348087.75
Golden Harvest LLP,Bank Charges,2023-11,317608.44
Golden Harvest LLP,Bank Charges,2023-12,340700.5
Golden Harvest LLP,Bank Charges,2024-01,319108.67
Golden Harvest LLP,Bank Charges,2024-02,330466.29
Golden Harvest LLP,Bank Charges,2024-03,343137.17
Golden Harvest LLP,Bank Charges,2024-04,303272.2
Golden Harvest LLP,Bank Charges,2024-05,286486.81
Golden Harvest LLP,Bank Charges,2024-06,288248.97
Golden Harvest LLP,Bank Charges,2024-07,338862.72
Golden Harvest LLP,Bank Charges,2024-08,301005.44
Golden Harvest LLP,Bank Charges,2024-09,315682.93
Golden Harvest LLP,Bank Charges,2024-10,312531.35
Golden Harvest LLP,Bank Charges,2024-11,353373.1
Golden Harvest LLP,Bank Charges,2024-12,278860.17
Golden Harvest LLP,Bank Charges,2025-01,330225.19
Golden Harvest LLP,Bank Charges,2025-02,270092.94
Golden Harvest LLP,Bank Charges,2025-03,300320.4
Golden Harvest LLP,Bank Charges,2025-04,349294.87
Golden Harvest LLP,Bank Charges,2025-05,317014.15
Golden Harvest LLP,Bank Charges,2025-06,309322.46
Golden Harvest LLP,Bank Charges,2025-07,349374.07
Golden Harvest LLP,Bank Charges,2025-08,309343.16
Golden Harvest LLP,Bank Charges,2025-09,301361.43
Golden Harvest LLP,Bank Charges,2025-10,285221.23
Golden Harvest LLP,Bank Charges,2025-11,307303.14
Golden Harvest LLP,Bank Charges,2025-12,316245.05
Golden Harvest LLP,Bank Charges,2026-01,335268.14
Golden Harvest LLP,Bank Charges,2026-02,281266.86
Golden Harvest LLP,Bank Charges,2026-03,321922.77
Golden Harvest LLP,Bank Charges,2026-04,268987.62
Golden Harvest LLP,Bank Charges,2026-05,293242.61
Golden Harvest LLP,Bank Charges,2026-06,355845.03
Golden Harvest LLP,Bank Charges,2026-07,270074.98
Golden Harvest LLP,Other Expense,2022-01,249547.98
Golden Harvest LLP,Other Expense,2022-02,198384.59
Golden Harvest LLP,Other Expense,2022-03,224089.15
Golden Harvest LLP,Other Expense,2022-04,198458.12
Golden Harvest LLP,Other Expense,2022-05,186358.07
Golden Harvest LLP,Other Expense,2022-06,227906.83
Golden Harvest LLP,Other Expense,2022-07,190234.46
Golden Harvest LLP,Other Expense,2022-08,190966.64
Golden Harvest LLP,Other Expense,2022-09,211507.07
Golden Harvest LLP,Other Expense,2022-10,234723.13
Golden Harvest LLP,Other Expense,2022-11,235342.02
Golden Harvest LLP,Other Expense,2022-12,204455.54
Golden Harvest LLP,Other Expense,2023-01,194530.52
Golden Harvest LLP,Other Expense,2023-02,196122.03
Golden Harvest LLP,Other Expense,2023-03,232260.55
Golden Harvest LLP,Other Expense,2023-04,229233.23
Golden Harvest LLP,Other Expense,2023-05,227836.76
Golden Harvest LLP,Other Expense,2023-06,249822.93
Golden Harvest LLP,Other Expense,2023-07,226927.1
Golden Harvest LLP,Other Expense,2023-08,215574.1
Golden Harvest LLP,Other Expense,2023-09,217730.34
Golden Harvest LLP,Other Expense,2023-10,242646.67
Golden Harvest LLP,Other Expense,2023-11,192809.11
Golden Harvest LLP,Other Expense,2023-12,217649.78
Golden Harvest LLP,Other Expense,2024-01,220451.32
Golden Harvest LLP,Other Expense,2024-02,247115.24
Golden Harvest LLP,Other Expense,2024-03,232406.61
Golden Harvest LLP,Other Expense,2024-04,193624.02
Golden Harvest LLP,Other Expense,2024-05,235190.77
Golden Harvest LLP,Other Expense,2024-06,194336.68
Golden Harvest LLP,Other Expense,2024-07,245990.1
Golden Harvest LLP,Other Expense,2024-08,188774.66
Golden Harvest LLP,Other Expense,2024-09,185515.41
Golden Harvest LLP,Other Expense,2024-10,208217.49
Golden Harvest LLP,Other Expense,2024-11,205345.87
Golden Harvest LLP,Other Expense,2024-12,195143.7
Golden Harvest LLP,Other Expense,2025-01,219243.15
Golden Harvest LLP,Other Expense,2025-02,219907.56
Golden Harvest LLP,Other Expense,2025-03,196670.75
Golden Harvest LLP,Other Expense,2025-04,196310.32
Golden Harvest LLP,Other Expense,2025-05,203498.12
Golden Harvest LLP,Other Expense,2025-06,243255.76
Golden Harvest LLP,Other Expense,2025-07,225622.03
Golden Harvest LLP,Other Expense,2025-08,211863.13
Golden Harvest LLP,Other Expense,2025-09,196692.8
Golden Harvest LLP,Other Expense,2025-10,228084.05
Golden Harvest LLP,Other Expense,2025-11,218700.95
Golden Harvest LLP,Other Expense,2025-12,217842.11
Golden Harvest LLP,Other Expense,2026-01,225135.42
Golden Harvest LLP,Other Expense,2026-02,194013.87
Golden Harvest LLP,Other Expense,2026-03,229764.15
Golden Harvest LLP,Other Expense,2026-04,220364.28
Golden Harvest LLP,Other Expense,2026-05,214924.89
Golden Harvest LLP,Other Expense,2026-06,248967.27
Golden Harvest LLP,Other Expense,2026-07,197728.22
Golden Harvest LLP,Raw Materials,2022-01,135669.8
Golden Harvest LLP,Raw Materials,2022-02,175559.63
Golden Harvest LLP,Raw Materials,2022-03,165462.81
Golden Harvest LLP,Raw Materials,2022-04,156101.56
Golden Harvest LLP,Raw Materials,2022-05,168552.32
Golden Harvest LLP,Raw Materials,2022-06,164960.09
Golden Harvest LLP,Raw Materials,2022-07,162358.86
Golden Harvest LLP,Raw Materials,2022-08,156095.15
Golden Harvest LLP,Raw Materials,2022-09,181120.73
Golden Harvest LLP,Raw Materials,2022-10,155810.49
Golden Harvest LLP,Raw Materials,2022-11,150255.88
Golden Harvest LLP,Raw Materials,2022-12,160840.13
Golden Harvest LLP,Raw Materials,2023-01,173676.62
Golden Harvest LLP,Raw Materials,2023-02,146364.94
Golden Harvest LLP,Raw Materials,2023-03,170616.78
Golden Harvest LLP,Raw Materials,2023-04,170362.07
Golden Harvest LLP,Raw Materials,2023-05,137069.06
Golden Harvest LLP,Raw Materials,2023-06,135047.82
Golden Harvest LLP,Raw Materials,2023-07,139709.15
Golden Harvest LLP,Raw Materials,2023-08,141218.87
Golden Harvest LLP,Raw Materials,2023-09,146899.8
Golden Harvest LLP,Raw Materials,2023-10,166200.78
Golden Harvest LLP,Raw Materials,2023-11,156491.47
Golden Harvest LLP,Raw Materials,2023-12,156188.02
Golden Harvest LLP,Raw Materials,2024-01,142670.96
Golden Harvest LLP,Raw Materials,2024-02,164459.04
Golden Harvest LLP,Raw Materials,2024-03,139365.13
Golden Harvest LLP,Raw Materials,2024-04,171558.09
Golden Harvest LLP,Raw Materials,2024-05,155079.85
Golden Harvest LLP,Raw Materials,2024-06,145510.36
Golden Harvest LLP,Raw Materials,2024-07,175616.56
Golden Harvest LLP,Raw Materials,2024-08,154068.29
Golden Harvest LLP,Raw Materials,2024-09,163617.13
Golden Harvest LLP,Raw Materials,2024-10,154958.51
Golden Harvest LLP,Raw Materials,2024-11,154468.05
Golden Harvest LLP,Raw Materials,2024-12,168846.96
Golden Harvest LLP,Raw Materials,2025-01,173028.04
Golden Harvest LLP,Raw Materials,2025-02,148650.91
Golden Harvest LLP,Raw Materials,2025-03,153302.8
Golden Harvest LLP,Raw Materials,2025-04,158294.36
Golden Harvest LLP,Raw Materials,2025-05,152487.71
Golden Harvest LLP,Raw Materials,2025-06,149363.45
Golden Harvest LLP,Raw Materials,2025-07,151501.05
Golden Harvest LLP,Raw Materials,2025-08,150398.73
Golden Harvest LLP,Raw Materials,2025-09,151181.15
Golden Harvest LLP,Raw Materials,2025-10,179551.28
Golden Harvest LLP,Raw Materials,2025-11,154240.29
Golden Harvest LLP,Raw Materials,2025-12,171526.34
Golden Harvest LLP,Raw Materials,2026-01,158049.21
Golden Harvest LLP,Raw Materials,2026-02,137185.93
Golden Harvest LLP,Raw Materials,2026-03,151392.68
Golden Harvest LLP,Raw Materials,2026-04,143509.25
Golden Harvest LLP,Raw Materials,2026-05,149822.86
Golden Harvest LLP,Raw Materials,2026-06,176127.5
Golden Harvest LLP,Raw Materials,2026-07,179791.69
Golden Harvest LLP,Equipment Purchase,2022-01,239246.12
Golden Harvest LLP,Equipment Purchase,2022-02,214258.3
Golden Harvest LLP,Equipment Purchase,2022-03,234784.19
Golden Harvest LLP,Equipment Purchase,2022-04,245609.02
Golden Harvest LLP,Equipment Purchase,2022-05,223041.51
Golden Harvest LLP,Equipment Purchase,2022-06,214647.22
Golden Harvest LLP,Equipment Purchase,2022-07,211557.85
Golden Harvest LLP,Equipment Purchase,2022-08,209091.49
Golden Harvest LLP,Equipment Purchase,2022-09,245468.17
Golden Harvest LLP,Equipment Purchase,2022-10,235498.22
Golden Harvest LLP,Equipment Purchase,2022-11,237351.99
Golden Harvest LLP,Equipment Purchase,2022-12,220239.29
Golden Harvest LLP,Equipment Purchase,2023-01,233197.45
Golden Harvest LLP,Equipment Purchase,2023-02,239004.04
Golden Harvest LLP,Equipment Purchase,2023-03,270093.9
Golden Harvest LLP,Equipment Purchase,2023-04,254564.8
Golden Harvest LLP,Equipment Purchase,2023-05,246569.39
Golden Harvest LLP,Equipment Purchase,2023-06,237540.6
Golden Harvest LLP,Equipment Purchase,2023-07,221646.86
Golden Harvest LLP,Equipment Purchase,2023-08,207574.23
Golden Harvest LLP,Equipment Purchase,2023-09,233151.75
Golden Harvest LLP,Equipment Purchase,2023-10,227959.37
Golden Harvest LLP,Equipment Purchase,2023-11,231290.56
Golden Harvest LLP,Equipment Purchase,2023-12,249234.49
Golden Harvest LLP,Equipment Purchase,2024-01,269874.8
Golden Harvest LLP,Equipment Purchase,2024-02,271957.14
Golden Harvest LLP,Equipment Purchase,2024-03,262759.93
Golden Harvest LLP,Equipment Purchase,2024-04,208133.99
Golden Harvest LLP,Equipment Purchase,2024-05,275546.55
Golden Harvest LLP,Equipment Purchase,2024-06,272480.19
Golden Harvest LLP,Equipment Purchase,2024-07,258761.17
Golden Harvest LLP,Equipment Purchase,2024-08,217202.14
Golden Harvest LLP,Equipment Purchase,2024-09,256273.71
Golden Harvest LLP,Equipment Purchase,2024-10,251606.51
Golden Harvest LLP,Equipment Purchase,2024-11,206782.25
Golden Harvest LLP,Equipment Purchase,2024-12,231938.6
Golden Harvest LLP,Equipment Purchase,2025-01,225038.77
Golden Harvest LLP,Equipment Purchase,2025-02,216814.16
Golden Harvest LLP,Equipment Purchase,2025-03,235324.2
Golden Harvest LLP,Equipment Purchase,2025-04,205642.03
Golden Harvest LLP,Equipment Purchase,2025-05,242587.06
Golden Harvest LLP,Equipment Purchase,2025-06,256246.38
Golden Harvest LLP,Equipment Purchase,2025-07,222422.0
Golden Harvest LLP,Equipment Purchase,2025-08,252895.96
Golden Harvest LLP,Equipment Purchase,2025-09,213392.89
Golden Harvest LLP,Equipment Purchase,2025-10,239510.81
Golden Harvest LLP,Equipment Purchase,2025-11,228867.51
Golden Harvest LLP,Equipment Purchase,2025-12,260422.72
Golden Harvest LLP,Equipment Purchase,2026-01,219759.97
Golden Harvest LLP,Equipment Purchase,2026-02,261463.52
Golden Harvest LLP,Equipment Purchase,2026-03,240767.58
Golden Harvest LLP,Equipment Purchase,2026-04,220766.82
Golden Harvest LLP,Equipment Purchase,2026-05,239244.09
Golden Harvest LLP,Equipment Purchase,2026-06,267258.19
Golden Harvest LLP,Equipment Purchase,2026-07,271751.32
Golden Harvest LLP,Insurance,2022-01,200765.67
Golden Harvest LLP,Insurance,2022-02,199729.31
Golden Harvest LLP,Insurance,2022-03,171854.88
Golden Harvest LLP,Insurance,2022-04,195504.73
Golden Harvest LLP,Insurance,2022-05,165486.82
Golden Harvest LLP,Insurance,2022-06,187286.3
Golden Harvest LLP,Insurance,2022-07,154555.88
Golden Harvest LLP,Insurance,2022-08,188477.59
Golden Harvest LLP,Insurance,2022-09,184230.64
Golden Harvest LLP,Insurance,2022-10,179491.94
Golden Harvest LLP,Insurance,2022-11,177648.71
Golden Harvest LLP,Insurance,2022-12,168472.74
Golden Harvest LLP,Insurance,2023-01,193486.3
Golden Harvest LLP,Insurance,2023-02,198736.07
Golden Harvest LLP,Insurance,2023-03,164292.71
Golden Harvest LLP,Insurance,2023-04,166346.33
Golden Harvest LLP,Insurance,2023-05,167321.93
Golden Harvest LLP,Insurance,2023-06,158367.87
Golden Harvest LLP,Insurance,2023-07,181244.24
Golden Harvest LLP,Insurance,2023-08,162704.31
Golden Harvest LLP,Insurance,2023-09,157904.01
Golden Harvest LLP,Insurance,2023-10,159546.4
Golden Harvest LLP,Insurance,2023-11,192390.74
Golden Harvest LLP,Insurance,2023-12,200368.6
Golden Harvest LLP,Insurance,2024-01,172261.83
Golden Harvest LLP,Insurance,2024-02,173524.61
Golden Harvest LLP,Insurance,2024-03,156631.07
Golden Harvest LLP,Insurance,2024-04,181668.87
Golden Harvest LLP,Insurance,2024-05,184197.17
Golden Harvest LLP,Insurance,2024-06,153929.02
Golden Harvest LLP,Insurance,2024-07,178629.62
Golden Harvest LLP,Insurance,2024-08,158862.4
Golden Harvest LLP,Insurance,2024-09,160462.73
Golden Harvest LLP,Insurance,2024-10,156487.63
Golden Harvest LLP,Insurance,2024-11,181122.04
Golden Harvest LLP,Insurance,2024-12,193457.46
Golden Harvest LLP,Insurance,2025-01,177169.24
Golden Harvest LLP,Insurance,2025-02,185351.8
Golden Harvest LLP,Insurance,2025-03,191650.25
Golden Harvest LLP,Insurance,2025-04,190861.75
Golden Harvest LLP,Insurance,2025-05,164355.8
Golden Harvest LLP,Insurance,2025-06,186296.04
Golden Harvest LLP,Insurance,2025-07,166465.27
Golden Harvest LLP,Insurance,2025-08,160317.13
Golden Harvest LLP,Insurance,2025-09,201108.63
Golden Harvest LLP,Insurance,2025-10,159880.18
Golden Harvest LLP,Insurance,2025-11,181466.05
Golden Harvest LLP,Insurance,2025-12,161603.49
Golden Harvest LLP,Insurance,2026-01,171294.3
Golden Harvest LLP,Insurance,2026-02,182614.43
Golden Harvest LLP,Insurance,2026-03,184256.77
Golden Harvest LLP,Insurance,2026-04,181794.98
Golden Harvest LLP,Insurance,2026-05,160293.9
Golden Harvest LLP,Insurance,2026-06,191115.04
Golden Harvest LLP,Insurance,2026-07,175391.25
Golden Harvest LLP,Repairs & Maintenance,2022-01,54810.39
Golden Harvest LLP,Repairs & Maintenance,2022-02,65664.56
Golden Harvest LLP,Repairs & Maintenance,2022-03,66772.77
Golden Harvest LLP,Repairs & Maintenance,2022-04,68428.82
Golden Harvest LLP,Repairs & Maintenance,2022-05,59394.2
Golden Harvest LLP,Repairs & Maintenance,2022-06,63638.69
Golden Harvest LLP,Repairs & Maintenance,2022-07,52888.47
Golden Harvest LLP,Repairs & Maintenance,2022-08,59885.95
Golden Harvest LLP,Repairs & Maintenance,2022-09,56325.36
Golden Harvest LLP,Repairs & Maintenance,2022-10,58569.98
Golden Harvest LLP,Repairs & Maintenance,2022-11,68898.42
Golden Harvest LLP,Repairs & Maintenance,2022-12,65076.17
Golden Harvest LLP,Repairs & Maintenance,2023-01,69223.91
Golden Harvest LLP,Repairs & Maintenance,2023-02,62498.74
Golden Harvest LLP,Repairs & Maintenance,2023-03,62193.38
Golden Harvest LLP,Repairs & Maintenance,2023-04,59755.27
Golden Harvest LLP,Repairs & Maintenance,2023-05,51600.33
Golden Harvest LLP,Repairs & Maintenance,2023-06,61298.28
Golden Harvest LLP,Repairs & Maintenance,2023-07,67008.02
Golden Harvest LLP,Repairs & Maintenance,2023-08,56388.13
Golden Harvest LLP,Repairs & Maintenance,2023-09,53835.95
Golden Harvest LLP,Repairs & Maintenance,2023-10,58255.77
Golden Harvest LLP,Repairs & Maintenance,2023-11,53895.59
Golden Harvest LLP,Repairs & Maintenance,2023-12,61157.81
Golden Harvest LLP,Repairs & Maintenance,2024-01,56871.47
Golden Harvest LLP,Repairs & Maintenance,2024-02,61483.46
Golden Harvest LLP,Repairs & Maintenance,2024-03,65709.8
Golden Harvest LLP,Repairs & Maintenance,2024-04,66867.95
Golden Harvest LLP,Repairs & Maintenance,2024-05,65163.16
Golden Harvest LLP,Repairs & Maintenance,2024-06,51624.93
Golden Harvest LLP,Repairs & Maintenance,2024-07,58241.25
Golden Harvest LLP,Repairs & Maintenance,2024-08,53911.95
Golden Harvest LLP,Repairs & Maintenance,2024-09,64115.79
Golden Harvest LLP,Repairs & Maintenance,2024-10,60884.86
Golden Harvest LLP,Repairs & Maintenance,2024-11,67275.07
Golden Harvest LLP,Repairs & Maintenance,2024-12,58244.31
Golden Harvest LLP,Repairs & Maintenance,2025-01,53077.08
Golden Harvest LLP,Repairs & Maintenance,2025-02,62686.32
Golden Harvest LLP,Repairs & Maintenance,2025-03,60350.47
Golden Harvest LLP,Repairs & Maintenance,2025-04,58013.37
Golden Harvest LLP,Repairs & Maintenance,2025-05,65139.03
Golden Harvest LLP,Repairs & Maintenance,2025-06,67824.34
Golden Harvest LLP,Repairs & Maintenance,2025-07,54189.93
Golden Harvest LLP,Repairs & Maintenance,2025-08,63953.02
Golden Harvest LLP,Repairs & Maintenance,2025-09,54003.16
Golden Harvest LLP,Repairs & Maintenance,2025-10,68830.14
Golden Harvest LLP,Repairs & Maintenance,2025-11,51940.15
Golden Harvest LLP,Repairs & Maintenance,2025-12,53017.16
Golden Harvest LLP,Repairs & Maintenance,2026-01,66240.62
Golden Harvest LLP,Repairs & Maintenance,2026-02,53311.89
Golden Harvest LLP,Repairs & Maintenance,2026-03,59013.97
Golden Harvest LLP,Repairs & Maintenance,2026-04,66677.2
Golden Harvest LLP,Repairs & Maintenance,2026-05,60750.12
Golden Harvest LLP,Repairs & Maintenance,2026-06,65718.85
Golden Harvest LLP,Repairs & Maintenance,2026-07,57385.09
Apex LLP,Office Supplies,2022-01,104566.32
Apex LLP,Office Supplies,2022-02,104928.64
Apex LLP,Office Supplies,2022-03,106083.3
Apex LLP,Office Supplies,2022-04,89065.97
Apex LLP,Office Supplies,2022-05,97594.5
Apex LLP,Office Supplies,2022-06,87882.46
Apex LLP,Office Supplies,2022-07,85528.45
Apex LLP,Office Supplies,2022-08,96827.59
Apex LLP,Office Supplies,2022-09,94766.16
Apex LLP,Office Supplies,2022-10,85166.51
Apex LLP,Office Supplies,2022-11,86492.81
Apex LLP,Office Supplies,2022-12,90633.67
Apex LLP,Office Supplies,2023-01,108387.77
Apex LLP,Office Supplies,2023-02,82049.42
Apex LLP,Office Supplies,2023-03,94840.06
Apex LLP,Office Supplies,2023-04,90624.1
Apex LLP,Office Supplies,2023-05,97707.64
Apex LLP,Office Supplies,2023-06,92924.81
Apex LLP,Office Supplies,2023-07,88475.72
Apex LLP,Office Supplies,2023-08,86529.61
Apex LLP,Office Supplies,2023-09,90136.2
Apex LLP,Office Supplies,2023-10,94568.76
Apex LLP,Office Supplies,2023-11,94484.71
Apex LLP,Office Supplies,2023-12,105834.39
Apex LLP,Office Supplies,2024-01,94592.07
Apex LLP,Office Supplies,2024-02,88437.41
Apex LLP,Office Supplies,2024-03,84500.86
Apex LLP,Office Supplies,2024-04,104813.57
Apex LLP,Office Supplies,2024-05,86954.51
Apex LLP,Office Supplies,2024-06,80236.81
Apex LLP,Office Supplies,2024-07,97294.41
Apex LLP,Office Supplies,2024-08,93845.13
Apex LLP,Office Supplies,2024-09,82117.63
Apex LLP,Office Supplies,2024-10,87626.14
Apex LLP,Office Supplies,2024-11,97285.0
Apex LLP,Office Supplies,2024-12,101980.07
Apex LLP,Office Supplies,2025-01,85969.49
Apex LLP,Office Supplies,2025-02,102749.24
Apex LLP,Office Supplies,2025-03,93001.4
Apex LLP,Office Supplies,2025-04,94695.94
Apex LLP,Office Supplies,2025-05,86268.84
Apex LLP,Office Supplies,2025-06,90516.34
Apex LLP,Office Supplies,2025-07,95173.47
Apex LLP,Office Supplies,2025-08,103938.37
Apex LLP,Office Supplies,2025-09,93386.69
Apex LLP,Office Supplies,2025-10,87853.76
Apex LLP,Office Supplies,2025-11,92238.71
Apex LLP,Office Supplies,2025-12,106526.75
Apex LLP,Office Supplies,2026-01,83221.0
Apex LLP,Office Supplies,2026-02,102576.97
Apex LLP,Office Supplies,2026-03,91887.75
Apex LLP,Office Supplies,2026-04,100681.44
Apex LLP,Office Supplies,2026-05,104791.64
Apex LLP,Office Supplies,2026-06,85700.13
Apex LLP,Office Supplies,2026-07,103889.26
Apex LLP,Rent,2022-01,48877.33
Apex LLP,Rent,2022-02,46714.48
Apex LLP,Rent,2022-03,39965.82
Apex LLP,Rent,2022-04,44555.18
Apex LLP,Rent,2022-05,46861.41
Apex LLP,Rent,2022-06,47494.92
Apex LLP,Rent,2022-07,40358.04
Apex LLP,Rent,2022-08,43950.61
Apex LLP,Rent,2022-09,46991.23
Apex LLP,Rent,2022-10,49673.63
Apex LLP,Rent,2022-11,43858.79
Apex LLP,Rent,2022-12,47155.97
Apex LLP,Rent,2023-01,41735.71
Apex LLP,Rent,2023-02,41305.21
Apex LLP,Rent,2023-03,38743.39
Apex LLP,Rent,2023-04,37362.52
Apex LLP,Rent,2023-05,36955.45
Apex LLP,Rent,2023-06,45379.05
Apex LLP,Rent,2023-07,40117.54
Apex LLP,Rent,2023-08,46411.79
Apex LLP,Rent,2023-09,39990.38
Apex LLP,Rent,2023-10,40281.59
Apex LLP,Rent,2023-11,48233.26
Apex LLP,Rent,2023-12,47413.07
Apex LLP,Rent,2024-01,47454.26
Apex LLP,Rent,2024-02,40059.81
Apex LLP,Rent,2024-03,38808.46
Apex LLP,Rent,2024-04,49241.81
Apex LLP,Rent,2024-05,41203.48
Apex LLP,Rent,2024-06,41152.25
Apex LLP,Rent,2024-07,40490.99
Apex LLP,Rent,2024-08,38043.37
Apex LLP,Rent,2024-09,45411.77
Apex LLP,Rent,2024-10,38643.16
Apex LLP,Rent,2024-11,47020.75
Apex LLP,Rent,2024-12,45966.21
Apex LLP,Rent,2025-01,43103.92
Apex LLP,Rent,2025-02,42857.9
Apex LLP,Rent,2025-03,49616.94
Apex LLP,Rent,2025-04,47961.91
Apex LLP,Rent,2025-05,45772.0
Apex LLP,Rent,2025-06,42786.96
Apex LLP,Rent,2025-07,48276.2
Apex LLP,Rent,2025-08,42383.75
Apex LLP,Rent,2025-09,37485.63
Apex LLP,Rent,2025-10,43274.98
Apex LLP,Rent,2025-11,44045.05
Apex LLP,Rent,2025-12,39938.61
Apex LLP,Rent,2026-01,45626.32
Apex LLP,Rent,2026-02,47427.57
Apex LLP,Rent,2026-03,49771.29
Apex LLP,Rent,2026-04,39134.73
Apex LLP,Rent,2026-05,44822.48
Apex LLP,Rent,2026-06,40420.29
Apex LLP,Rent,2026-07,44927.02
Apex LLP,Utilities,2022-01,171014.15
Apex LLP,Utilities,2022-02,166186.22
Apex LLP,Utilities,2022-03,149126.96
Apex LLP,Utilities,2022-04,185557.79
Apex LLP,Utilities,2022-05,190334.99
Apex LLP,Utilities,2022-06,181775.48
Apex LLP,Utilities,2022-07,194968.1
Apex LLP,Utilities,2022-08,192636.48
Apex LLP,Utilities,2022-09,160182.55
Apex LLP,Utilities,2022-10,179855.25
Apex LLP,Utilities,2022-11,184852.8
Apex LLP,Utilities,2022-12,174735.96
Apex LLP,Utilities,2023-01,146346.86
Apex LLP,Utilities,2023-02,169934.78
Apex LLP,Utilities,2023-03,176550.65
Apex LLP,Utilities,2023-04,186275.81
Apex LLP,Utilities,2023-05,185416.09
Apex LLP,Utilities,2023-06,188350.67
Apex LLP,Utilities,2023-07,185211.03
Apex LLP,Utilities,2023-08,183189.92
Apex LLP,Utilities,2023-09,178290.68
Apex LLP,Utilities,2023-10,146390.75
Apex LLP,Utilities,2023-11,191932.94
Apex LLP,Utilities,2023-12,175180.06
Apex LLP,Utilities,2024-01,160789.12
Apex LLP,Utilities,2024-02,158416.44
Apex LLP,Utilities,2024-03,185969.3
Apex LLP,Utilities,2024-04,191582.39
Apex LLP,Utilities,2024-05,182033.09
Apex LLP,Utilities,2024-06,165551.58
Apex LLP,Utilities,2024-07,188442.4
Apex LLP,Utilities,2024-08,185730.86
Apex LLP,Utilities,2024-09,163262.94
Apex LLP,Utilities,2024-10,151005.61
Apex LLP,Utilities,2024-11,191463.46
Apex LLP,Utilities,2024-12,158654.94
Apex LLP,Utilities,2025-01,164389.22
Apex LLP,Utilities,2025-02,171991.41
Apex LLP,Utilities,2025-03,191080.7
Apex LLP,Utilities,2025-04,171225.73
Apex LLP,Utilities,2025-05,176072.82
Apex LLP,Utilities,2025-06,173750.64
Apex LLP,Utilities,2025-07,173242.85
Apex LLP,Utilities,2025-08,195789.51
Apex LLP,Utilities,2025-09,177163.41
Apex LLP,Utilities,2025-10,148760.84
Apex LLP,Utilities,2025-11,166874.46
Apex LLP,Utilities,2025-12,161095.3
Apex LLP,Utilities,2026-01,159651.26
Apex LLP,Utilities,2026-02,173693.96
Apex LLP,Utilities,2026-03,168382.83
Apex LLP,Utilities,2026-04,151475.22
Apex LLP,Utilities,2026-05,182447.64
Apex LLP,Utilities,2026-06,194497.51
Apex LLP,Utilities,2026-07,152602.24
Apex LLP,Salaries,2022-01,136120.0
Apex LLP,Salaries,2022-02,127087.25
Apex LLP,Salaries,2022-03,154105.64
Apex LLP,Salaries,2022-04,164608.94
Apex LLP,Salaries,2022-05,162817.54
Apex LLP,Salaries,2022-06,140070.43
Apex LLP,Salaries,2022-07,132366.53
Apex LLP,Salaries,2022-08,153683.26
Apex LLP,Salaries,2022-09,152649.23
Apex LLP,Salaries,2022-10,162715.01
Apex LLP,Salaries,2022-11,138529.96
Apex LLP,Salaries,2022-12,153983.66
Apex LLP,Salaries,2023-01,142915.41
Apex LLP,Salaries,2023-02,163678.3
Apex LLP,Salaries,2023-03,163089.91
Apex LLP,Salaries,2023-04,142472.0
Apex LLP,Salaries,2023-05,133138.99
Apex LLP,Salaries,2023-06,134374.16
Apex LLP,Salaries,2023-07,133998.28
Apex LLP,Salaries,2023-08,142833.93
Apex LLP,Salaries,2023-09,151333.27
Apex LLP,Salaries,2023-10,145868.96
Apex LLP,Salaries,2023-11,158088.48
Apex LLP,Salaries,2023-12,154332.03
Apex LLP,Salaries,2024-01,142206.74
Apex LLP,Salaries,2024-02,159629.3
Apex LLP,Salaries,2024-03,143403.16
Apex LLP,Salaries,2024-04,129162.46
Apex LLP,Salaries,2024-05,150829.49
Apex LLP,Salaries,2024-06,135825.7
Apex LLP,Salaries,2024-07,159600.43
Apex LLP,Salaries,2024-08,123530.67
Apex LLP,Salaries,2024-09,150689.67
Apex LLP,Salaries,2024-10,127474.47
Apex LLP,Salaries,2024-11,134028.26
Apex LLP,Salaries,2024-12,133690.85
Apex LLP,Salaries,2025-01,138998.73
Apex LLP,Salaries,2025-02,123674.15
Apex LLP,Salaries,2025-03,152317.62
Apex LLP,Salaries,2025-04,163567.9
Apex LLP,Salaries,2025-05,159231.98
Apex LLP,Salaries,2025-06,147232.83
Apex LLP,Salaries,2025-07,130587.12
Apex LLP,Salaries,2025-08,140069.56
Apex LLP,Salaries,2025-09,152490.13
Apex LLP,Salaries,2025-10,137110.0
Apex LLP,Salaries,2025-11,146148.13
Apex LLP,Salaries,2025-12,136777.11
Apex LLP,Salaries,2026-01,124675.51
Apex LLP,Salaries,2026-02,130070.91
Apex LLP,Salaries,2026-03,138434.98
Apex LLP,Salaries,2026-04,135157.22
Apex LLP,Salaries,2026-05,148810.83
Apex LLP,Salaries,2026-06,125375.4
Apex LLP,Salaries,2026-07,123131.92
Apex LLP,Travel,2022-01,146895.27
Apex LLP,Travel,2022-02,119781.7
Apex LLP,Travel,2022-03,134510.54
Apex LLP,Travel,2022-04,133859.88
Apex LLP,Travel,2022-05,123034.24
Apex LLP,Travel,2022-06,147648.17
Apex LLP,Travel,2022-07,149128.75
Apex LLP,Travel,2022-08,137684.14
Apex LLP,Travel,2022-09,120460.61
Apex LLP,Travel,2022-10,147114.46
Apex LLP,Travel,2022-11,146783.26
Apex LLP,Travel,2022-12,145773.82
Apex LLP,Travel,2023-01,113466.65
Apex LLP,Travel,2023-02,117215.15
Apex LLP,Travel,2023-03,125599.57
Apex LLP,Travel,2023-04,145034.24
Apex LLP,Travel,2023-05,124079.31
Apex LLP,Travel,2023-06,126659.25
Apex LLP,Travel,2023-07,115573.53
Apex LLP,Travel,2023-08,113551.6
Apex LLP,Travel,2023-09,141898.3
Apex LLP,Travel,2023-10,145227.02
Apex LLP,Travel,2023-11,123512.87
Apex LLP,Travel,2023-12,135844.65
Apex LLP,Travel,2024-01,142023.82
Apex LLP,Travel,2024-02,121998.84
Apex LLP,Travel,2024-03,147950.11
Apex LLP,Travel,2024-04,121764.13
Apex LLP,Travel,2024-05,139173.77
Apex LLP,Travel,2024-06,133646.21
Apex LLP,Travel,2024-07,148151.21
Apex LLP,Travel,2024-08,143481.93
Apex LLP,Travel,2024-09,139347.9
Apex LLP,Travel,2024-10,130988.97
Apex LLP,Travel,2024-11,146970.87
Apex LLP,Travel,2024-12,128424.45
Apex LLP,Travel,2025-01,146033.29
Apex LLP,Travel,2025-02,130723.67
Apex LLP,Travel,2025-03,121639.04
Apex LLP,Travel,2025-04,143016.06
Apex LLP,Travel,2025-05,125848.3
Apex LLP,Travel,2025-06,145226.21
Apex LLP,Travel,2025-07,131040.46
Apex LLP,Travel,2025-08,134144.3
Apex LLP,Travel,2025-09,127143.47
Apex LLP,Travel,2025-10,119611.69
Apex LLP,Travel,2025-11,142896.03
Apex LLP,Travel,2025-12,139154.27
Apex LLP,Travel,2026-01,144947.19
Apex LLP,Travel,2026-02,117848.27
Apex LLP,Travel,2026-03,117349.73
Apex LLP,Travel,2026-04,118096.96
Apex LLP,Travel,2026-05,123256.61
Apex LLP,Travel,2026-06,138930.38
Apex LLP,Travel,2026-07,118375.88
Apex LLP,Marketing,2022-01,177159.8
Apex LLP,Marketing,2022-02,140742.02
Apex LLP,Marketing,2022-03,171494.49
Apex LLP,Marketing,2022-04,161891.18
Apex LLP,Marketing,2022-05,135888.55
Apex LLP,Marketing,2022-06,148740.55
Apex LLP,Marketing,2022-07,174582.06
Apex LLP,Marketing,2022-08,133236.43
Apex LLP,Marketing,2022-09,176496.86
Apex LLP,Marketing,2022-10,141114.13
Apex LLP,Marketing,2022-11,157059.62
Apex LLP,Marketing,2022-12,167465.02
Apex LLP,Marketing,2023-01,149259.96
Apex LLP,Marketing,2023-02,142089.1
Apex LLP,Marketing,2023-03,150987.01
Apex LLP,Marketing,2023-04,163514.61
Apex LLP,Marketing,2023-05,146726.49
Apex LLP,Marketing,2023-06,166878.83
Apex LLP,Marketing,2023-07,166827.99
Apex LLP,Marketing,2023-08,160314.29
Apex LLP,Marketing,2023-09,145539.13
Apex LLP,Marketing,2023-10,167585.29
Apex LLP,Marketing,2023-11,174829.16
Apex LLP,Marketing,2023-12,178716.59
Apex LLP,Marketing,2024-01,163658.53
Apex LLP,Marketing,2024-02,160006.17
Apex LLP,Marketing,2024-03,178451.73
Apex LLP,Marketing,2024-04,157030.95
Apex LLP,Marketing,2024-05,151437.5
Apex LLP,Marketing,2024-06,169758.03
Apex LLP,Marketing,2024-07,143228.58
Apex LLP,Marketing,2024-08,157133.39
Apex LLP,Marketing,2024-09,149727.74
Apex LLP,Marketing,2024-10,152375.5
Apex LLP,Marketing,2024-11,137175.78
Apex LLP,Marketing,2024-12,141351.67
Apex LLP,Marketing,2025-01,162324.99
Apex LLP,Marketing,2025-02,143270.72
Apex LLP,Marketing,2025-03,142981.25
Apex LLP,Marketing,2025-04,138398.54
Apex LLP,Marketing,2025-05,175722.79
Apex LLP,Marketing,2025-06,144245.33
Apex LLP,Marketing,2025-07,144752.61
Apex LLP,Marketing,2025-08,154480.27
Apex LLP,Marketing,2025-09,156607.97
Apex LLP,Marketing,2025-10,140763.44
Apex LLP,Marketing,2025-11,135826.16
Apex LLP,Marketing,2025-12,169266.6
Apex LLP,Marketing,2026-01,146094.28
Apex LLP,Marketing,2026-02,176880.79
Apex LLP,Marketing,2026-03,143092.52
Apex LLP,Marketing,2026-04,178155.49
Apex LLP,Marketing,2026-05,163786.6
Apex LLP,Marketing,2026-06,163546.14
Apex LLP,Marketing,2026-07,162390.86
Apex LLP,Professional Fees,2022-01,411722.33
Apex LLP,Professional Fees,2022-02,361997.26
Apex LLP,Professional Fees,2022-03,389610.22
Apex LLP,Professional Fees,2022-04,415083.41
Apex LLP,Professional Fees,2022-05,336138.68
Apex LLP,Professional Fees,2022-06,368085.68
Apex LLP,Professional Fees,2022-07,337859.3
Apex LLP,Professional Fees,2022-08,332198.11
Apex LLP,Professional Fees,2022-09,424482.82
Apex LLP,Professional Fees,2022-10,418701.65
Apex LLP,Professional Fees,2022-11,441953.07
Apex LLP,Professional Fees,2022-12,353963.65
Apex LLP,Professional Fees,2023-01,397349.08
Apex LLP,Professional Fees,2023-02,409539.48
Apex LLP,Professional Fees,2023-03,352341.54
Apex LLP,Professional Fees,2023-04,387917.36
Apex LLP,Professional Fees,2023-05,405133.47
Apex LLP,Professional Fees,2023-06,350756.96
Apex LLP,Professional Fees,2023-07,329179.7
Apex LLP,Professional Fees,2023-08,430402.51
Apex LLP,Professional Fees,2023-09,329414.57
Apex LLP,Professional Fees,2023-10,430824.4
Apex LLP,Professional Fees,2023-11,346079.66
Apex LLP,Professional Fees,2023-12,383549.07
Apex LLP,Professional Fees,2024-01,389512.03
Apex LLP,Professional Fees,2024-02,426438.52
Apex LLP,Professional Fees,2024-03,376271.5
Apex LLP,Professional Fees,2024-04,421892.76
Apex LLP,Professional Fees,2024-05,413266.99
Apex LLP,Professional Fees,2024-06,330370.86
Apex LLP,Professional Fees,2024-07,418098.52
Apex LLP,Professional Fees,2024-08,354737.74
Apex LLP,Professional Fees,2024-09,439829.52
Apex LLP,Professional Fees,2024-10,342525.76
Apex LLP,Professional Fees,2024-11,432624.44
Apex LLP,Professional Fees,2024-12,402385.85
Apex LLP,Professional Fees,2025-01,368690.12
Apex LLP,Professional Fees,2025-02,437850.11
Apex LLP,Professional Fees,2025-03,360848.57
Apex LLP,Professional Fees,2025-04,376072.23
Apex LLP,Professional Fees,2025-05,380859.84
Apex LLP,Professional Fees,2025-06,408972.49
Apex LLP,Professional Fees,2025-07,350634.27
Apex LLP,Professional Fees,2025-08,396942.06
Apex LLP,Professional Fees,2025-09,376799.67
Apex LLP,Professional Fees,2025-10,436828.41
Apex LLP,Professional Fees,2025-11,403971.55
Apex LLP,Professional Fees,2025-12,439001.93
Apex LLP,Professional Fees,2026-01,412970.51
Apex LLP,Professional Fees,2026-02,392009.12
Apex LLP,Professional Fees,2026-03,430311.42
Apex LLP,Professional Fees,2026-04,374781.93
Apex LLP,Professional Fees,2026-05,335009.66
Apex LLP,Professional Fees,2026-06,435633.14
Apex LLP,Professional Fees,2026-07,397479.49
Apex LLP,Bank Charges,2022-01,200359.05
Apex LLP,Bank Charges,2022-02,190816.17
Apex LLP,Bank Charges,2022-03,164735.24
Apex LLP,Bank Charges,2022-04,165020.99
Apex LLP,Bank Charges,2022-05,174628.07
Apex LLP,Bank Charges,2022-06,166084.86
Apex LLP,Bank Charges,2022-07,217962.96
Apex LLP,Bank Charges,2022-08,180163.58
Apex LLP,Bank Charges,2022-09,192013.77
Apex LLP,Bank Charges,2022-10,181376.01
Apex LLP,Bank Charges,2022-11,212620.23
Apex LLP,Bank Charges,2022-12,219239.02
Apex LLP,Bank Charges,2023-01,166466.19
Apex LLP,Bank Charges,2023-02,187322.03
Apex LLP,Bank Charges,2023-03,168907.6
Apex LLP,Bank Charges,2023-04,176960.78
Apex LLP,Bank Charges,2023-05,200631.45
Apex LLP,Bank Charges,2023-06,173566.38
Apex LLP,Bank Charges,2023-07,205216.02
Apex LLP,Bank Charges,2023-08,196434.65
Apex LLP,Bank Charges,2023-09,187371.62
Apex LLP,Bank Charges,2023-10,201185.0
Apex LLP,Bank Charges,2023-11,171064.48
Apex LLP,Bank Charges,2023-12,175720.37
Apex LLP,Bank Charges,2024-01,177148.43
Apex LLP,Bank Charges,2024-02,189381.46
Apex LLP,Bank Charges,2024-03,177953.1
Apex LLP,Bank Charges,2024-04,172714.54
Apex LLP,Bank Charges,2024-05,176300.35
Apex LLP,Bank Charges,2024-06,191987.9
Apex LLP,Bank Charges,2024-07,178488.11
Apex LLP,Bank Charges,2024-08,165634.53
Apex LLP,Bank Charges,2024-09,169966.52
Apex LLP,Bank Charges,2024-10,188466.1
Apex LLP,Bank Charges,2024-11,202565.84
Apex LLP,Bank Charges,2024-12,210382.34
Apex LLP,Bank Charges,2025-01,209188.84
Apex LLP,Bank Charges,2025-02,213536.27
Apex LLP,Bank Charges,2025-03,191416.31
Apex LLP,Bank Charges,2025-04,200173.35
Apex LLP,Bank Charges,2025-05,215916.78
Apex LLP,Bank Charges,2025-06,210022.91
Apex LLP,Bank Charges,2025-07,173804.07
Apex LLP,Bank Charges,2025-08,185927.07
Apex LLP,Bank Charges,2025-09,174089.33
Apex LLP,Bank Charges,2025-10,168391.28
Apex LLP,Bank Charges,2025-11,187822.88
Apex LLP,Bank Charges,2025-12,201104.23
Apex LLP,Bank Charges,2026-01,165497.05
Apex LLP,Bank Charges,2026-02,182658.43
Apex LLP,Bank Charges,2026-03,193854.87
Apex LLP,Bank Charges,2026-04,185725.46
Apex LLP,Bank Charges,2026-05,208638.64
Apex LLP,Bank Charges,2026-06,208735.68
Apex LLP,Bank Charges,2026-07,171824.28
Apex LLP,Other Expense,2022-01,370255.55
Apex LLP,Other Expense,2022-02,289467.49
Apex LLP,Other Expense,2022-03,360484.14
Apex LLP,Other Expense,2022-04,333523.54
Apex LLP,Other Expense,2022-05,314774.51
Apex LLP,Other Expense,2022-06,349060.84
Apex LLP,Other Expense,2022-07,308897.94
Apex LLP,Other Expense,2022-08,317272.2
Apex LLP,Other Expense,2022-09,285899.86
Apex LLP,Other Expense,2022-10,373604.87
Apex LLP,Other Expense,2022-11,343668.73
Apex LLP,Other Expense,2022-12,312288.46
Apex LLP,Other Expense,2023-01,324404.02
Apex LLP,Other Expense,2023-02,330226.75
Apex LLP,Other Expense,2023-03,326664.94
Apex LLP,Other Expense,2023-04,378342.36
Apex LLP,Other Expense,2023-05,373761.37
Apex LLP,Other Expense,2023-06,337881.95
Apex LLP,Other Expense,2023-07,295446.32
Apex LLP,Other Expense,2023-08,371504.65
Apex LLP,Other Expense,2023-09,368372.2
Apex LLP,Other Expense,2023-10,308331.26
Apex LLP,Other Expense,2023-11,315983.48
Apex LLP,Other Expense,2023-12,310254.17
Apex LLP,Other Expense,2024-01,287511.52
Apex LLP,Other Expense,2024-02,364554.9
Apex LLP,Other Expense,2024-03,358541.63
Apex LLP,Other Expense,2024-04,365858.91
Apex LLP,Other Expense,2024-05,298607.15
Apex LLP,Other Expense,2024-06,328697.55
Apex LLP,Other Expense,2024-07,291057.08
Apex LLP,Other Expense,2024-08,374978.16
Apex LLP,Other Expense,2024-09,312146.63
Apex LLP,Other Expense,2024-10,327190.71
Apex LLP,Other Expense,2024-11,377306.14
Apex LLP,Other Expense,2024-12,292132.17
Apex LLP,Other Expense,2025-01,294412.66
Apex LLP,Other Expense,2025-02,331405.51
Apex LLP,Other Expense,2025-03,316081.45
Apex LLP,Other Expense,2025-04,297339.24
Apex LLP,Other Expense,2025-05,353177.77
Apex LLP,Other Expense,2025-06,317901.93
Apex LLP,Other Expense,2025-07,361696.3
Apex LLP,Other Expense,2025-08,292125.41
Apex LLP,Other Expense,2025-09,316023.08
Apex LLP,Other Expense,2025-10,311977.48
Apex LLP,Other Expense,2025-11,311066.15
Apex LLP,Other Expense,2025-12,357480.4
Apex LLP,Other Expense,2026-01,371176.23
Apex LLP,Other Expense,2026-02,317657.97
Apex LLP,Other Expense,2026-03,280261.25
Apex LLP,Other Expense,2026-04,318039.85
Apex LLP,Other Expense,2026-05,282618.17
Apex LLP,Other Expense,2026-06,302507.72
Apex LLP,Other Expense,2026-07,289236.1
Apex LLP,Raw Materials,2022-01,180592.11
Apex LLP,Raw Materials,2022-02,236913.7
Apex LLP,Raw Materials,2022-03,210727.74
Apex LLP,Raw Materials,2022-04,225225.57
Apex LLP,Raw Materials,2022-05,231455.06
Apex LLP,Raw Materials,2022-06,230383.18
Apex LLP,Raw Materials,2022-07,206291.32
Apex LLP,Raw Materials,2022-08,185955.72
Apex LLP,Raw Materials,2022-09,217442.35
Apex LLP,Raw Materials,2022-10,228471.77
Apex LLP,Raw Materials,2022-11,184480.18
Apex LLP,Raw Materials,2022-12,226071.1
Apex LLP,Raw Materials,2023-01,225372.98
Apex LLP,Raw Materials,2023-02,189839.51
Apex LLP,Raw Materials,2023-03,184004.06
Apex LLP,Raw Materials,2023-04,218124.8
Apex LLP,Raw Materials,2023-05,197736.76
Apex LLP,Raw Materials,2023-06,219781.39
Apex LLP,Raw Materials,2023-07,210430.82
Apex LLP,Raw Materials,2023-08,193913.8
Apex LLP,Raw Materials,2023-09,213089.8
Apex LLP,Raw Materials,2023-10,235325.36
Apex LLP,Raw Materials,2023-11,224047.03
Apex LLP,Raw Materials,2023-12,215117.32
Apex LLP,Raw Materials,2024-01,187398.24
Apex LLP,Raw Materials,2024-02,240161.75
Apex LLP,Raw Materials,2024-03,208675.0
Apex LLP,Raw Materials,2024-04,233352.39
Apex LLP,Raw Materials,2024-05,206354.0
Apex LLP,Raw Materials,2024-06,195201.82
Apex LLP,Raw Materials,2024-07,185567.07
Apex LLP,Raw Materials,2024-08,235871.51
Apex LLP,Raw Materials,2024-09,211995.2
Apex LLP,Raw Materials,2024-10,182367.86
Apex LLP,Raw Materials,2024-11,181642.47
Apex LLP,Raw Materials,2024-12,222173.02
Apex LLP,Raw Materials,2025-01,241495.98
Apex LLP,Raw Materials,2025-02,187922.95
Apex LLP,Raw Materials,2025-03,211876.41
Apex LLP,Raw Materials,2025-04,191095.98
Apex LLP,Raw Materials,2025-05,218180.27
Apex LLP,Raw Materials,2025-06,240164.0
Apex LLP,Raw Materials,2025-07,198173.12
Apex LLP,Raw Materials,2025-08,238341.63
Apex LLP,Raw Materials,2025-09,184820.65
Apex LLP,Raw Materials,2025-10,217978.07
Apex LLP,Raw Materials,2025-11,207448.77
Apex LLP,Raw Materials,2025-12,196838.98
Apex LLP,Raw Materials,2026-01,233554.42
Apex LLP,Raw Materials,2026-02,229522.08
Apex LLP,Raw Materials,2026-03,180555.74
Apex LLP,Raw Materials,2026-04,194420.51
Apex LLP,Raw Materials,2026-05,181678.24
Apex LLP,Raw Materials,2026-06,217073.06
Apex LLP,Raw Materials,2026-07,191568.88
Apex LLP,Equipment Purchase,2022-01,306153.73
Apex LLP,Equipment Purchase,2022-02,349464.59
Apex LLP,Equipment Purchase,2022-03,348186.2
Apex LLP,Equipment Purchase,2022-04,380456.23
Apex LLP,Equipment Purchase,2022-05,385705.46
Apex LLP,Equipment Purchase,2022-06,359871.33
Apex LLP,Equipment Purchase,2022-07,343886.82
Apex LLP,Equipment Purchase,2022-08,313783.85
Apex LLP,Equipment Purchase,2022-09,376443.22
Apex LLP,Equipment Purchase,2022-10,375439.74
Apex LLP,Equipment Purchase,2022-11,355896.02
Apex LLP,Equipment Purchase,2022-12,392464.09
Apex LLP,Equipment Purchase,2023-01,352984.26
Apex LLP,Equipment Purchase,2023-02,392175.49
Apex LLP,Equipment Purchase,2023-03,353490.97
Apex LLP,Equipment Purchase,2023-04,360440.92
Apex LLP,Equipment Purchase,2023-05,389153.54
Apex LLP,Equipment Purchase,2023-06,326180.76
Apex LLP,Equipment Purchase,2023-07,305522.1
Apex LLP,Equipment Purchase,2023-08,352922.21
Apex LLP,Equipment Purchase,2023-09,325508.81
Apex LLP,Equipment Purchase,2023-10,339425.35
Apex LLP,Equipment Purchase,2023-11,322081.0
Apex LLP,Equipment Purchase,2023-12,386536.97
Apex LLP,Equipment Purchase,2024-01,349897.05
Apex LLP,Equipment Purchase,2024-02,348854.59
Apex LLP,Equipment Purchase,2024-03,329552.66
Apex LLP,Equipment Purchase,2024-04,293736.2
Apex LLP,Equipment Purchase,2024-05,391626.21
Apex LLP,Equipment Purchase,2024-06,337065.34
Apex LLP,Equipment Purchase,2024-07,304173.77
Apex LLP,Equipment Purchase,2024-08,342427.23
Apex LLP,Equipment Purchase,2024-09,311597.91
Apex LLP,Equipment Purchase,2024-10,303580.0
Apex LLP,Equipment Purchase,2024-11,390051.82
Apex LLP,Equipment Purchase,2024-12,320677.06
Apex LLP,Equipment Purchase,2025-01,321709.58
Apex LLP,Equipment Purchase,2025-02,360459.15
Apex LLP,Equipment Purchase,2025-03,367447.98
Apex LLP,Equipment Purchase,2025-04,385999.81
Apex LLP,Equipment Purchase,2025-05,331064.99
Apex LLP,Equipment Purchase,2025-06,358478.36
Apex LLP,Equipment Purchase,2025-07,345466.22
Apex LLP,Equipment Purchase,2025-08,297905.75
Apex LLP,Equipment Purchase,2025-09,392056.14
Apex LLP,Equipment Purchase,2025-10,362438.02
Apex LLP,Equipment Purchase,2025-11,356887.71
Apex LLP,Equipment Purchase,2025-12,307035.96
Apex LLP,Equipment Purchase,2026-01,304262.01
Apex LLP,Equipment Purchase,2026-02,389043.8
Apex LLP,Equipment Purchase,2026-03,333786.26
Apex LLP,Equipment Purchase,2026-04,375649.87
Apex LLP,Equipment Purchase,2026-05,301520.68
Apex LLP,Equipment Purchase,2026-06,301519.8
Apex LLP,Equipment Purchase,2026-07,298804.71
Apex LLP,Insurance,2022-01,209612.91
Apex LLP,Insurance,2022-02,228379.33
Apex LLP,Insurance,2022-03,206552.53
Apex LLP,Insurance,2022-04,182043.11
Apex LLP,Insurance,2022-05,203186.09
Apex LLP,Insurance,2022-06,212016.47
Apex LLP,Insurance,2022-07,202746.97
Apex LLP,Insurance,2022-08,231259.86
Apex LLP,Insurance,2022-09,223298.76
Apex LLP,Insurance,2022-10,229638.08
Apex LLP,Insurance,2022-11,179543.84
Apex LLP,Insurance,2022-12,238008.26
Apex LLP,Insurance,2023-01,195873.2
Apex LLP,Insurance,2023-02,212654.76
Apex LLP,Insurance,2023-03,228674.77
Apex LLP,Insurance,2023-04,187369.77
Apex LLP,Insurance,2023-05,215417.69
Apex LLP,Insurance,2023-06,222575.55
Apex LLP,Insurance,2023-07,188183.69
Apex LLP,Insurance,2023-08,192173.61
Apex LLP,Insurance,2023-09,200602.87
Apex LLP,Insurance,2023-10,203768.52
Apex LLP,Insurance,2023-11,186713.88
Apex LLP,Insurance,2023-12,192818.07
Apex LLP,Insurance,2024-01,233919.29
Apex LLP,Insurance,2024-02,196425.28
Apex LLP,Insurance,2024-03,186889.19
Apex LLP,Insurance,2024-04,207054.41
Apex LLP,Insurance,2024-05,187223.45
Apex LLP,Insurance,2024-06,227945.5
Apex LLP,Insurance,2024-07,202864.24
Apex LLP,Insurance,2024-08,222414.25
Apex LLP,Insurance,2024-09,222341.79
Apex LLP,Insurance,2024-10,213931.29
Apex LLP,Insurance,2024-11,233306.21
Apex LLP,Insurance,2024-12,228140.38
Apex LLP,Insurance,2025-01,220560.5
Apex LLP,Insurance,2025-02,227922.21
Apex LLP,Insurance,2025-03,192583.3
Apex LLP,Insurance,2025-04,205061.49
Apex LLP,Insurance,2025-05,180452.2
Apex LLP,Insurance,2025-06,196128.04
Apex LLP,Insurance,2025-07,202626.39
Apex LLP,Insurance,2025-08,212440.14
Apex LLP,Insurance,2025-09,179498.46
Apex LLP,Insurance,2025-10,197461.83
Apex LLP,Insurance,2025-11,188835.9
Apex LLP,Insurance,2025-12,227697.37
Apex LLP,Insurance,2026-01,213364.34
Apex LLP,Insurance,2026-02,194860.44
Apex LLP,Insurance,2026-03,214419.2
Apex LLP,Insurance,2026-04,235575.92
Apex LLP,Insurance,2026-05,200182.5
Apex LLP,Insurance,2026-06,192055.75
Apex LLP,Insurance,2026-07,185318.83
Apex LLP,Repairs & Maintenance,2022-01,250284.77
Apex LLP,Repairs & Maintenance,2022-02,219176.18
Apex LLP,Repairs & Maintenance,2022-03,205609.21
Apex LLP,Repairs & Maintenance,2022-04,256676.13
Apex LLP,Repairs & Maintenance,2022-05,203007.05
Apex LLP,Repairs & Maintenance,2022-06,224680.88
Apex LLP,Repairs & Maintenance,2022-07,260309.91
Apex LLP,Repairs & Maintenance,2022-08,259712.27
Apex LLP,Repairs & Maintenance,2022-09,221419.19
Apex LLP,Repairs & Maintenance,2022-10,208581.88
Apex LLP,Repairs & Maintenance,2022-11,217005.34
Apex LLP,Repairs & Maintenance,2022-12,243484.19
Apex LLP,Repairs & Maintenance,2023-01,249943.88
Apex LLP,Repairs & Maintenance,2023-02,209178.37
Apex LLP,Repairs & Maintenance,2023-03,225773.43
Apex LLP,Repairs & Maintenance,2023-04,234473.7
Apex LLP,Repairs & Maintenance,2023-05,203919.32
Apex LLP,Repairs & Maintenance,2023-06,215475.65
Apex LLP,Repairs & Maintenance,2023-07,209781.27
Apex LLP,Repairs & Maintenance,2023-08,207580.08
Apex LLP,Repairs & Maintenance,2023-09,259551.57
Apex LLP,Repairs & Maintenance,2023-10,208580.31
Apex LLP,Repairs & Maintenance,2023-11,237278.22
Apex LLP,Repairs & Maintenance,2023-12,258424.63
Apex LLP,Repairs & Maintenance,2024-01,240597.39
Apex LLP,Repairs & Maintenance,2024-02,255909.9
Apex LLP,Repairs & Maintenance,2024-03,213755.72
Apex LLP,Repairs & Maintenance,2024-04,227446.46
Apex LLP,Repairs & Maintenance,2024-05,218025.77
Apex LLP,Repairs & Maintenance,2024-06,250926.34
Apex LLP,Repairs & Maintenance,2024-07,230412.03
Apex LLP,Repairs & Maintenance,2024-08,228432.63
Apex LLP,Repairs & Maintenance,2024-09,254937.41
Apex LLP,Repairs & Maintenance,2024-10,265926.89
Apex LLP,Repairs & Maintenance,2024-11,231845.16
Apex LLP,Repairs & Maintenance,2024-12,209416.31
Apex LLP,Repairs & Maintenance,2025-01,237944.29
Apex LLP,Repairs & Maintenance,2025-02,238459.62
Apex LLP,Repairs & Maintenance,2025-03,253972.84
Apex LLP,Repairs & Maintenance,2025-04,214775.07
Apex LLP,Repairs & Maintenance,2025-05,252457.6
Apex LLP,Repairs & Maintenance,2025-06,242043.92
Apex LLP,Repairs & Maintenance,2025-07,238086.91
Apex LLP,Repairs & Maintenance,2025-08,214975.68
Apex LLP,Repairs & Maintenance,2025-09,233599.32
Apex LLP,Repairs & Maintenance,2025-10,241246.95
Apex LLP,Repairs & Maintenance,2025-11,253756.13
Apex LLP,Repairs & Maintenance,2025-12,251729.68
Apex LLP,Repairs & Maintenance,2026-01,212669.28
Apex LLP,Repairs & Maintenance,2026-02,258241.41
Apex LLP,Repairs & Maintenance,2026-03,263240.63
Apex LLP,Repairs & Maintenance,2026-04,241903.84
Apex LLP,Repairs & Maintenance,2026-05,245239.0
Apex LLP,Repairs & Maintenance,2026-06,255355.2
Apex LLP,Repairs & Maintenance,2026-07,224697.13
Metro & Co,Office Supplies,2022-01,359508.85
Metro & Co,Office Supplies,2022-02,386102.53
Metro & Co,Office Supplies,2022-03,352900.2
Metro & Co,Office Supplies,2022-04,368911.27
Metro & Co,Office Supplies,2022-05,339869.17
Metro & Co,Office Supplies,2022-06,351591.21
Metro & Co,Office Supplies,2022-07,369839.92
Metro & Co,Office Supplies,2022-08,408917.88
Metro & Co,Office Supplies,2022-09,406426.45
Metro & Co,Office Supplies,2022-10,318662.68
Metro & Co,Office Supplies,2022-11,425581.04
Metro & Co,Office Supplies,2022-12,330042.4
Metro & Co,Office Supplies,2023-01,429075.52
Metro & Co,Office Supplies,2023-02,333799.02
Metro & Co,Office Supplies,2023-03,378601.18
Metro & Co,Office Supplies,2023-04,348347.07
Metro & Co,Office Supplies,2023-05,337069.99
Metro & Co,Office Supplies,2023-06,386397.89
Metro & Co,Office Supplies,2023-07,381497.54
Metro & Co,Office Supplies,2023-08,336981.47
Metro & Co,Office Supplies,2023-09,424627.17
Metro & Co,Office Supplies,2023-10,364020.53
Metro & Co,Office Supplies,2023-11,383702.31
Metro & Co,Office Supplies,2023-12,390563.99
Metro & Co,Office Supplies,2024-01,337373.89
Metro & Co,Office Supplies,2024-02,355739.38
Metro & Co,Office Supplies,2024-03,417647.39
Metro & Co,Office Supplies,2024-04,424047.39
Metro & Co,Office Supplies,2024-05,329799.62
Metro & Co,Office Supplies,2024-06,322368.46
Metro & Co,Office Supplies,2024-07,378290.58
Metro & Co,Office Supplies,2024-08,408689.65
Metro & Co,Office Supplies,2024-09,347364.65
Metro & Co,Office Supplies,2024-10,329436.34
Metro & Co,Office Supplies,2024-11,417334.36
Metro & Co,Office Supplies,2024-12,407044.32
Metro & Co,Office Supplies,2025-01,427948.69
Metro & Co,Office Supplies,2025-02,395719.15
Metro & Co,Office Supplies,2025-03,373872.49
Metro & Co,Office Supplies,2025-04,387420.62
Metro & Co,Office Supplies,2025-05,345350.55
Metro & Co,Office Supplies,2025-06,378586.26
Metro & Co,Office Supplies,2025-07,394028.01
Metro & Co,Office Supplies,2025-08,360116.26
Metro & Co,Office Supplies,2025-09,362977.64
Metro & Co,Office Supplies,2025-10,367280.14
Metro & Co,Office Supplies,2025-11,392814.92
Metro & Co,Office Supplies,2025-12,340037.84
Metro & Co,Office Supplies,2026-01,332326.34
Metro & Co,Office Supplies,2026-02,318692.53
Metro & Co,Office Supplies,2026-03,320410.87
Metro & Co,Office Supplies,2026-04,425336.26
Metro & Co,Office Supplies,2026-05,382614.47
Metro & Co,Office Supplies,2026-06,331799.67
Metro & Co,Office Supplies,2026-07,373712.69
Metro & Co,Rent,2022-01,143707.35
Metro & Co,Rent,2022-02,146090.24
Metro & Co,Rent,2022-03,164369.58
Metro & Co,Rent,2022-04,128321.0
Metro & Co,Rent,2022-05,167442.38
Metro & Co,Rent,2022-06,156399.76
Metro & Co,Rent,2022-07,156548.14
Metro & Co,Rent,2022-08,135166.96
Metro & Co,Rent,2022-09,143452.53
Metro & Co,Rent,2022-10,152096.46
Metro & Co,Rent,2022-11,135913.59
Metro & Co,Rent,2022-12,154506.6
Metro & Co,Rent,2023-01,139836.6
Metro & Co,Rent,2023-02,138193.2
Metro & Co,Rent,2023-03,137493.42
Metro & Co,Rent,2023-04,129074.61
Metro & Co,Rent,2023-05,128560.38
Metro & Co,Rent,2023-06,139507.06
Metro & Co,Rent,2023-07,142620.7
Metro & Co,Rent,2023-08,146807.8
Metro & Co,Rent,2023-09,126902.15
Metro & Co,Rent,2023-10,127820.14
Metro & Co,Rent,2023-11,128544.65
Metro & Co,Rent,2023-12,168502.61
Metro & Co,Rent,2024-01,165556.01
Metro & Co,Rent,2024-02,148679.72
Metro & Co,Rent,2024-03,139698.7
Metro & Co,Rent,2024-04,162161.88
Metro & Co,Rent,2024-05,155555.24
Metro & Co,Rent,2024-06,128359.01
Metro & Co,Rent,2024-07,162957.32
Metro & Co,Rent,2024-08,127452.39
Metro & Co,Rent,2024-09,140560.75
Metro & Co,Rent,2024-10,169005.31
Metro & Co,Rent,2024-11,126881.93
Metro & Co,Rent,2024-12,162895.12
Metro & Co,Rent,2025-01,159750.52
Metro & Co,Rent,2025-02,140829.55
Metro & Co,Rent,2025-03,168097.16
Metro & Co,Rent,2025-04,159303.06
Metro & Co,Rent,2025-05,130232.23
Metro & Co,Rent,2025-06,127208.04
Metro & Co,Rent,2025-07,166563.06
Metro & Co,Rent,2025-08,150385.28
Metro & Co,Rent,2025-09,142254.23
Metro & Co,Rent,2025-10,132309.96
Metro & Co,Rent,2025-11,150349.17
Metro & Co,Rent,2025-12,141649.04
Metro & Co,Rent,2026-01,152105.46
Metro & Co,Rent,2026-02,135176.45
Metro & Co,Rent,2026-03,155546.28
Metro & Co,Rent,2026-04,160533.78
Metro & Co,Rent,2026-05,164375.19
Metro & Co,Rent,2026-06,133181.86
Metro & Co,Rent,2026-07,134246.94
Metro & Co,Utilities,2022-01,368603.81
Metro & Co,Utilities,2022-02,335280.15
Metro & Co,Utilities,2022-03,342707.32
Metro & Co,Utilities,2022-04,358331.11
Metro & Co,Utilities,2022-05,363075.41
Metro & Co,Utilities,2022-06,411431.04
Metro & Co,Utilities,2022-07,376032.64
Metro & Co,Utilities,2022-08,385985.87
Metro & Co,Utilities,2022-09,354856.19
Metro & Co,Utilities,2022-10,410610.72
Metro & Co,Utilities,2022-11,335129.47
Metro & Co,Utilities,2022-12,358469.9
Metro & Co,Utilities,2023-01,347357.37
Metro & Co,Utilities,2023-02,356389.81
Metro & Co,Utilities,2023-03,401436.44
Metro & Co,Utilities,2023-04,328463.99
Metro & Co,Utilities,2023-05,311139.92
Metro & Co,Utilities,2023-06,350822.94
Metro & Co,Utilities,2023-07,324915.42
Metro & Co,Utilities,2023-08,311471.13
Metro & Co,Utilities,2023-09,316964.58
Metro & Co,Utilities,2023-10,412966.2
Metro & Co,Utilities,2023-11,361933.17
Metro & Co,Utilities,2023-12,406110.37
Metro & Co,Utilities,2024-01,373446.46
Metro & Co,Utilities,2024-02,357508.85
Metro & Co,Utilities,2024-03,397803.99
Metro & Co,Utilities,2024-04,335387.54
Metro & Co,Utilities,2024-05,406719.97
Metro & Co,Utilities,2024-06,400782.8
Metro & Co,Utilities,2024-07,411147.34
Metro & Co,Utilities,2024-08,376203.96
Metro & Co,Utilities,2024-09,348874.04
Metro & Co,Utilities,2024-10,336507.01
Metro & Co,Utilities,2024-11,339543.43
Metro & Co,Utilities,2024-12,391605.78
Metro & Co,Utilities,2025-01,341595.3
Metro & Co,Utilities,2025-02,324710.54
Metro & Co,Utilities,2025-03,366929.14
Metro & Co,Utilities,2025-04,318540.96
Metro & Co,Utilities,2025-05,333380.36
Metro & Co,Utilities,2025-06,343518.7
Metro & Co,Utilities,2025-07,331010.48
Metro & Co,Utilities,2025-08,393487.0
Metro & Co,Utilities,2025-09,355292.57
Metro & Co,Utilities,2025-10,362575.92
Metro & Co,Utilities,2025-11,401952.26
Metro & Co,Utilities,2025-12,313378.29
Metro & Co,Utilities,2026-01,384077.29
Metro & Co,Utilities,2026-02,391883.34
Metro & Co,Utilities,2026-03,342654.43
Metro & Co,Utilities,2026-04,331584.03
Metro & Co,Utilities,2026-05,401111.91
Metro & Co,Utilities,2026-06,372100.77
Metro & Co,Utilities,2026-07,323695.3
Metro & Co,Salaries,2022-01,150759.03
Metro & Co,Salaries,2022-02,184456.79
Metro & Co,Salaries,2022-03,165998.76
Metro & Co,Salaries,2022-04,190973.38
Metro & Co,Salaries,2022-05,198323.32
Metro & Co,Salaries,2022-06,180263.36
Metro & Co,Salaries,2022-07,181322.78
Metro & Co,Salaries,2022-08,184180.49
Metro & Co,Salaries,2022-09,178311.75
Metro & Co,Salaries,2022-10,162981.93
Metro & Co,Salaries,2022-11,189344.7
Metro & Co,Salaries,2022-12,192268.87
Metro & Co,Salaries,2023-01,194708.75
Metro & Co,Salaries,2023-02,160642.27
Metro & Co,Salaries,2023-03,162917.91
Metro & Co,Salaries,2023-04,153979.55
Metro & Co,Salaries,2023-05,172019.06
Metro & Co,Salaries,2023-06,161233.3
Metro & Co,Salaries,2023-07,194290.12
Metro & Co,Salaries,2023-08,193272.07
Metro & Co,Salaries,2023-09,198382.42
Metro & Co,Salaries,2023-10,199084.49
Metro & Co,Salaries,2023-11,183674.53
Metro & Co,Salaries,2023-12,168273.66
Metro & Co,Salaries,2024-01,180216.21
Metro & Co,Salaries,2024-02,149054.09
Metro & Co,Salaries,2024-03,166488.73
Metro & Co,Salaries,2024-04,164096.32
Metro & Co,Salaries,2024-05,156473.47
Metro & Co,Salaries,2024-06,183258.4
Metro & Co,Salaries,2024-07,166253.32
Metro & Co,Salaries,2024-08,166787.97
Metro & Co,Salaries,2024-09,162047.44
Metro & Co,Salaries,2024-10,153219.4
Metro & Co,Salaries,2024-11,158325.98
Metro & Co,Salaries,2024-12,167266.6
Metro & Co,Salaries,2025-01,187160.94
Metro & Co,Salaries,2025-02,173699.49
Metro & Co,Salaries,2025-03,171751.31
Metro & Co,Salaries,2025-04,189290.58
Metro & Co,Salaries,2025-05,160030.75
Metro & Co,Salaries,2025-06,199222.58
Metro & Co,Salaries,2025-07,160691.13
Metro & Co,Salaries,2025-08,183365.19
Metro & Co,Salaries,2025-09,178167.28
Metro & Co,Salaries,2025-10,200644.61
Metro & Co,Salaries,2025-11,169420.8
Metro & Co,Salaries,2025-12,176876.62
Metro & Co,Salaries,2026-01,150102.9
Metro & Co,Salaries,2026-02,198858.67
Metro & Co,Salaries,2026-03,180726.1
Metro & Co,Salaries,2026-04,150851.14
Metro & Co,Salaries,2026-05,179845.46
Metro & Co,Salaries,2026-06,174285.14
Metro & Co,Salaries,2026-07,185402.89
Metro & Co,Travel,2022-01,61683.82
Metro & Co,Travel,2022-02,54394.95
Metro & Co,Travel,2022-03,62850.99
Metro & Co,Travel,2022-04,67011.24
Metro & Co,Travel,2022-05,63298.82
Metro & Co,Travel,2022-06,62889.65
Metro & Co,Travel,2022-07,59484.22
Metro & Co,Travel,2022-08,70113.64
Metro & Co,Travel,2022-09,69381.21
Metro & Co,Travel,2022-10,67303.05
Metro & Co,Travel,2022-11,62812.7
Metro & Co,Travel,2022-12,64170.34
Metro & Co,Travel,2023-01,56491.79
Metro & Co,Travel,2023-02,62373.42
Metro & Co,Travel,2023-03,63594.92
Metro & Co,Travel,2023-04,62642.1
Metro & Co,Travel,2023-05,55870.11
Metro & Co,Travel,2023-06,52624.67
Metro & Co,Travel,2023-07,59553.71
Metro & Co,Travel,2023-08,61691.52
Metro & Co,Travel,2023-09,67408.43
Metro & Co,Travel,2023-10,68666.73
Metro & Co,Travel,2023-11,57718.31
Metro & Co,Travel,2023-12,53601.67
Metro & Co,Travel,2024-01,65121.4
Metro & Co,Travel,2024-02,68345.15
Metro & Co,Travel,2024-03,64967.02
Metro & Co,Travel,2024-04,65279.77
Metro & Co,Travel,2024-05,54482.44
Metro & Co,Travel,2024-06,66559.09
Metro & Co,Travel,2024-07,63989.03
Metro & Co,Travel,2024-08,52576.8
Metro & Co,Travel,2024-09,60251.6
Metro & Co,Travel,2024-10,64852.04
Metro & Co,Travel,2024-11,61647.73
Metro & Co,Travel,2024-12,61947.28
Metro & Co,Travel,2025-01,58162.85
Metro & Co,Travel,2025-02,58054.48
Metro & Co,Travel,2025-03,56516.67
Metro & Co,Travel,2025-04,54180.72
Metro & Co,Travel,2025-05,66751.06
Metro & Co,Travel,2025-06,59350.15
Metro & Co,Travel,2025-07,57527.63
Metro & Co,Travel,2025-08,63642.56
Metro & Co,Travel,2025-09,65739.29
Metro & Co,Travel,2025-10,60316.09
Metro & Co,Travel,2025-11,66673.32
Metro & Co,Travel,2025-12,56793.28
Metro & Co,Travel,2026-01,67021.52
Metro & Co,Travel,2026-02,62953.05
Metro & Co,Travel,2026-03,58578.79
Metro & Co,Travel,2026-04,69693.9
Metro & Co,Travel,2026-05,55951.76
Metro & Co,Travel,2026-06,55918.52
Metro & Co,Travel,2026-07,52816.31
Metro & Co,Marketing,2022-01,342296.44
Metro & Co,Marketing,2022-02,257579.91
Metro & Co,Marketing,2022-03,311392.37
Metro & Co,Marketing,2022-04,341761.74
Metro & Co,Marketing,2022-05,331205.56
Metro & Co,Marketing,2022-06,314535.72
Metro & Co,Marketing,2022-07,293767.34
Metro & Co,Marketing,2022-08,283163.77
Metro & Co,Marketing,2022-09,276161.81
Metro & Co,Marketing,2022-10,315619.14
Metro & Co,Marketing,2022-11,318217.66
Metro & Co,Marketing,2022-12,286955.56
Metro & Co,Marketing,2023-01,304522.15
Metro & Co,Marketing,2023-02,285120.26
Metro & Co,Marketing,2023-03,340576.03
Metro & Co,Marketing,2023-04,318677.05
Metro & Co,Marketing,2023-05,269931.69
Metro & Co,Marketing,2023-06,308718.75
Metro & Co,Marketing,2023-07,284604.76
Metro & Co,Marketing,2023-08,333109.39
Metro & Co,Marketing,2023-09,306923.59
Metro & Co,Marketing,2023-10,274791.28
Metro & Co,Marketing,2023-11,281409.75
Metro & Co,Marketing,2023-12,313749.32
Metro & Co,Marketing,2024-01,276393.78
Metro & Co,Marketing,2024-02,303834.89
Metro & Co,Marketing,2024-03,338343.62
Metro & Co,Marketing,2024-04,320542.79
Metro & Co,Marketing,2024-05,340005.88
Metro & Co,Marketing,2024-06,292041.15
Metro & Co,Marketing,2024-07,285449.14
Metro & Co,Marketing,2024-08,264721.98
Metro & Co,Marketing,2024-09,288107.54
Metro & Co,Marketing,2024-10,288785.12
Metro & Co,Marketing,2024-11,279218.9
Metro & Co,Marketing,2024-12,324251.94
Metro & Co,Marketing,2025-01,307681.42
Metro & Co,Marketing,2025-02,286987.29
Metro & Co,Marketing,2025-03,256446.53
Metro & Co,Marketing,2025-04,259767.64
Metro & Co,Marketing,2025-05,280820.68
Metro & Co,Marketing,2025-06,273449.81
Metro & Co,Marketing,2025-07,333287.55
Metro & Co,Marketing,2025-08,318167.85
Metro & Co,Marketing,2025-09,318446.4
Metro & Co,Marketing,2025-10,310894.11
Metro & Co,Marketing,2025-11,281221.92
Metro & Co,Marketing,2025-12,282408.6
Metro & Co,Marketing,2026-01,341513.68
Metro & Co,Marketing,2026-02,326833.79
Metro & Co,Marketing,2026-03,256718.71
Metro & Co,Marketing,2026-04,318586.7
Metro & Co,Marketing,2026-05,292122.27
Metro & Co,Marketing,2026-06,255863.08
Metro & Co,Marketing,2026-07,273376.3
Metro & Co,Professional Fees,2022-01,431433.18
Metro & Co,Professional Fees,2022-02,339624.16
Metro & Co,Professional Fees,2022-03,331810.9
Metro & Co,Professional Fees,2022-04,367115.78
Metro & Co,Professional Fees,2022-05,444163.07
Metro & Co,Professional Fees,2022-06,408789.91
Metro & Co,Professional Fees,2022-07,380803.95
Metro & Co,Professional Fees,2022-08,411860.15
Metro & Co,Professional Fees,2022-09,348784.88
Metro & Co,Professional Fees,2022-10,387534.26
Metro & Co,Professional Fees,2022-11,398257.16
Metro & Co,Professional Fees,2022-12,351825.72
Metro & Co,Professional Fees,2023-01,351680.1
Metro & Co,Professional Fees,2023-02,397573.1
Metro & Co,Professional Fees,2023-03,368065.53
Metro & Co,Professional Fees,2023-04,438492.42
Metro & Co,Professional Fees,2023-05,331222.5
Metro & Co,Professional Fees,2023-06,437866.68
Metro & Co,Professional Fees,2023-07,389456.62
Metro & Co,Professional Fees,2023-08,438303.99
Metro & Co,Professional Fees,2023-09,392566.73
Metro & Co,Professional Fees,2023-10,447207.96
Metro & Co,Professional Fees,2023-11,348644.38
Metro & Co,Professional Fees,2023-12,446838.75
Metro & Co,Professional Fees,2024-01,400182.12
Metro & Co,Professional Fees,2024-02,409897.54
Metro & Co,Professional Fees,2024-03,367461.12
Metro & Co,Professional Fees,2024-04,387483.33
Metro & Co,Professional Fees,2024-05,367415.77
Metro & Co,Professional Fees,2024-06,378953.04
Metro & Co,Professional Fees,2024-07,364373.77
Metro & Co,Professional Fees,2024-08,364876.51
Metro & Co,Professional Fees,2024-09,380666.4
Metro & Co,Professional Fees,2024-10,399954.37
Metro & Co,Professional Fees,2024-11,368140.97
Metro & Co,Professional Fees,2024-12,335791.13
Metro & Co,Professional Fees,2025-01,422036.28
Metro & Co,Professional Fees,2025-02,442222.2
Metro & Co,Professional Fees,2025-03,390742.78
Metro & Co,Professional Fees,2025-04,370930.29
Metro & Co,Professional Fees,2025-05,442825.84
Metro & Co,Professional Fees,2025-06,341671.63
Metro & Co,Professional Fees,2025-07,387757.38
Metro & Co,Professional Fees,2025-08,354476.89
Metro & Co,Professional Fees,2025-09,422139.41
Metro & Co,Professional Fees,2025-10,414725.06
Metro & Co,Professional Fees,2025-11,421219.65
Metro & Co,Professional Fees,2025-12,338328.17
Metro & Co,Professional Fees,2026-01,395095.94
Metro & Co,Professional Fees,2026-02,334008.33
Metro & Co,Professional Fees,2026-03,411312.77
Metro & Co,Professional Fees,2026-04,445196.75
Metro & Co,Professional Fees,2026-05,443210.12
Metro & Co,Professional Fees,2026-06,353406.74
Metro & Co,Professional Fees,2026-07,366978.58
Metro & Co,Bank Charges,2022-01,73519.41
Metro & Co,Bank Charges,2022-02,60709.4
Metro & Co,Bank Charges,2022-03,57597.0
Metro & Co,Bank Charges,2022-04,74394.36
Metro & Co,Bank Charges,2022-05,66636.3
Metro & Co,Bank Charges,2022-06,58784.68
Metro & Co,Bank Charges,2022-07,73811.38
Metro & Co,Bank Charges,2022-08,73415.91
Metro & Co,Bank Charges,2022-09,65279.93
Metro & Co,Bank Charges,2022-10,56648.6
Metro & Co,Bank Charges,2022-11,61220.35
Metro & Co,Bank Charges,2022-12,61103.65
Metro & Co,Bank Charges,2023-01,57846.97
Metro & Co,Bank Charges,2023-02,58913.2
Metro & Co,Bank Charges,2023-03,61254.99
Metro & Co,Bank Charges,2023-04,60808.62
Metro & Co,Bank Charges,2023-05,70209.42
Metro & Co,Bank Charges,2023-06,60138.61
Metro & Co,Bank Charges,2023-07,70700.02
Metro & Co,Bank Charges,2023-08,66028.99
Metro & Co,Bank Charges,2023-09,67436.98
Metro & Co,Bank Charges,2023-10,59220.37
Metro & Co,Bank Charges,2023-11,69723.27
Metro & Co,Bank Charges,2023-12,59584.35
Metro & Co,Bank Charges,2024-01,57055.36
Metro & Co,Bank Charges,2024-02,60570.95
Metro & Co,Bank Charges,2024-03,74586.4
Metro & Co,Bank Charges,2024-04,56367.85
Metro & Co,Bank Charges,2024-05,59738.17
Metro & Co,Bank Charges,2024-06,60161.66
Metro & Co,Bank Charges,2024-07,68025.19
Metro & Co,Bank Charges,2024-08,57972.91
Metro & Co,Bank Charges,2024-09,58347.6
Metro & Co,Bank Charges,2024-10,69080.73
Metro & Co,Bank Charges,2024-11,74143.13
Metro & Co,Bank Charges,2024-12,62193.87
Metro & Co,Bank Charges,2025-01,58028.68
Metro & Co,Bank Charges,2025-02,69350.92
Metro & Co,Bank Charges,2025-03,56432.21
Metro & Co,Bank Charges,2025-04,64754.52
Metro & Co,Bank Charges,2025-05,58254.33
Metro & Co,Bank Charges,2025-06,68891.79
Metro & Co,Bank Charges,2025-07,62145.0
Metro & Co,Bank Charges,2025-08,57584.62
Metro & Co,Bank Charges,2025-09,67759.68
Metro & Co,Bank Charges,2025-10,60055.68
Metro & Co,Bank Charges,2025-11,75176.45
Metro & Co,Bank Charges,2025-12,59792.25
Metro & Co,Bank Charges,2026-01,57669.99
Metro & Co,Bank Charges,2026-02,71181.74
Metro & Co,Bank Charges,2026-03,73299.14
Metro & Co,Bank Charges,2026-04,74680.67
Metro & Co,Bank Charges,2026-05,56035.53
Metro & Co,Bank Charges,2026-06,63275.82
Metro & Co,Bank Charges,2026-07,60929.35
Metro & Co,Other Expense,2022-01,289628.73
Metro & Co,Other Expense,2022-02,276512.76
Metro & Co,Other Expense,2022-03,281436.21
Metro & Co,Other Expense,2022-04,277402.57
Metro & Co,Other Expense,2022-05,282250.17
Metro & Co,Other Expense,2022-06,311485.92
Metro & Co,Other Expense,2022-07,310876.92
Metro & Co,Other Expense,2022-08,302834.52
Metro & Co,Other Expense,2022-09,261775.11
Metro & Co,Other Expense,2022-10,303938.44
Metro & Co,Other Expense,2022-11,286292.11
Metro & Co,Other Expense,2022-12,264228.82
Metro & Co,Other Expense,2023-01,271580.23
Metro & Co,Other Expense,2023-02,294932.15
Metro & Co,Other Expense,2023-03,274740.7
Metro & Co,Other Expense,2023-04,289726.95
Metro & Co,Other Expense,2023-05,245771.9
Metro & Co,Other Expense,2023-06,309432.46
Metro & Co,Other Expense,2023-07,271438.96
Metro & Co,Other Expense,2023-08,268182.78
Metro & Co,Other Expense,2023-09,254931.61
Metro & Co,Other Expense,2023-10,253023.01
Metro & Co,Other Expense,2023-11,299926.12
Metro & Co,Other Expense,2023-12,248029.95
Metro & Co,Other Expense,2024-01,308202.37
Metro & Co,Other Expense,2024-02,317577.07
Metro & Co,Other Expense,2024-03,286614.2
Metro & Co,Other Expense,2024-04,290018.31
Metro & Co,Other Expense,2024-05,275166.61
Metro & Co,Other Expense,2024-06,280501.76
Metro & Co,Other Expense,2024-07,303045.01
Metro & Co,Other Expense,2024-08,276211.19
Metro & Co,Other Expense,2024-09,324026.47
Metro & Co,Other Expense,2024-10,324724.8
Metro & Co,Other Expense,2024-11,314022.01
Metro & Co,Other Expense,2024-12,301614.13
Metro & Co,Other Expense,2025-01,296325.18
Metro & Co,Other Expense,2025-02,303767.68
Metro & Co,Other Expense,2025-03,307631.76
Metro & Co,Other Expense,2025-04,242340.6
Metro & Co,Other Expense,2025-05,268771.83
Metro & Co,Other Expense,2025-06,304850.59
Metro & Co,Other Expense,2025-07,262444.66
Metro & Co,Other Expense,2025-08,281975.24
Metro & Co,Other Expense,2025-09,305124.41
Metro & Co,Other Expense,2025-10,323708.72
Metro & Co,Other Expense,2025-11,291529.27
Metro & Co,Other Expense,2025-12,290764.81
Metro & Co,Other Expense,2026-01,322232.47
Metro & Co,Other Expense,2026-02,322958.74
Metro & Co,Other Expense,2026-03,309273.54
Metro & Co,Other Expense,2026-04,311269.24
Metro & Co,Other Expense,2026-05,257433.43
Metro & Co,Other Expense,2026-06,261342.16
Metro & Co,Other Expense,2026-07,258303.59
Metro & Co,Raw Materials,2022-01,335000.33
Metro & Co,Raw Materials,2022-02,353174.59
Metro & Co,Raw Materials,2022-03,283619.92
Metro & Co,Raw Materials,2022-04,349718.51
Metro & Co,Raw Materials,2022-05,289655.82
Metro & Co,Raw Materials,2022-06,304233.62
Metro & Co,Raw Materials,2022-07,321791.9
Metro & Co,Raw Materials,2022-08,311686.17
Metro & Co,Raw Materials,2022-09,321482.73
Metro & Co,Raw Materials,2022-10,300866.56
Metro & Co,Raw Materials,2022-11,283800.23
Metro & Co,Raw Materials,2022-12,302037.3
Metro & Co,Raw Materials,2023-01,281335.04
Metro & Co,Raw Materials,2023-02,330990.43
Metro & Co,Raw Materials,2023-03,320966.88
Metro & Co,Raw Materials,2023-04,296834.96
Metro & Co,Raw Materials,2023-05,339337.87
Metro & Co,Raw Materials,2023-06,290219.57
Metro & Co,Raw Materials,2023-07,322841.6
Metro & Co,Raw Materials,2023-08,368651.06
Metro & Co,Raw Materials,2023-09,342916.64
Metro & Co,Raw Materials,2023-10,318026.07
Metro & Co,Raw Materials,2023-11,306399.59
Metro & Co,Raw Materials,2023-12,358688.36
Metro & Co,Raw Materials,2024-01,315283.63
Metro & Co,Raw Materials,2024-02,332939.12
Metro & Co,Raw Materials,2024-03,327937.32
Metro & Co,Raw Materials,2024-04,306288.57
Metro & Co,Raw Materials,2024-05,352504.44
Metro & Co,Raw Materials,2024-06,341722.97
Metro & Co,Raw Materials,2024-07,279517.32
Metro & Co,Raw Materials,2024-08,338093.88
Metro & Co,Raw Materials,2024-09,285355.74
Metro & Co,Raw Materials,2024-10,284169.64
Metro & Co,Raw Materials,2024-11,352367.72
Metro & Co,Raw Materials,2024-12,303600.79
Metro & Co,Raw Materials,2025-01,274915.43
Metro & Co,Raw Materials,2025-02,278204.7
Metro & Co,Raw Materials,2025-03,325905.64
Metro & Co,Raw Materials,2025-04,273830.95
Metro & Co,Raw Materials,2025-05,284885.1
Metro & Co,Raw Materials,2025-06,308992.53
Metro & Co,Raw Materials,2025-07,322301.29
Metro & Co,Raw Materials,2025-08,348900.27
Metro & Co,Raw Materials,2025-09,365436.56
Metro & Co,Raw Materials,2025-10,325316.07
Metro & Co,Raw Materials,2025-11,356331.33
Metro & Co,Raw Materials,2025-12,358379.38
Metro & Co,Raw Materials,2026-01,279582.45
Metro & Co,Raw Materials,2026-02,325948.91
Metro & Co,Raw Materials,2026-03,306094.59
Metro & Co,Raw Materials,2026-04,338131.68
Metro & Co,Raw Materials,2026-05,287023.62
Metro & Co,Raw Materials,2026-06,289556.14
Metro & Co,Raw Materials,2026-07,342644.51
Metro & Co,Equipment Purchase,2022-01,177794.02
Metro & Co,Equipment Purchase,2022-02,171526.69
Metro & Co,Equipment Purchase,2022-03,177112.78
Metro & Co,Equipment Purchase,2022-04,166623.3
Metro & Co,Equipment Purchase,2022-05,137603.98
Metro & Co,Equipment Purchase,2022-06,158307.08
Metro & Co,Equipment Purchase,2022-07,142263.81
Metro & Co,Equipment Purchase,2022-08,158562.38
Metro & Co,Equipment Purchase,2022-09,172716.08
Metro & Co,Equipment Purchase,2022-10,168106.89
Metro & Co,Equipment Purchase,2022-11,169127.06
Metro & Co,Equipment Purchase,2022-12,138882.9
Metro & Co,Equipment Purchase,2023-01,167667.26
Metro & Co,Equipment Purchase,2023-02,143552.86
Metro & Co,Equipment Purchase,2023-03,147959.56
Metro & Co,Equipment Purchase,2023-04,139366.06
Metro & Co,Equipment Purchase,2023-05,134850.43
Metro & Co,Equipment Purchase,2023-06,133944.04
Metro & Co,Equipment Purchase,2023-07,159602.14
Metro & Co,Equipment Purchase,2023-08,153177.28
Metro & Co,Equipment Purchase,2023-09,150010.23
Metro & Co,Equipment Purchase,2023-10,167160.23
Metro & Co,Equipment Purchase,2023-11,170506.43
Metro & Co,Equipment Purchase,2023-12,158843.38
Metro & Co,Equipment Purchase,2024-01,144544.91
Metro & Co,Equipment Purchase,2024-02,154965.68
Metro & Co,Equipment Purchase,2024-03,176126.01
Metro & Co,Equipment Purchase,2024-04,150694.47
Metro & Co,Equipment Purchase,2024-05,136747.08
Metro & Co,Equipment Purchase,2024-06,170571.08
Metro & Co,Equipment Purchase,2024-07,163516.49
Metro & Co,Equipment Purchase,2024-08,172924.34
Metro & Co,Equipment Purchase,2024-09,141030.43
Metro & Co,Equipment Purchase,2024-10,136121.25
Metro & Co,Equipment Purchase,2024-11,150973.01
Metro & Co,Equipment Purchase,2024-12,155989.61
Metro & Co,Equipment Purchase,2025-01,155180.39
Metro & Co,Equipment Purchase,2025-02,159625.45
Metro & Co,Equipment Purchase,2025-03,132826.8
Metro & Co,Equipment Purchase,2025-04,170814.48
Metro & Co,Equipment Purchase,2025-05,170080.01
Metro & Co,Equipment Purchase,2025-06,148372.07
Metro & Co,Equipment Purchase,2025-07,142970.88
Metro & Co,Equipment Purchase,2025-08,165078.64
Metro & Co,Equipment Purchase,2025-09,155967.8
Metro & Co,Equipment Purchase,2025-10,140401.58
Metro & Co,Equipment Purchase,2025-11,167340.14
Metro & Co,Equipment Purchase,2025-12,178244.13
Metro & Co,Equipment Purchase,2026-01,147055.45
Metro & Co,Equipment Purchase,2026-02,146731.48
Metro & Co,Equipment Purchase,2026-03,162179.51
Metro & Co,Equipment Purchase,2026-04,140121.99
Metro & Co,Equipment Purchase,2026-05,143106.15
Metro & Co,Equipment Purchase,2026-06,144349.23
Metro & Co,Equipment Purchase,2026-07,149616.13
Metro & Co,Insurance,2022-01,100697.17
Metro & Co,Insurance,2022-02,98435.44
Metro & Co,Insurance,2022-03,106917.92
Metro & Co,Insurance,2022-04,101947.29
Metro & Co,Insurance,2022-05,124114.75
Metro & Co,Insurance,2022-06,111590.15
Metro & Co,Insurance,2022-07,103620.66
Metro & Co,Insurance,2022-08,107439.64
Metro & Co,Insurance,2022-09,97443.13
Metro & Co,Insurance,2022-10,121555.08
Metro & Co,Insurance,2022-11,117770.82
Metro & Co,Insurance,2022-12,117879.04
Metro & Co,Insurance,2023-01,99794.85
Metro & Co,Insurance,2023-02,123010.24
Metro & Co,Insurance,2023-03,94558.4
Metro & Co,Insurance,2023-04,114490.25
Metro & Co,Insurance,2023-05,115313.02
Metro & Co,Insurance,2023-06,110336.98
Metro & Co,Insurance,2023-07,120862.49
Metro & Co,Insurance,2023-08,115052.96
Metro & Co,Insurance,2023-09,96621.67
Metro & Co,Insurance,2023-10,120639.85
Metro & Co,Insurance,2023-11,111721.55
Metro & Co,Insurance,2023-12,121885.61
Metro & Co,Insurance,2024-01,117981.21
Metro & Co,Insurance,2024-02,99845.29
Metro & Co,Insurance,2024-03,112538.7
Metro & Co,Insurance,2024-04,114324.42
Metro & Co,Insurance,2024-05,104942.42
Metro & Co,Insurance,2024-06,122542.43
Metro & Co,Insurance,2024-07,96468.7
Metro & Co,Insurance,2024-08,105617.69
Metro & Co,Insurance,2024-09,110874.13
Metro & Co,Insurance,2024-10,103483.67
Metro & Co,Insurance,2024-11,112600.91
Metro & Co,Insurance,2024-12,105978.07
Metro & Co,Insurance,2025-01,123413.23
Metro & Co,Insurance,2025-02,103407.91
Metro & Co,Insurance,2025-03,106955.67
Metro & Co,Insurance,2025-04,123163.76
Metro & Co,Insurance,2025-05,100935.67
Metro & Co,Insurance,2025-06,118755.63
Metro & Co,Insurance,2025-07,108099.24
Metro & Co,Insurance,2025-08,118089.58
Metro & Co,Insurance,2025-09,106633.28
Metro & Co,Insurance,2025-10,93956.42
Metro & Co,Insurance,2025-11,113431.06
Metro & Co,Insurance,2025-12,125229.31
Metro & Co,Insurance,2026-01,121789.38
Metro & Co,Insurance,2026-02,98067.65
Metro & Co,Insurance,2026-03,100345.27
Metro & Co,Insurance,2026-04,114796.25
Metro & Co,Insurance,2026-05,124906.11
Metro & Co,Insurance,2026-06,93969.94
Metro & Co,Insurance,2026-07,114050.02
Metro & Co,Repairs & Maintenance,2022-01,221378.33
Metro & Co,Repairs & Maintenance,2022-02,248698.43
Metro & Co,Repairs & Maintenance,2022-03,280114.17
Metro & Co,Repairs & Maintenance,2022-04,262892.94
Metro & Co,Repairs & Maintenance,2022-05,270547.48
Metro & Co,Repairs & Maintenance,2022-06,225813.65
Metro & Co,Repairs & Maintenance,2022-07,213256.05
Metro & Co,Repairs & Maintenance,2022-08,250968.96
Metro & Co,Repairs & Maintenance,2022-09,251742.4
Metro & Co,Repairs & Maintenance,2022-10,250021.67
Metro & Co,Repairs & Maintenance,2022-11,225782.87
Metro & Co,Repairs & Maintenance,2022-12,275049.86
Metro & Co,Repairs & Maintenance,2023-01,239812.07
Metro & Co,Repairs & Maintenance,2023-02,262105.94
Metro & Co,Repairs & Maintenance,2023-03,212660.83
Metro & Co,Repairs & Maintenance,2023-04,216950.97
Metro & Co,Repairs & Maintenance,2023-05,262156.32
Metro & Co,Repairs & Maintenance,2023-06,242895.84
Metro & Co,Repairs & Maintenance,2023-07,214758.09
Metro & Co,Repairs & Maintenance,2023-08,240105.25
Metro & Co,Repairs & Maintenance,2023-09,259365.1
Metro & Co,Repairs & Maintenance,2023-10,223452.91
Metro & Co,Repairs & Maintenance,2023-11,251434.2
Metro & Co,Repairs & Maintenance,2023-12,253491.58
Metro & Co,Repairs & Maintenance,2024-01,277326.19
Metro & Co,Repairs & Maintenance,2024-02,238247.36
Metro & Co,Repairs & Maintenance,2024-03,213129.05
Metro & Co,Repairs & Maintenance,2024-04,243922.0
Metro & Co,Repairs & Maintenance,2024-05,242537.68
Metro & Co,Repairs & Maintenance,2024-06,284799.81
Metro & Co,Repairs & Maintenance,2024-07,271232.62
Metro & Co,Repairs & Maintenance,2024-08,231688.48
Metro & Co,Repairs & Maintenance,2024-09,263279.32
Metro & Co,Repairs & Maintenance,2024-10,219206.07
Metro & Co,Repairs & Maintenance,2024-11,233701.44
Metro & Co,Repairs & Maintenance,2024-12,248370.97
Metro & Co,Repairs & Maintenance,2025-01,254984.95
Metro & Co,Repairs & Maintenance,2025-02,250755.2
Metro & Co,Repairs & Maintenance,2025-03,254156.64
Metro & Co,Repairs & Maintenance,2025-04,257416.14
Metro & Co,Repairs & Maintenance,2025-05,228414.85
Metro & Co,Repairs & Maintenance,2025-06,267400.32
Metro & Co,Repairs & Maintenance,2025-07,223821.88
Metro & Co,Repairs & Maintenance,2025-08,259818.13
Metro & Co,Repairs & Maintenance,2025-09,219899.38
Metro & Co,Repairs & Maintenance,2025-10,269474.16
Metro & Co,Repairs & Maintenance,2025-11,247294.42
Metro & Co,Repairs & Maintenance,2025-12,213764.67
Metro & Co,Repairs & Maintenance,2026-01,232099.58
Metro & Co,Repairs & Maintenance,2026-02,223957.48
Metro & Co,Repairs & Maintenance,2026-03,228083.88
Metro & Co,Repairs & Maintenance,2026-04,237043.68
Metro & Co,Repairs & Maintenance,2026-05,278555.39
Metro & Co,Repairs & Maintenance,2026-06,273860.04
Metro & Co,Repairs & Maintenance,2026-07,254722.1
CloudNet & Co,Office Supplies,2022-01,187867.4
CloudNet & Co,Office Supplies,2022-02,188864.63
CloudNet & Co,Office Supplies,2022-03,187479.81
CloudNet & Co,Office Supplies,2022-04,163772.02
CloudNet & Co,Office Supplies,2022-05,162401.7
CloudNet & Co,Office Supplies,2022-06,167568.38
CloudNet & Co,Office Supplies,2022-07,205704.39
CloudNet & Co,Office Supplies,2022-08,168904.66
CloudNet & Co,Office Supplies,2022-09,163580.93
CloudNet & Co,Office Supplies,2022-10,170160.99
CloudNet & Co,Office Supplies,2022-11,169395.14
CloudNet & Co,Office Supplies,2022-12,202691.1
CloudNet & Co,Office Supplies,2023-01,195216.37
CloudNet & Co,Office Supplies,2023-02,180001.19
CloudNet & Co,Office Supplies,2023-03,178005.28
CloudNet & Co,Office Supplies,2023-04,165258.11
CloudNet & Co,Office Supplies,2023-05,199968.43
CloudNet & Co,Office Supplies,2023-06,171812.95
CloudNet & Co,Office Supplies,2023-07,197169.63
CloudNet & Co,Office Supplies,2023-08,184649.84
CloudNet & Co,Office Supplies,2023-09,185323.03
CloudNet & Co,Office Supplies,2023-10,168209.17
CloudNet & Co,Office Supplies,2023-11,195074.87
CloudNet & Co,Office Supplies,2023-12,194712.46
CloudNet & Co,Office Supplies,2024-01,174041.65
CloudNet & Co,Office Supplies,2024-02,206143.1
CloudNet & Co,Office Supplies,2024-03,181306.62
CloudNet & Co,Office Supplies,2024-04,183859.49
CloudNet & Co,Office Supplies,2024-05,197168.39
CloudNet & Co,Office Supplies,2024-06,158871.22
CloudNet & Co,Office Supplies,2024-07,203810.41
CloudNet & Co,Office Supplies,2024-08,195024.28
CloudNet & Co,Office Supplies,2024-09,167276.95
CloudNet & Co,Office Supplies,2024-10,198112.0
CloudNet & Co,Office Supplies,2024-11,207642.42
CloudNet & Co,Office Supplies,2024-12,160495.05
CloudNet & Co,Office Supplies,2025-01,184205.15
CloudNet & Co,Office Supplies,2025-02,156161.63
CloudNet & Co,Office Supplies,2025-03,177423.64
CloudNet & Co,Office Supplies,2025-04,185555.16
CloudNet & Co,Office Supplies,2025-05,185969.77
CloudNet & Co,Office Supplies,2025-06,161795.58
CloudNet & Co,Office Supplies,2025-07,202743.64
CloudNet & Co,Office Supplies,2025-08,195901.89
CloudNet & Co,Office Supplies,2025-09,192402.07
CloudNet & Co,Office Supplies,2025-10,185228.19
CloudNet & Co,Office Supplies,2025-11,178109.7
CloudNet & Co,Office Supplies,2025-12,192011.14
CloudNet & Co,Office Supplies,2026-01,176850.66
CloudNet & Co,Office Supplies,2026-02,188780.06
CloudNet & Co,Office Supplies,2026-03,185879.91
CloudNet & Co,Office Supplies,2026-04,169311.22
CloudNet & Co,Office Supplies,2026-05,194364.29
CloudNet & Co,Office Supplies,2026-06,156382.67
CloudNet & Co,Office Supplies,2026-07,190558.74
CloudNet & Co,Rent,2022-01,410261.95
CloudNet & Co,Rent,2022-02,337579.01
CloudNet & Co,Rent,2022-03,391898.13
CloudNet & Co,Rent,2022-04,346452.27
CloudNet & Co,Rent,2022-05,400823.07
CloudNet & Co,Rent,2022-06,407162.69
CloudNet & Co,Rent,2022-07,340462.28
CloudNet & Co,Rent,2022-08,402972.85
CloudNet & Co,Rent,2022-09,374029.43
CloudNet & Co,Rent,2022-10,391531.51
CloudNet & Co,Rent,2022-11,435695.86
CloudNet & Co,Rent,2022-12,378936.29
CloudNet & Co,Rent,2023-01,370564.83
CloudNet & Co,Rent,2023-02,376126.44
CloudNet & Co,Rent,2023-03,405636.07
CloudNet & Co,Rent,2023-04,397415.3
CloudNet & Co,Rent,2023-05,370050.43
CloudNet & Co,Rent,2023-06,402896.26
CloudNet & Co,Rent,2023-07,436330.19
CloudNet & Co,Rent,2023-08,435217.93
CloudNet & Co,Rent,2023-09,335740.18
CloudNet & Co,Rent,2023-10,346698.18
CloudNet & Co,Rent,2023-11,340669.1
CloudNet & Co,Rent,2023-12,328979.34
CloudNet & Co,Rent,2024-01,407810.11
CloudNet & Co,Rent,2024-02,332954.82
CloudNet & Co,Rent,2024-03,377581.48
CloudNet & Co,Rent,2024-04,400660.37
CloudNet & Co,Rent,2024-05,352069.24
CloudNet & Co,Rent,2024-06,342317.19
CloudNet & Co,Rent,2024-07,341852.62
CloudNet & Co,Rent,2024-08,419994.99
CloudNet & Co,Rent,2024-09,391665.67
CloudNet & Co,Rent,2024-10,429010.59
CloudNet & Co,Rent,2024-11,356939.28
CloudNet & Co,Rent,2024-12,332560.69
CloudNet & Co,Rent,2025-01,365302.47
CloudNet & Co,Rent,2025-02,429830.94
CloudNet & Co,Rent,2025-03,357549.98
CloudNet & Co,Rent,2025-04,373254.33
CloudNet & Co,Rent,2025-05,389292.35
CloudNet & Co,Rent,2025-06,331538.46
CloudNet & Co,Rent,2025-07,376789.04
CloudNet & Co,Rent,2025-08,402938.27
CloudNet & Co,Rent,2025-09,433685.98
CloudNet & Co,Rent,2025-10,368680.35
CloudNet & Co,Rent,2025-11,348671.49
CloudNet & Co,Rent,2025-12,340252.32
CloudNet & Co,Rent,2026-01,436134.93
CloudNet & Co,Rent,2026-02,327567.44
CloudNet & Co,Rent,2026-03,418377.01
CloudNet & Co,Rent,2026-04,404665.71
CloudNet & Co,Rent,2026-05,362381.15
CloudNet & Co,Rent,2026-06,357706.68
CloudNet & Co,Rent,2026-07,387233.77
CloudNet & Co,Utilities,2022-01,202680.51
CloudNet & Co,Utilities,2022-02,184885.76
CloudNet & Co,Utilities,2022-03,166756.95
CloudNet & Co,Utilities,2022-04,181063.29
CloudNet & Co,Utilities,2022-05,205282.67
CloudNet & Co,Utilities,2022-06,179773.7
CloudNet & Co,Utilities,2022-07,187398.09
CloudNet & Co,Utilities,2022-08,158537.84
CloudNet & Co,Utilities,2022-09,196678.55
CloudNet & Co,Utilities,2022-10,162238.28
CloudNet & Co,Utilities,2022-11,173037.12
CloudNet & Co,Utilities,2022-12,203720.73
CloudNet & Co,Utilities,2023-01,208810.41
CloudNet & Co,Utilities,2023-02,207854.09
CloudNet & Co,Utilities,2023-03,189879.9
CloudNet & Co,Utilities,2023-04,167164.88
CloudNet & Co,Utilities,2023-05,190154.77
CloudNet & Co,Utilities,2023-06,179952.15
CloudNet & Co,Utilities,2023-07,176103.3
CloudNet & Co,Utilities,2023-08,167194.47
CloudNet & Co,Utilities,2023-09,195752.9
CloudNet & Co,Utilities,2023-10,204502.2
CloudNet & Co,Utilities,2023-11,156563.14
CloudNet & Co,Utilities,2023-12,171149.59
CloudNet & Co,Utilities,2024-01,163377.68
CloudNet & Co,Utilities,2024-02,176806.66
CloudNet & Co,Utilities,2024-03,166670.62
CloudNet & Co,Utilities,2024-04,163177.89
CloudNet & Co,Utilities,2024-05,191618.55
CloudNet & Co,Utilities,2024-06,172974.29
CloudNet & Co,Utilities,2024-07,190277.45
CloudNet & Co,Utilities,2024-08,181390.49
CloudNet & Co,Utilities,2024-09,184469.16
CloudNet & Co,Utilities,2024-10,175416.62
CloudNet & Co,Utilities,2024-11,176147.62
CloudNet & Co,Utilities,2024-12,182256.29
CloudNet & Co,Utilities,2025-01,191476.4
CloudNet & Co,Utilities,2025-02,193028.99
CloudNet & Co,Utilities,2025-03,165428.03
CloudNet & Co,Utilities,2025-04,160334.63
CloudNet & Co,Utilities,2025-05,209082.22
CloudNet & Co,Utilities,2025-06,195664.25
CloudNet & Co,Utilities,2025-07,156662.19
CloudNet & Co,Utilities,2025-08,196195.74
CloudNet & Co,Utilities,2025-09,184114.08
CloudNet & Co,Utilities,2025-10,184854.49
CloudNet & Co,Utilities,2025-11,201826.92
CloudNet & Co,Utilities,2025-12,166100.06
CloudNet & Co,Utilities,2026-01,155659.7
CloudNet & Co,Utilities,2026-02,209557.93
CloudNet & Co,Utilities,2026-03,208550.4
CloudNet & Co,Utilities,2026-04,176529.43
CloudNet & Co,Utilities,2026-05,173471.81
CloudNet & Co,Utilities,2026-06,195985.16
CloudNet & Co,Utilities,2026-07,209180.54
CloudNet & Co,Salaries,2022-01,222631.04
CloudNet & Co,Salaries,2022-02,192032.56
CloudNet & Co,Salaries,2022-03,211291.77
CloudNet & Co,Salaries,2022-04,253830.34
CloudNet & Co,Salaries,2022-05,235535.64
CloudNet & Co,Salaries,2022-06,242917.76
CloudNet & Co,Salaries,2022-07,214359.36
CloudNet & Co,Salaries,2022-08,224823.59
CloudNet & Co,Salaries,2022-09,218999.34
CloudNet & Co,Salaries,2022-10,213111.57
CloudNet & Co,Salaries,2022-11,195559.06
CloudNet & Co,Salaries,2022-12,231837.87
CloudNet & Co,Salaries,2023-01,249533.24
CloudNet & Co,Salaries,2023-02,230210.45
CloudNet & Co,Salaries,2023-03,239266.82
CloudNet & Co,Salaries,2023-04,235322.4
CloudNet & Co,Salaries,2023-05,202489.67
CloudNet & Co,Salaries,2023-06,255515.66
CloudNet & Co,Salaries,2023-07,197729.18
CloudNet & Co,Salaries,2023-08,243394.79
CloudNet & Co,Salaries,2023-09,243420.64
CloudNet & Co,Salaries,2023-10,199232.03
CloudNet & Co,Salaries,2023-11,255815.65
CloudNet & Co,Salaries,2023-12,212035.78
CloudNet & Co,Salaries,2024-01,236625.93
CloudNet & Co,Salaries,2024-02,212403.49
CloudNet & Co,Salaries,2024-03,241552.68
CloudNet & Co,Salaries,2024-04,201206.72
CloudNet & Co,Salaries,2024-05,223146.21
CloudNet & Co,Salaries,2024-06,258593.7
CloudNet & Co,Salaries,2024-07,193458.46
CloudNet & Co,Salaries,2024-08,253323.12
CloudNet & Co,Salaries,2024-09,218860.04
CloudNet & Co,Salaries,2024-10,228149.1
CloudNet & Co,Salaries,2024-11,211254.27
CloudNet & Co,Salaries,2024-12,214422.55
CloudNet & Co,Salaries,2025-01,245477.4
CloudNet & Co,Salaries,2025-02,256298.28
CloudNet & Co,Salaries,2025-03,197459.98
CloudNet & Co,Salaries,2025-04,248442.87
CloudNet & Co,Salaries,2025-05,211296.12
CloudNet & Co,Salaries,2025-06,196081.89
CloudNet & Co,Salaries,2025-07,228599.42
CloudNet & Co,Salaries,2025-08,197681.42
CloudNet & Co,Salaries,2025-09,235826.66
CloudNet & Co,Salaries,2025-10,208138.46
CloudNet & Co,Salaries,2025-11,243525.16
CloudNet & Co,Salaries,2025-12,197548.08
CloudNet & Co,Salaries,2026-01,198588.79
CloudNet & Co,Salaries,2026-02,219291.71
CloudNet & Co,Salaries,2026-03,230159.97
CloudNet & Co,Salaries,2026-04,234678.56
CloudNet & Co,Salaries,2026-05,219160.04
CloudNet & Co,Salaries,2026-06,251539.66
CloudNet & Co,Salaries,2026-07,209562.23
CloudNet & Co,Travel,2022-01,369305.76
CloudNet & Co,Travel,2022-02,369918.15
CloudNet & Co,Travel,2022-03,333986.3
CloudNet & Co,Travel,2022-04,373423.09
CloudNet & Co,Travel,2022-05,282501.6
CloudNet & Co,Travel,2022-06,292288.54
CloudNet & Co,Travel,2022-07,354613.45
CloudNet & Co,Travel,2022-08,355327.42
CloudNet & Co,Travel,2022-09,334057.99
CloudNet & Co,Travel,2022-10,313440.08
CloudNet & Co,Travel,2022-11,347955.14
CloudNet & Co,Travel,2022-12,282095.4
CloudNet & Co,Travel,2023-01,280134.5
CloudNet & Co,Travel,2023-02,335869.31
CloudNet & Co,Travel,2023-03,337630.0
CloudNet & Co,Travel,2023-04,344043.09
CloudNet & Co,Travel,2023-05,316245.66
CloudNet & Co,Travel,2023-06,319163.78
CloudNet & Co,Travel,2023-07,296390.8
CloudNet & Co,Travel,2023-08,348422.61
CloudNet & Co,Travel,2023-09,375320.85
CloudNet & Co,Travel,2023-10,318922.79
CloudNet & Co,Travel,2023-11,319060.47
CloudNet & Co,Travel,2023-12,331011.02
CloudNet & Co,Travel,2024-01,357952.88
CloudNet & Co,Travel,2024-02,353756.95
CloudNet & Co,Travel,2024-03,324255.32
CloudNet & Co,Travel,2024-04,347729.34
CloudNet & Co,Travel,2024-05,338973.62
CloudNet & Co,Travel,2024-06,360227.2
CloudNet & Co,Travel,2024-07,328967.45
CloudNet & Co,Travel,2024-08,354146.14
CloudNet & Co,Travel,2024-09,342960.62
CloudNet & Co,Travel,2024-10,354949.06
CloudNet & Co,Travel,2024-11,333649.14
CloudNet & Co,Travel,2024-12,281279.97
CloudNet & Co,Travel,2025-01,366096.46
CloudNet & Co,Travel,2025-02,373182.85
CloudNet & Co,Travel,2025-03,368711.07
CloudNet & Co,Travel,2025-04,302427.63
CloudNet & Co,Travel,2025-05,326475.85
CloudNet & Co,Travel,2025-06,368040.2
CloudNet & Co,Travel,2025-07,360545.54
CloudNet & Co,Travel,2025-08,373681.4
CloudNet & Co,Travel,2025-09,320651.11
CloudNet & Co,Travel,2025-10,349042.57
CloudNet & Co,Travel,2025-11,310621.16
CloudNet & Co,Travel,2025-12,363180.32
CloudNet & Co,Travel,2026-01,353044.71
CloudNet & Co,Travel,2026-02,307695.99
CloudNet & Co,Travel,2026-03,345288.09
CloudNet & Co,Travel,2026-04,309860.79
CloudNet & Co,Travel,2026-05,331516.55
CloudNet & Co,Travel,2026-06,294179.18
CloudNet & Co,Travel,2026-07,344031.23
CloudNet & Co,Marketing,2022-01,398166.2
CloudNet & Co,Marketing,2022-02,314259.54
CloudNet & Co,Marketing,2022-03,322567.62
CloudNet & Co,Marketing,2022-04,318855.33
CloudNet & Co,Marketing,2022-05,366461.15
CloudNet & Co,Marketing,2022-06,410659.64
CloudNet & Co,Marketing,2022-07,405513.28
CloudNet & Co,Marketing,2022-08,390232.42
CloudNet & Co,Marketing,2022-09,329743.16
CloudNet & Co,Marketing,2022-10,392407.17
CloudNet & Co,Marketing,2022-11,334898.39
CloudNet & Co,Marketing,2022-12,386915.29
CloudNet & Co,Marketing,2023-01,350546.57
CloudNet & Co,Marketing,2023-02,349088.81
CloudNet & Co,Marketing,2023-03,349599.68
CloudNet & Co,Marketing,2023-04,345611.67
CloudNet & Co,Marketing,2023-05,397271.12
CloudNet & Co,Marketing,2023-06,417918.6
CloudNet & Co,Marketing,2023-07,396824.04
CloudNet & Co,Marketing,2023-08,338072.82
CloudNet & Co,Marketing,2023-09,375083.02
CloudNet & Co,Marketing,2023-10,343238.78
CloudNet & Co,Marketing,2023-11,385578.04
CloudNet & Co,Marketing,2023-12,325628.89
CloudNet & Co,Marketing,2024-01,322061.49
CloudNet & Co,Marketing,2024-02,353220.73
CloudNet & Co,Marketing,2024-03,349586.47
CloudNet & Co,Marketing,2024-04,347099.0
CloudNet & Co,Marketing,2024-05,359840.51
CloudNet & Co,Marketing,2024-06,419466.23
CloudNet & Co,Marketing,2024-07,404072.21
CloudNet & Co,Marketing,2024-08,361445.56
CloudNet & Co,Marketing,2024-09,389186.38
CloudNet & Co,Marketing,2024-10,320420.23
CloudNet & Co,Marketing,2024-11,418285.91
CloudNet & Co,Marketing,2024-12,331528.85
CloudNet & Co,Marketing,2025-01,317333.66
CloudNet & Co,Marketing,2025-02,408070.74
CloudNet & Co,Marketing,2025-03,367219.15
CloudNet & Co,Marketing,2025-04,355834.19
CloudNet & Co,Marketing,2025-05,397601.52
CloudNet & Co,Marketing,2025-06,372223.56
CloudNet & Co,Marketing,2025-07,320487.04
CloudNet & Co,Marketing,2025-08,381112.26
CloudNet & Co,Marketing,2025-09,372423.11
CloudNet & Co,Marketing,2025-10,377215.06
CloudNet & Co,Marketing,2025-11,319520.72
CloudNet & Co,Marketing,2025-12,374668.43
CloudNet & Co,Marketing,2026-01,360956.41
CloudNet & Co,Marketing,2026-02,336472.8
CloudNet & Co,Marketing,2026-03,320653.96
CloudNet & Co,Marketing,2026-04,325171.03
CloudNet & Co,Marketing,2026-05,383352.77
CloudNet & Co,Marketing,2026-06,402067.39
CloudNet & Co,Marketing,2026-07,384171.64
CloudNet & Co,Professional Fees,2022-01,207672.08
CloudNet & Co,Professional Fees,2022-02,218516.39
CloudNet & Co,Professional Fees,2022-03,228193.86
CloudNet & Co,Professional Fees,2022-04,197185.21
CloudNet & Co,Professional Fees,2022-05,237630.53
CloudNet & Co,Professional Fees,2022-06,236055.45
CloudNet & Co,Professional Fees,2022-07,184051.03
CloudNet & Co,Professional Fees,2022-08,227825.06
CloudNet & Co,Professional Fees,2022-09,199425.35
CloudNet & Co,Professional Fees,2022-10,225436.01
CloudNet & Co,Professional Fees,2022-11,208464.03
CloudNet & Co,Professional Fees,2022-12,180020.18
CloudNet & Co,Professional Fees,2023-01,219707.39
CloudNet & Co,Professional Fees,2023-02,240576.07
CloudNet & Co,Professional Fees,2023-03,211572.32
CloudNet & Co,Professional Fees,2023-04,220277.91
CloudNet & Co,Professional Fees,2023-05,225597.07
CloudNet & Co,Professional Fees,2023-06,201735.54
CloudNet & Co,Professional Fees,2023-07,219509.61
CloudNet & Co,Professional Fees,2023-08,219203.8
CloudNet & Co,Professional Fees,2023-09,189554.26
CloudNet & Co,Professional Fees,2023-10,194491.22
CloudNet & Co,Professional Fees,2023-11,222785.46
CloudNet & Co,Professional Fees,2023-12,238069.29
CloudNet & Co,Professional Fees,2024-01,217340.55
CloudNet & Co,Professional Fees,2024-02,190733.28
CloudNet & Co,Professional Fees,2024-03,183209.51
CloudNet & Co,Professional Fees,2024-04,231004.57
CloudNet & Co,Professional Fees,2024-05,214849.38
CloudNet & Co,Professional Fees,2024-06,218284.67
CloudNet & Co,Professional Fees,2024-07,226417.16
CloudNet & Co,Professional Fees,2024-08,181151.61
CloudNet & Co,Professional Fees,2024-09,221010.08
CloudNet & Co,Professional Fees,2024-10,224033.04
CloudNet & Co,Professional Fees,2024-11,230857.68
CloudNet & Co,Professional Fees,2024-12,212809.86
CloudNet & Co,Professional Fees,2025-01,195113.99
CloudNet & Co,Professional Fees,2025-02,219167.79
CloudNet & Co,Professional Fees,2025-03,199762.16
CloudNet & Co,Professional Fees,2025-04,192320.66
CloudNet & Co,Professional Fees,2025-05,197057.69
CloudNet & Co,Professional Fees,2025-06,199897.65
CloudNet & Co,Professional Fees,2025-07,204125.24
CloudNet & Co,Professional Fees,2025-08,194633.75
CloudNet & Co,Professional Fees,2025-09,229133.86
CloudNet & Co,Professional Fees,2025-10,202697.25
CloudNet & Co,Professional Fees,2025-11,219562.48
CloudNet & Co,Professional Fees,2025-12,185900.82
CloudNet & Co,Professional Fees,2026-01,205875.31
CloudNet & Co,Professional Fees,2026-02,204109.66
CloudNet & Co,Professional Fees,2026-03,198506.26
CloudNet & Co,Professional Fees,2026-04,190060.0
CloudNet & Co,Professional Fees,2026-05,216928.35
CloudNet & Co,Professional Fees,2026-06,223800.87
CloudNet & Co,Professional Fees,2026-07,227309.07
CloudNet & Co,Bank Charges,2022-01,338129.15
CloudNet & Co,Bank Charges,2022-02,296073.73
CloudNet & Co,Bank Charges,2022-03,369895.18
CloudNet & Co,Bank Charges,2022-04,290206.71
CloudNet & Co,Bank Charges,2022-05,368601.43
CloudNet & Co,Bank Charges,2022-06,354250.34
CloudNet & Co,Bank Charges,2022-07,312046.22
CloudNet & Co,Bank Charges,2022-08,314596.29
CloudNet & Co,Bank Charges,2022-09,308561.26
CloudNet & Co,Bank Charges,2022-10,361356.36
CloudNet & Co,Bank Charges,2022-11,284359.4
CloudNet & Co,Bank Charges,2022-12,362797.43
CloudNet & Co,Bank Charges,2023-01,302048.31
CloudNet & Co,Bank Charges,2023-02,376362.72
CloudNet & Co,Bank Charges,2023-03,332523.99
CloudNet & Co,Bank Charges,2023-04,318720.78
CloudNet & Co,Bank Charges,2023-05,323582.95
CloudNet & Co,Bank Charges,2023-06,351911.17
CloudNet & Co,Bank Charges,2023-07,366659.32
CloudNet & Co,Bank Charges,2023-08,319031.61
CloudNet & Co,Bank Charges,2023-09,337759.29
CloudNet & Co,Bank Charges,2023-10,379876.35
CloudNet & Co,Bank Charges,2023-11,306005.33
CloudNet & Co,Bank Charges,2023-12,344335.08
CloudNet & Co,Bank Charges,2024-01,331625.0
CloudNet & Co,Bank Charges,2024-02,332672.31
CloudNet & Co,Bank Charges,2024-03,285936.31
CloudNet & Co,Bank Charges,2024-04,304514.11
CloudNet & Co,Bank Charges,2024-05,312264.13
CloudNet & Co,Bank Charges,2024-06,375413.0
CloudNet & Co,Bank Charges,2024-07,369184.49
CloudNet & Co,Bank Charges,2024-08,339929.26
CloudNet & Co,Bank Charges,2024-09,285031.15
CloudNet & Co,Bank Charges,2024-10,289707.15
CloudNet & Co,Bank Charges,2024-11,298586.98
CloudNet & Co,Bank Charges,2024-12,354977.23
CloudNet & Co,Bank Charges,2025-01,356747.75
CloudNet & Co,Bank Charges,2025-02,299927.06
CloudNet & Co,Bank Charges,2025-03,370712.72
CloudNet & Co,Bank Charges,2025-04,312555.54
CloudNet & Co,Bank Charges,2025-05,293577.53
CloudNet & Co,Bank Charges,2025-06,314791.41
CloudNet & Co,Bank Charges,2025-07,313756.75
CloudNet & Co,Bank Charges,2025-08,360305.33
CloudNet & Co,Bank Charges,2025-09,307037.63
CloudNet & Co,Bank Charges,2025-10,285679.04
CloudNet & Co,Bank Charges,2025-11,367074.28
CloudNet & Co,Bank Charges,2025-12,302441.91
CloudNet & Co,Bank Charges,2026-01,300464.06
CloudNet & Co,Bank Charges,2026-02,328291.09
CloudNet & Co,Bank Charges,2026-03,320696.19
CloudNet & Co,Bank Charges,2026-04,358099.88
CloudNet & Co,Bank Charges,2026-05,344437.47
CloudNet & Co,Bank Charges,2026-06,333606.67
CloudNet & Co,Bank Charges,2026-07,282420.15
CloudNet & Co,Other Expense,2022-01,123450.49
CloudNet & Co,Other Expense,2022-02,161812.5
CloudNet & Co,Other Expense,2022-03,162261.38
CloudNet & Co,Other Expense,2022-04,155743.23
CloudNet & Co,Other Expense,2022-05,128005.04
CloudNet & Co,Other Expense,2022-06,163537.16
CloudNet & Co,Other Expense,2022-07,154640.81
CloudNet & Co,Other Expense,2022-08,157586.21
CloudNet & Co,Other Expense,2022-09,125914.72
CloudNet & Co,Other Expense,2022-10,131177.31
CloudNet & Co,Other Expense,2022-11,127689.67
CloudNet & Co,Other Expense,2022-12,139829.97
CloudNet & Co,Other Expense,2023-01,163149.32
CloudNet & Co,Other Expense,2023-02,151557.64
CloudNet & Co,Other Expense,2023-03,126326.03
CloudNet & Co,Other Expense,2023-04,124398.81
CloudNet & Co,Other Expense,2023-05,138752.31
CloudNet & Co,Other Expense,2023-06,160931.16
CloudNet & Co,Other Expense,2023-07,135109.72
CloudNet & Co,Other Expense,2023-08,132820.51
CloudNet & Co,Other Expense,2023-09,150426.45
CloudNet & Co,Other Expense,2023-10,128855.44
CloudNet & Co,Other Expense,2023-11,147023.77
CloudNet & Co,Other Expense,2023-12,147032.6
CloudNet & Co,Other Expense,2024-01,123508.9
CloudNet & Co,Other Expense,2024-02,138392.12
CloudNet & Co,Other Expense,2024-03,160750.96
CloudNet & Co,Other Expense,2024-04,156532.01
CloudNet & Co,Other Expense,2024-05,131964.6
CloudNet & Co,Other Expense,2024-06,146821.5
CloudNet & Co,Other Expense,2024-07,125230.03
CloudNet & Co,Other Expense,2024-08,155088.77
CloudNet & Co,Other Expense,2024-09,148139.73
CloudNet & Co,Other Expense,2024-10,144479.47
CloudNet & Co,Other Expense,2024-11,131391.13
CloudNet & Co,Other Expense,2024-12,140195.0
CloudNet & Co,Other Expense,2025-01,134750.45
CloudNet & Co,Other Expense,2025-02,148768.34
CloudNet & Co,Other Expense,2025-03,140693.85
CloudNet & Co,Other Expense,2025-04,131818.91
CloudNet & Co,Other Expense,2025-05,122863.09
CloudNet & Co,Other Expense,2025-06,151673.85
CloudNet & Co,Other Expense,2025-07,161283.86
CloudNet & Co,Other Expense,2025-08,124083.72
CloudNet & Co,Other Expense,2025-09,163062.66
CloudNet & Co,Other Expense,2025-10,124923.56
CloudNet & Co,Other Expense,2025-11,156515.86
CloudNet & Co,Other Expense,2025-12,142560.16
CloudNet & Co,Other Expense,2026-01,142124.84
CloudNet & Co,Other Expense,2026-02,136652.69
CloudNet & Co,Other Expense,2026-03,151557.28
CloudNet & Co,Other Expense,2026-04,133273.77
CloudNet & Co,Other Expense,2026-05,122097.51
CloudNet & Co,Other Expense,2026-06,122771.42
CloudNet & Co,Other Expense,2026-07,160562.95
CloudNet & Co,Raw Materials,2022-01,185874.58
CloudNet & Co,Raw Materials,2022-02,183176.79
CloudNet & Co,Raw Materials,2022-03,181542.96
CloudNet & Co,Raw Materials,2022-04,235300.45
CloudNet & Co,Raw Materials,2022-05,193659.09
CloudNet & Co,Raw Materials,2022-06,231078.73
CloudNet & Co,Raw Materials,2022-07,185053.59
CloudNet & Co,Raw Materials,2022-08,211034.03
CloudNet & Co,Raw Materials,2022-09,226983.43
CloudNet & Co,Raw Materials,2022-10,205796.41
CloudNet & Co,Raw Materials,2022-11,191582.25
CloudNet & Co,Raw Materials,2022-12,200563.37
CloudNet & Co,Raw Materials,2023-01,226393.07
CloudNet & Co,Raw Materials,2023-02,207167.71
CloudNet & Co,Raw Materials,2023-03,219434.44
CloudNet & Co,Raw Materials,2023-04,202632.51
CloudNet & Co,Raw Materials,2023-05,186564.96
CloudNet & Co,Raw Materials,2023-06,224269.4
CloudNet & Co,Raw Materials,2023-07,211632.96
CloudNet & Co,Raw Materials,2023-08,185623.04
CloudNet & Co,Raw Materials,2023-09,192191.8
CloudNet & Co,Raw Materials,2023-10,209757.44
CloudNet & Co,Raw Materials,2023-11,214786.76
CloudNet & Co,Raw Materials,2023-12,187141.71
CloudNet & Co,Raw Materials,2024-01,233272.73
CloudNet & Co,Raw Materials,2024-02,234128.4
CloudNet & Co,Raw Materials,2024-03,238957.5
CloudNet & Co,Raw Materials,2024-04,198560.61
CloudNet & Co,Raw Materials,2024-05,223000.34
CloudNet & Co,Raw Materials,2024-06,211675.38
CloudNet & Co,Raw Materials,2024-07,200176.3
CloudNet & Co,Raw Materials,2024-08,220562.52
CloudNet & Co,Raw Materials,2024-09,236789.92
CloudNet & Co,Raw Materials,2024-10,184812.79
CloudNet & Co,Raw Materials,2024-11,204794.88
CloudNet & Co,Raw Materials,2024-12,235592.26
CloudNet & Co,Raw Materials,2025-01,192982.85
CloudNet & Co,Raw Materials,2025-02,215590.86
CloudNet & Co,Raw Materials,2025-03,213219.39
CloudNet & Co,Raw Materials,2025-04,203454.01
CloudNet & Co,Raw Materials,2025-05,235567.12
CloudNet & Co,Raw Materials,2025-06,189754.46
CloudNet & Co,Raw Materials,2025-07,237066.98
CloudNet & Co,Raw Materials,2025-08,193508.69
CloudNet & Co,Raw Materials,2025-09,240253.88
CloudNet & Co,Raw Materials,2025-10,201646.37
CloudNet & Co,Raw Materials,2025-11,197046.28
CloudNet & Co,Raw Materials,2025-12,202169.1
CloudNet & Co,Raw Materials,2026-01,223875.31
CloudNet & Co,Raw Materials,2026-02,193210.77
CloudNet & Co,Raw Materials,2026-03,227370.9
CloudNet & Co,Raw Materials,2026-04,196757.02
CloudNet & Co,Raw Materials,2026-05,238485.38
CloudNet & Co,Raw Materials,2026-06,210143.76
CloudNet & Co,Raw Materials,2026-07,236477.03
CloudNet & Co,Equipment Purchase,2022-01,117017.41
CloudNet & Co,Equipment Purchase,2022-02,103300.55
CloudNet & Co,Equipment Purchase,2022-03,106525.07
CloudNet & Co,Equipment Purchase,2022-04,119324.16
CloudNet & Co,Equipment Purchase,2022-05,113597.63
CloudNet & Co,Equipment Purchase,2022-06,123321.75
CloudNet & Co,Equipment Purchase,2022-07,126642.9
CloudNet & Co,Equipment Purchase,2022-08,114570.73
CloudNet & Co,Equipment Purchase,2022-09,125293.61
CloudNet & Co,Equipment Purchase,2022-10,129594.45
CloudNet & Co,Equipment Purchase,2022-11,121388.14
CloudNet & Co,Equipment Purchase,2022-12,125148.45
CloudNet & Co,Equipment Purchase,2023-01,110124.71
CloudNet & Co,Equipment Purchase,2023-02,106604.37
CloudNet & Co,Equipment Purchase,2023-03,112139.89
CloudNet & Co,Equipment Purchase,2023-04,123462.48
CloudNet & Co,Equipment Purchase,2023-05,119172.34
CloudNet & Co,Equipment Purchase,2023-06,116710.85
CloudNet & Co,Equipment Purchase,2023-07,121073.17
CloudNet & Co,Equipment Purchase,2023-08,111029.62
CloudNet & Co,Equipment Purchase,2023-09,107989.72
CloudNet & Co,Equipment Purchase,2023-10,131121.53
CloudNet & Co,Equipment Purchase,2023-11,110353.78
CloudNet & Co,Equipment Purchase,2023-12,109983.81
CloudNet & Co,Equipment Purchase,2024-01,100477.28
CloudNet & Co,Equipment Purchase,2024-02,128137.93
CloudNet & Co,Equipment Purchase,2024-03,126799.03
CloudNet & Co,Equipment Purchase,2024-04,108828.44
CloudNet & Co,Equipment Purchase,2024-05,132006.19
CloudNet & Co,Equipment Purchase,2024-06,98771.49
CloudNet & Co,Equipment Purchase,2024-07,115941.66
CloudNet & Co,Equipment Purchase,2024-08,107218.1
CloudNet & Co,Equipment Purchase,2024-09,103740.6
CloudNet & Co,Equipment Purchase,2024-10,112001.48
CloudNet & Co,Equipment Purchase,2024-11,109542.39
CloudNet & Co,Equipment Purchase,2024-12,118389.24
CloudNet & Co,Equipment Purchase,2025-01,129755.85
CloudNet & Co,Equipment Purchase,2025-02,130336.12
CloudNet & Co,Equipment Purchase,2025-03,104535.48
CloudNet & Co,Equipment Purchase,2025-04,100454.73
CloudNet & Co,Equipment Purchase,2025-05,104000.95
CloudNet & Co,Equipment Purchase,2025-06,131646.71
CloudNet & Co,Equipment Purchase,2025-07,128909.01
CloudNet & Co,Equipment Purchase,2025-08,115659.59
CloudNet & Co,Equipment Purchase,2025-09,123369.46
CloudNet & Co,Equipment Purchase,2025-10,98331.22
CloudNet & Co,Equipment Purchase,2025-11,105563.48
CloudNet & Co,Equipment Purchase,2025-12,122466.94
CloudNet & Co,Equipment Purchase,2026-01,129189.77
CloudNet & Co,Equipment Purchase,2026-02,103386.79
CloudNet & Co,Equipment Purchase,2026-03,102653.97
CloudNet & Co,Equipment Purchase,2026-04,124105.3
CloudNet & Co,Equipment Purchase,2026-05,123087.6
CloudNet & Co,Equipment Purchase,2026-06,116840.22
CloudNet & Co,Equipment Purchase,2026-07,120835.46
CloudNet & Co,Insurance,2022-01,267872.69
CloudNet & Co,Insurance,2022-02,264171.58
CloudNet & Co,Insurance,2022-03,233008.18
CloudNet & Co,Insurance,2022-04,246460.4
CloudNet & Co,Insurance,2022-05,210647.34
CloudNet & Co,Insurance,2022-06,241596.65
CloudNet & Co,Insurance,2022-07,241827.56
CloudNet & Co,Insurance,2022-08,273604.83
CloudNet & Co,Insurance,2022-09,267739.16
CloudNet & Co,Insurance,2022-10,248463.33
CloudNet & Co,Insurance,2022-11,222002.97
CloudNet & Co,Insurance,2022-12,231416.0
CloudNet & Co,Insurance,2023-01,232558.25
CloudNet & Co,Insurance,2023-02,267883.34
CloudNet & Co,Insurance,2023-03,217353.4
CloudNet & Co,Insurance,2023-04,222000.31
CloudNet & Co,Insurance,2023-05,213079.91
CloudNet & Co,Insurance,2023-06,215439.1
CloudNet & Co,Insurance,2023-07,275098.12
CloudNet & Co,Insurance,2023-08,224735.0
CloudNet & Co,Insurance,2023-09,208079.69
CloudNet & Co,Insurance,2023-10,270709.05
CloudNet & Co,Insurance,2023-11,254429.2
CloudNet & Co,Insurance,2023-12,240985.8
CloudNet & Co,Insurance,2024-01,267240.0
CloudNet & Co,Insurance,2024-02,224773.55
CloudNet & Co,Insurance,2024-03,222625.2
CloudNet & Co,Insurance,2024-04,265529.49
CloudNet & Co,Insurance,2024-05,250617.99
CloudNet & Co,Insurance,2024-06,262602.25
CloudNet & Co,Insurance,2024-07,214547.5
CloudNet & Co,Insurance,2024-08,204959.24
CloudNet & Co,Insurance,2024-09,216150.95
CloudNet & Co,Insurance,2024-10,235864.26
CloudNet & Co,Insurance,2024-11,264175.54
CloudNet & Co,Insurance,2024-12,238813.77
CloudNet & Co,Insurance,2025-01,222706.57
CloudNet & Co,Insurance,2025-02,240547.3
CloudNet & Co,Insurance,2025-03,266891.29
CloudNet & Co,Insurance,2025-04,256421.22
CloudNet & Co,Insurance,2025-05,275287.0
CloudNet & Co,Insurance,2025-06,210117.76
CloudNet & Co,Insurance,2025-07,205578.78
CloudNet & Co,Insurance,2025-08,257552.48
CloudNet & Co,Insurance,2025-09,245188.6
CloudNet & Co,Insurance,2025-10,242982.3
CloudNet & Co,Insurance,2025-11,272509.8
CloudNet & Co,Insurance,2025-12,217120.64
CloudNet & Co,Insurance,2026-01,240467.12
CloudNet & Co,Insurance,2026-02,264699.65
CloudNet & Co,Insurance,2026-03,220277.74
CloudNet & Co,Insurance,2026-04,215660.39
CloudNet & Co,Insurance,2026-05,256052.35
CloudNet & Co,Insurance,2026-06,207833.58
CloudNet & Co,Insurance,2026-07,248628.04
CloudNet & Co,Repairs & Maintenance,2022-01,301652.03
CloudNet & Co,Repairs & Maintenance,2022-02,290146.97
CloudNet & Co,Repairs & Maintenance,2022-03,293187.09
CloudNet & Co,Repairs & Maintenance,2022-04,302179.41
CloudNet & Co,Repairs & Maintenance,2022-05,270358.75
CloudNet & Co,Repairs & Maintenance,2022-06,247920.41
CloudNet & Co,Repairs & Maintenance,2022-07,306099.8
CloudNet & Co,Repairs & Maintenance,2022-08,258798.58
CloudNet & Co,Repairs & Maintenance,2022-09,295371.09
CloudNet & Co,Repairs & Maintenance,2022-10,284834.08
CloudNet & Co,Repairs & Maintenance,2022-11,230432.94
CloudNet & Co,Repairs & Maintenance,2022-12,274983.85
CloudNet & Co,Repairs & Maintenance,2023-01,237623.42
CloudNet & Co,Repairs & Maintenance,2023-02,278804.91
CloudNet & Co,Repairs & Maintenance,2023-03,272499.65
CloudNet & Co,Repairs & Maintenance,2023-04,297507.17
CloudNet & Co,Repairs & Maintenance,2023-05,263723.79
CloudNet & Co,Repairs & Maintenance,2023-06,274513.77
CloudNet & Co,Repairs & Maintenance,2023-07,280373.81
CloudNet & Co,Repairs & Maintenance,2023-08,233661.42
CloudNet & Co,Repairs & Maintenance,2023-09,231906.8
CloudNet & Co,Repairs & Maintenance,2023-10,272311.81
CloudNet & Co,Repairs & Maintenance,2023-11,276487.2
CloudNet & Co,Repairs & Maintenance,2023-12,289760.38
CloudNet & Co,Repairs & Maintenance,2024-01,244087.64
CloudNet & Co,Repairs & Maintenance,2024-02,278513.42
CloudNet & Co,Repairs & Maintenance,2024-03,273432.43
CloudNet & Co,Repairs & Maintenance,2024-04,243727.82
CloudNet & Co,Repairs & Maintenance,2024-05,295189.29
CloudNet & Co,Repairs & Maintenance,2024-06,234753.72
CloudNet & Co,Repairs & Maintenance,2024-07,299176.43
CloudNet & Co,Repairs & Maintenance,2024-08,256707.35
CloudNet & Co,Repairs & Maintenance,2024-09,287316.95
CloudNet & Co,Repairs & Maintenance,2024-10,265218.8
CloudNet & Co,Repairs & Maintenance,2024-11,284668.64
CloudNet & Co,Repairs & Maintenance,2024-12,306459.65
CloudNet & Co,Repairs & Maintenance,2025-01,265229.84
CloudNet & Co,Repairs & Maintenance,2025-02,257298.69
CloudNet & Co,Repairs & Maintenance,2025-03,240275.7
CloudNet & Co,Repairs & Maintenance,2025-04,246726.18
CloudNet & Co,Repairs & Maintenance,2025-05,244965.58
CloudNet & Co,Repairs & Maintenance,2025-06,307352.16
CloudNet & Co,Repairs & Maintenance,2025-07,234011.78
CloudNet & Co,Repairs & Maintenance,2025-08,230598.55
CloudNet & Co,Repairs & Maintenance,2025-09,258397.53
CloudNet & Co,Repairs & Maintenance,2025-10,299586.62
CloudNet & Co,Repairs & Maintenance,2025-11,251166.27
CloudNet & Co,Repairs & Maintenance,2025-12,301473.27
CloudNet & Co,Repairs & Maintenance,2026-01,270044.61
CloudNet & Co,Repairs & Maintenance,2026-02,255127.18
CloudNet & Co,Repairs & Maintenance,2026-03,229888.35
CloudNet & Co,Repairs & Maintenance,2026-04,287088.64
CloudNet & Co,Repairs & Maintenance,2026-05,283783.66
CloudNet & Co,Repairs & Maintenance,2026-06,233842.63
CloudNet & Co,Repairs & Maintenance,2026-07,289449.27
Prime & Co,Office Supplies,2022-01,129138.28
Prime & Co,Office Supplies,2022-02,109987.2
Prime & Co,Office Supplies,2022-03,112300.43
Prime & Co,Office Supplies,2022-04,119010.56
Prime & Co,Office Supplies,2022-05,138824.46
Prime & Co,Office Supplies,2022-06,135799.59
Prime & Co,Office Supplies,2022-07,137621.21
Prime & Co,Office Supplies,2022-08,112581.95
Prime & Co,Office Supplies,2022-09,133800.26
Prime & Co,Office Supplies,2022-10,140050.18
Prime & Co,Office Supplies,2022-11,107716.73
Prime & Co,Office Supplies,2022-12,122715.27
Prime & Co,Office Supplies,2023-01,125142.31
Prime & Co,Office Supplies,2023-02,114002.19
Prime & Co,Office Supplies,2023-03,136754.24
Prime & Co,Office Supplies,2023-04,115297.72
Prime & Co,Office Supplies,2023-05,128795.36
Prime & Co,Office Supplies,2023-06,139946.02
Prime & Co,Office Supplies,2023-07,112148.13
Prime & Co,Office Supplies,2023-08,123528.31
Prime & Co,Office Supplies,2023-09,139593.55
Prime & Co,Office Supplies,2023-10,133250.37
Prime & Co,Office Supplies,2023-11,129012.43
Prime & Co,Office Supplies,2023-12,116203.26
Prime & Co,Office Supplies,2024-01,118203.27
Prime & Co,Office Supplies,2024-02,134369.44
Prime & Co,Office Supplies,2024-03,111543.38
Prime & Co,Office Supplies,2024-04,128758.43
Prime & Co,Office Supplies,2024-05,126256.03
Prime & Co,Office Supplies,2024-06,139579.86
Prime & Co,Office Supplies,2024-07,126938.94
Prime & Co,Office Supplies,2024-08,123141.37
Prime & Co,Office Supplies,2024-09,116001.78
Prime & Co,Office Supplies,2024-10,111646.04
Prime & Co,Office Supplies,2024-11,119685.52
Prime & Co,Office Supplies,2024-12,119075.55
Prime & Co,Office Supplies,2025-01,113179.77
Prime & Co,Office Supplies,2025-02,118030.83
Prime & Co,Office Supplies,2025-03,114744.93
Prime & Co,Office Supplies,2025-04,116129.86
Prime & Co,Office Supplies,2025-05,117437.06
Prime & Co,Office Supplies,2025-06,136104.24
Prime & Co,Office Supplies,2025-07,133214.05
Prime & Co,Office Supplies,2025-08,133325.88
Prime & Co,Office Supplies,2025-09,135355.01
Prime & Co,Office Supplies,2025-10,129036.37
Prime & Co,Office Supplies,2025-11,104994.43
Prime & Co,Office Supplies,2025-12,136581.68
Prime & Co,Office Supplies,2026-01,112416.8
Prime & Co,Office Supplies,2026-02,137723.14
Prime & Co,Office Supplies,2026-03,126390.52
Prime & Co,Office Supplies,2026-04,134032.57
Prime & Co,Office Supplies,2026-05,127858.5
Prime & Co,Office Supplies,2026-06,120213.38
Prime & Co,Office Supplies,2026-07,125522.24
Prime & Co,Rent,2022-01,446543.01
Prime & Co,Rent,2022-02,362942.31
Prime & Co,Rent,2022-03,422664.13
Prime & Co,Rent,2022-04,423426.0
Prime & Co,Rent,2022-05,409270.87
Prime & Co,Rent,2022-06,389823.44
Prime & Co,Rent,2022-07,435170.61
Prime & Co,Rent,2022-08,430843.06
Prime & Co,Rent,2022-09,419410.08
Prime & Co,Rent,2022-10,334113.27
Prime & Co,Rent,2022-11,434114.47
Prime & Co,Rent,2022-12,431256.49
Prime & Co,Rent,2023-01,389210.69
Prime & Co,Rent,2023-02,404320.19
Prime & Co,Rent,2023-03,377346.24
Prime & Co,Rent,2023-04,399246.62
Prime & Co,Rent,2023-05,350869.78
Prime & Co,Rent,2023-06,448300.38
Prime & Co,Rent,2023-07,399648.14
Prime & Co,Rent,2023-08,420670.57
Prime & Co,Rent,2023-09,393470.56
Prime & Co,Rent,2023-10,403073.21
Prime & Co,Rent,2023-11,364376.78
Prime & Co,Rent,2023-12,369293.26
Prime & Co,Rent,2024-01,365962.34
Prime & Co,Rent,2024-02,435778.35
Prime & Co,Rent,2024-03,433715.2
Prime & Co,Rent,2024-04,339169.37
Prime & Co,Rent,2024-05,391104.63
Prime & Co,Rent,2024-06,418958.04
Prime & Co,Rent,2024-07,381769.29
Prime & Co,Rent,2024-08,346399.48
Prime & Co,Rent,2024-09,377576.55
Prime & Co,Rent,2024-10,446072.14
Prime & Co,Rent,2024-11,410986.65
Prime & Co,Rent,2024-12,425814.04
Prime & Co,Rent,2025-01,345881.65
Prime & Co,Rent,2025-02,446409.55
Prime & Co,Rent,2025-03,435318.5
Prime & Co,Rent,2025-04,386230.12
Prime & Co,Rent,2025-05,390081.13
Prime & Co,Rent,2025-06,445467.4
Prime & Co,Rent,2025-07,341860.92
Prime & Co,Rent,2025-08,391321.15
Prime & Co,Rent,2025-09,371648.92
Prime & Co,Rent,2025-10,360438.43
Prime & Co,Rent,2025-11,378568.5
Prime & Co,Rent,2025-12,373458.63
Prime & Co,Rent,2026-01,408204.64
Prime & Co,Rent,2026-02,444462.35
Prime & Co,Rent,2026-03,394535.86
Prime & Co,Rent,2026-04,417535.11
Prime & Co,Rent,2026-05,349796.65
Prime & Co,Rent,2026-06,382526.59
Prime & Co,Rent,2026-07,442893.07
Prime & Co,Utilities,2022-01,84212.38
Prime & Co,Utilities,2022-02,67901.33
Prime & Co,Utilities,2022-03,72977.69
Prime & Co,Utilities,2022-04,73899.59
Prime & Co,Utilities,2022-05,75129.01
Prime & Co,Utilities,2022-06,66361.4
Prime & Co,Utilities,2022-07,64823.58
Prime & Co,Utilities,2022-08,73008.62
Prime & Co,Utilities,2022-09,72540.19
Prime & Co,Utilities,2022-10,70267.2
Prime & Co,Utilities,2022-11,73507.61
Prime & Co,Utilities,2022-12,79056.25
Prime & Co,Utilities,2023-01,82313.73
Prime & Co,Utilities,2023-02,82178.04
Prime & Co,Utilities,2023-03,66362.98
Prime & Co,Utilities,2023-04,84279.9
Prime & Co,Utilities,2023-05,72476.36
Prime & Co,Utilities,2023-06,77382.71
Prime & Co,Utilities,2023-07,69626.14
Prime & Co,Utilities,2023-08,78761.55
Prime & Co,Utilities,2023-09,74591.95
Prime & Co,Utilities,2023-10,76515.5
Prime & Co,Utilities,2023-11,78261.51
Prime & Co,Utilities,2023-12,65123.98
Prime & Co,Utilities,2024-01,69673.83
Prime & Co,Utilities,2024-02,65607.84
Prime & Co,Utilities,2024-03,70714.25
Prime & Co,Utilities,2024-04,79312.28
Prime & Co,Utilities,2024-05,71527.8
Prime & Co,Utilities,2024-06,81609.5
Prime & Co,Utilities,2024-07,85272.11
Prime & Co,Utilities,2024-08,67586.0
Prime & Co,Utilities,2024-09,76978.71
Prime & Co,Utilities,2024-10,83309.34
Prime & Co,Utilities,2024-11,82417.66
Prime & Co,Utilities,2024-12,80659.29
Prime & Co,Utilities,2025-01,70118.45
Prime & Co,Utilities,2025-02,81691.45
Prime & Co,Utilities,2025-03,74931.83
Prime & Co,Utilities,2025-04,77097.86
Prime & Co,Utilities,2025-05,67258.75
Prime & Co,Utilities,2025-06,70048.12
Prime & Co,Utilities,2025-07,75636.14
Prime & Co,Utilities,2025-08,83722.28
Prime & Co,Utilities,2025-09,86420.66
Prime & Co,Utilities,2025-10,83059.75
Prime & Co,Utilities,2025-11,77587.84
Prime & Co,Utilities,2025-12,77880.29
Prime & Co,Utilities,2026-01,86712.97
Prime & Co,Utilities,2026-02,66044.41
Prime & Co,Utilities,2026-03,65424.01
Prime & Co,Utilities,2026-04,66776.72
Prime & Co,Utilities,2026-05,77171.35
Prime & Co,Utilities,2026-06,78277.85
Prime & Co,Utilities,2026-07,80569.98
Prime & Co,Salaries,2022-01,52611.61
Prime & Co,Salaries,2022-02,58281.59
Prime & Co,Salaries,2022-03,62354.29
Prime & Co,Salaries,2022-04,62405.74
Prime & Co,Salaries,2022-05,61243.84
Prime & Co,Salaries,2022-06,60756.36
Prime & Co,Salaries,2022-07,55185.78
Prime & Co,Salaries,2022-08,60240.8
Prime & Co,Salaries,2022-09,51232.29
Prime & Co,Salaries,2022-10,51066.89
Prime & Co,Salaries,2022-11,53962.81
Prime & Co,Salaries,2022-12,54082.95
Prime & Co,Salaries,2023-01,66496.72
Prime & Co,Salaries,2023-02,50554.81
Prime & Co,Salaries,2023-03,63696.6
Prime & Co,Salaries,2023-04,64700.49
Prime & Co,Salaries,2023-05,66077.07
Prime & Co,Salaries,2023-06,59303.08
Prime & Co,Salaries,2023-07,57907.03
Prime & Co,Salaries,2023-08,59312.25
Prime & Co,Salaries,2023-09,66535.9
Prime & Co,Salaries,2023-10,60654.49
Prime & Co,Salaries,2023-11,66853.94
Prime & Co,Salaries,2023-12,49976.67
Prime & Co,Salaries,2024-01,57742.81
Prime & Co,Salaries,2024-02,58340.44
Prime & Co,Salaries,2024-03,50316.19
Prime & Co,Salaries,2024-04,52843.68
Prime & Co,Salaries,2024-05,56604.78
Prime & Co,Salaries,2024-06,66441.71
Prime & Co,Salaries,2024-07,67167.23
Prime & Co,Salaries,2024-08,55718.24
Prime & Co,Salaries,2024-09,51733.49
Prime & Co,Salaries,2024-10,64665.86
Prime & Co,Salaries,2024-11,66302.35
Prime & Co,Salaries,2024-12,51018.5
Prime & Co,Salaries,2025-01,59613.02
Prime & Co,Salaries,2025-02,62520.16
Prime & Co,Salaries,2025-03,55328.13
Prime & Co,Salaries,2025-04,55025.43
Prime & Co,Salaries,2025-05,57824.26
Prime & Co,Salaries,2025-06,58175.31
Prime & Co,Salaries,2025-07,54501.37
Prime & Co,Salaries,2025-08,51748.0
Prime & Co,Salaries,2025-09,58957.4
Prime & Co,Salaries,2025-10,64746.99
Prime & Co,Salaries,2025-11,54472.31
Prime & Co,Salaries,2025-12,58357.95
Prime & Co,Salaries,2026-01,55199.91
Prime & Co,Salaries,2026-02,64363.17
Prime & Co,Salaries,2026-03,63780.73
Prime & Co,Salaries,2026-04,64006.03
Prime & Co,Salaries,2026-05,59507.08
Prime & Co,Salaries,2026-06,62769.18
Prime & Co,Salaries,2026-07,64378.38
Prime & Co,Travel,2022-01,411117.23
Prime & Co,Travel,2022-02,428639.99
Prime & Co,Travel,2022-03,384823.28
Prime & Co,Travel,2022-04,337724.25
Prime & Co,Travel,2022-05,372469.3
Prime & Co,Travel,2022-06,365732.36
Prime & Co,Travel,2022-07,344860.13
Prime & Co,Travel,2022-08,406470.55
Prime & Co,Travel,2022-09,347124.18
Prime & Co,Travel,2022-10,330671.47
Prime & Co,Travel,2022-11,365845.93
Prime & Co,Travel,2022-12,417610.32
Prime & Co,Travel,2023-01,427348.58
Prime & Co,Travel,2023-02,348243.08
Prime & Co,Travel,2023-03,323909.0
Prime & Co,Travel,2023-04,334516.86
Prime & Co,Travel,2023-05,324983.04
Prime & Co,Travel,2023-06,417646.43
Prime & Co,Travel,2023-07,399121.63
Prime & Co,Travel,2023-08,402619.33
Prime & Co,Travel,2023-09,398896.42
Prime & Co,Travel,2023-10,349196.27
Prime & Co,Travel,2023-11,390158.36
Prime & Co,Travel,2023-12,339327.8
Prime & Co,Travel,2024-01,336082.63
Prime & Co,Travel,2024-02,435851.09
Prime & Co,Travel,2024-03,370005.28
Prime & Co,Travel,2024-04,399404.89
Prime & Co,Travel,2024-05,348132.15
Prime & Co,Travel,2024-06,403777.03
Prime & Co,Travel,2024-07,341029.72
Prime & Co,Travel,2024-08,370281.09
Prime & Co,Travel,2024-09,423268.69
Prime & Co,Travel,2024-10,353176.63
Prime & Co,Travel,2024-11,363586.71
Prime & Co,Travel,2024-12,340126.34
Prime & Co,Travel,2025-01,420777.29
Prime & Co,Travel,2025-02,416173.94
Prime & Co,Travel,2025-03,432351.71
Prime & Co,Travel,2025-04,341456.33
Prime & Co,Travel,2025-05,394141.53
Prime & Co,Travel,2025-06,359180.61
Prime & Co,Travel,2025-07,355132.05
Prime & Co,Travel,2025-08,412231.42
Prime & Co,Travel,2025-09,367444.22
Prime & Co,Travel,2025-10,409730.48
Prime & Co,Travel,2025-11,415346.59
Prime & Co,Travel,2025-12,334448.14
Prime & Co,Travel,2026-01,403523.31
Prime & Co,Travel,2026-02,390175.53
Prime & Co,Travel,2026-03,337578.74
Prime & Co,Travel,2026-04,391753.45
Prime & Co,Travel,2026-05,418207.69
Prime & Co,Travel,2026-06,428092.88
Prime & Co,Travel,2026-07,399784.04
Prime & Co,Marketing,2022-01,154098.44
Prime & Co,Marketing,2022-02,170273.56
Prime & Co,Marketing,2022-03,159089.29
Prime & Co,Marketing,2022-04,188575.66
Prime & Co,Marketing,2022-05,183075.14
Prime & Co,Marketing,2022-06,149174.51
Prime & Co,Marketing,2022-07,185599.1
Prime & Co,Marketing,2022-08,164747.9
Prime & Co,Marketing,2022-09,177462.05
Prime & Co,Marketing,2022-10,157354.65
Prime & Co,Marketing,2022-11,143775.9
Prime & Co,Marketing,2022-12,165841.33
Prime & Co,Marketing,2023-01,151119.58
Prime & Co,Marketing,2023-02,160071.23
Prime & Co,Marketing,2023-03,164011.36
Prime & Co,Marketing,2023-04,146021.86
Prime & Co,Marketing,2023-05,158154.69
Prime & Co,Marketing,2023-06,173294.48
Prime & Co,Marketing,2023-07,163841.29
Prime & Co,Marketing,2023-08,162182.29
Prime & Co,Marketing,2023-09,162598.36
Prime & Co,Marketing,2023-10,157111.19
Prime & Co,Marketing,2023-11,186854.96
Prime & Co,Marketing,2023-12,157058.93
Prime & Co,Marketing,2024-01,153298.85
Prime & Co,Marketing,2024-02,158498.9
Prime & Co,Marketing,2024-03,152500.27
Prime & Co,Marketing,2024-04,190175.88
Prime & Co,Marketing,2024-05,152933.49
Prime & Co,Marketing,2024-06,157502.16
Prime & Co,Marketing,2024-07,172445.29
Prime & Co,Marketing,2024-08,186917.81
Prime & Co,Marketing,2024-09,178714.15
Prime & Co,Marketing,2024-10,168416.19
Prime & Co,Marketing,2024-11,143306.31
Prime & Co,Marketing,2024-12,171726.85
Prime & Co,Marketing,2025-01,162245.59
Prime & Co,Marketing,2025-02,189602.17
Prime & Co,Marketing,2025-03,177122.31
Prime & Co,Marketing,2025-04,161123.05
Prime & Co,Marketing,2025-05,168160.77
Prime & Co,Marketing,2025-06,186562.12
Prime & Co,Marketing,2025-07,169280.9
Prime & Co,Marketing,2025-08,150942.7
Prime & Co,Marketing,2025-09,162068.66
Prime & Co,Marketing,2025-10,178858.46
Prime & Co,Marketing,2025-11,187862.45
Prime & Co,Marketing,2025-12,163642.34
Prime & Co,Marketing,2026-01,152617.98
Prime & Co,Marketing,2026-02,147930.54
Prime & Co,Marketing,2026-03,168385.75
Prime & Co,Marketing,2026-04,187806.95
Prime & Co,Marketing,2026-05,157714.62
Prime & Co,Marketing,2026-06,150646.66
Prime & Co,Marketing,2026-07,143501.32
Prime & Co,Professional Fees,2022-01,117393.71
Prime & Co,Professional Fees,2022-02,130935.73
Prime & Co,Professional Fees,2022-03,139709.24
Prime & Co,Professional Fees,2022-04,129607.28
Prime & Co,Professional Fees,2022-05,145886.42
Prime & Co,Professional Fees,2022-06,144912.69
Prime & Co,Professional Fees,2022-07,117113.98
Prime & Co,Professional Fees,2022-08,135255.28
Prime & Co,Professional Fees,2022-09,134854.83
Prime & Co,Professional Fees,2022-10,116938.73
Prime & Co,Professional Fees,2022-11,130277.43
Prime & Co,Professional Fees,2022-12,142003.66
Prime & Co,Professional Fees,2023-01,147701.15
Prime & Co,Professional Fees,2023-02,119576.87
Prime & Co,Professional Fees,2023-03,114904.12
Prime & Co,Professional Fees,2023-04,121388.99
Prime & Co,Professional Fees,2023-05,130583.8
Prime & Co,Professional Fees,2023-06,144737.46
Prime & Co,Professional Fees,2023-07,148820.52
Prime & Co,Professional Fees,2023-08,146858.79
Prime & Co,Professional Fees,2023-09,132155.72
Prime & Co,Professional Fees,2023-10,145283.01
Prime & Co,Professional Fees,2023-11,141333.75
Prime & Co,Professional Fees,2023-12,124628.42
Prime & Co,Professional Fees,2024-01,147586.61
Prime & Co,Professional Fees,2024-02,136144.11
Prime & Co,Professional Fees,2024-03,113855.75
Prime & Co,Professional Fees,2024-04,133730.62
Prime & Co,Professional Fees,2024-05,129088.13
Prime & Co,Professional Fees,2024-06,148201.96
Prime & Co,Professional Fees,2024-07,146496.94
Prime & Co,Professional Fees,2024-08,122616.05
Prime & Co,Professional Fees,2024-09,129813.87
Prime & Co,Professional Fees,2024-10,120390.48
Prime & Co,Professional Fees,2024-11,147141.05
Prime & Co,Professional Fees,2024-12,121744.52
Prime & Co,Professional Fees,2025-01,147475.63
Prime & Co,Professional Fees,2025-02,118836.12
Prime & Co,Professional Fees,2025-03,117947.7
Prime & Co,Professional Fees,2025-04,144438.43
Prime & Co,Professional Fees,2025-05,113488.64
Prime & Co,Professional Fees,2025-06,114381.96
Prime & Co,Professional Fees,2025-07,127169.79
Prime & Co,Professional Fees,2025-08,127595.32
Prime & Co,Professional Fees,2025-09,135277.25
Prime & Co,Professional Fees,2025-10,140862.53
Prime & Co,Professional Fees,2025-11,112345.55
Prime & Co,Professional Fees,2025-12,148563.66
Prime & Co,Professional Fees,2026-01,112616.29
Prime & Co,Professional Fees,2026-02,120169.3
Prime & Co,Professional Fees,2026-03,143889.19
Prime & Co,Professional Fees,2026-04,120041.42
Prime & Co,Professional Fees,2026-05,148021.5
Prime & Co,Professional Fees,2026-06,136353.83
Prime & Co,Professional Fees,2026-07,138480.94
Prime & Co,Bank Charges,2022-01,188210.99
Prime & Co,Bank Charges,2022-02,192546.94
Prime & Co,Bank Charges,2022-03,223096.01
Prime & Co,Bank Charges,2022-04,189939.67
Prime & Co,Bank Charges,2022-05,234542.0
Prime & Co,Bank Charges,2022-06,187923.48
Prime & Co,Bank Charges,2022-07,190740.47
Prime & Co,Bank Charges,2022-08,238978.59
Prime & Co,Bank Charges,2022-09,202656.92
Prime & Co,Bank Charges,2022-10,198192.19
Prime & Co,Bank Charges,2022-11,180474.22
Prime & Co,Bank Charges,2022-12,215755.81
Prime & Co,Bank Charges,2023-01,197331.43
Prime & Co,Bank Charges,2023-02,219279.28
Prime & Co,Bank Charges,2023-03,201232.37
Prime & Co,Bank Charges,2023-04,230227.73
Prime & Co,Bank Charges,2023-05,183694.07
Prime & Co,Bank Charges,2023-06,225081.7
Prime & Co,Bank Charges,2023-07,205832.81
Prime & Co,Bank Charges,2023-08,182015.81
Prime & Co,Bank Charges,2023-09,213487.83
Prime & Co,Bank Charges,2023-10,218044.36
Prime & Co,Bank Charges,2023-11,229789.9
Prime & Co,Bank Charges,2023-12,226496.51
Prime & Co,Bank Charges,2024-01,209602.41
Prime & Co,Bank Charges,2024-02,217658.6
Prime & Co,Bank Charges,2024-03,225912.63
Prime & Co,Bank Charges,2024-04,190761.67
Prime & Co,Bank Charges,2024-05,218983.67
Prime & Co,Bank Charges,2024-06,209859.05
Prime & Co,Bank Charges,2024-07,184803.28
Prime & Co,Bank Charges,2024-08,235432.23
Prime & Co,Bank Charges,2024-09,189885.63
Prime & Co,Bank Charges,2024-10,226928.57
Prime & Co,Bank Charges,2024-11,209743.64
Prime & Co,Bank Charges,2024-12,221721.11
Prime & Co,Bank Charges,2025-01,230407.35
Prime & Co,Bank Charges,2025-02,234134.67
Prime & Co,Bank Charges,2025-03,211559.9
Prime & Co,Bank Charges,2025-04,191338.1
Prime & Co,Bank Charges,2025-05,227577.52
Prime & Co,Bank Charges,2025-06,228912.67
Prime & Co,Bank Charges,2025-07,199663.76
Prime & Co,Bank Charges,2025-08,212849.54
Prime & Co,Bank Charges,2025-09,241747.76
Prime & Co,Bank Charges,2025-10,232804.96
Prime & Co,Bank Charges,2025-11,234823.05
Prime & Co,Bank Charges,2025-12,202043.63
Prime & Co,Bank Charges,2026-01,190907.94
Prime & Co,Bank Charges,2026-02,233815.51
Prime & Co,Bank Charges,2026-03,222008.74
Prime & Co,Bank Charges,2026-04,186670.31
Prime & Co,Bank Charges,2026-05,233620.38
Prime & Co,Bank Charges,2026-06,205552.78
Prime & Co,Bank Charges,2026-07,236202.31
Prime & Co,Other Expense,2022-01,270699.62
Prime & Co,Other Expense,2022-02,276839.11
Prime & Co,Other Expense,2022-03,283014.89
Prime & Co,Other Expense,2022-04,244648.39
Prime & Co,Other Expense,2022-05,293236.28
Prime & Co,Other Expense,2022-06,275475.91
Prime & Co,Other Expense,2022-07,268416.08
Prime & Co,Other Expense,2022-08,224747.05
Prime & Co,Other Expense,2022-09,286131.47
Prime & Co,Other Expense,2022-10,233880.1
Prime & Co,Other Expense,2022-11,282157.92
Prime & Co,Other Expense,2022-12,292074.9
Prime & Co,Other Expense,2023-01,276350.12
Prime & Co,Other Expense,2023-02,254393.77
Prime & Co,Other Expense,2023-03,273417.84
Prime & Co,Other Expense,2023-04,238636.93
Prime & Co,Other Expense,2023-05,253094.27
Prime & Co,Other Expense,2023-06,285072.53
Prime & Co,Other Expense,2023-07,288026.56
Prime & Co,Other Expense,2023-08,254308.48
Prime & Co,Other Expense,2023-09,236261.23
Prime & Co,Other Expense,2023-10,284027.97
Prime & Co,Other Expense,2023-11,256814.88
Prime & Co,Other Expense,2023-12,237379.91
Prime & Co,Other Expense,2024-01,248801.97
Prime & Co,Other Expense,2024-02,255236.35
Prime & Co,Other Expense,2024-03,270321.48
Prime & Co,Other Expense,2024-04,245338.51
Prime & Co,Other Expense,2024-05,291944.03
Prime & Co,Other Expense,2024-06,275231.7
Prime & Co,Other Expense,2024-07,283895.55
Prime & Co,Other Expense,2024-08,296297.02
Prime & Co,Other Expense,2024-09,243144.49
Prime & Co,Other Expense,2024-10,252191.21
Prime & Co,Other Expense,2024-11,250786.88
Prime & Co,Other Expense,2024-12,279885.51
Prime & Co,Other Expense,2025-01,296311.87
Prime & Co,Other Expense,2025-02,237335.79
Prime & Co,Other Expense,2025-03,300257.18
Prime & Co,Other Expense,2025-04,229337.73
Prime & Co,Other Expense,2025-05,295673.85
Prime & Co,Other Expense,2025-06,278666.69
Prime & Co,Other Expense,2025-07,257645.63
Prime & Co,Other Expense,2025-08,247507.14
Prime & Co,Other Expense,2025-09,275305.93
Prime & Co,Other Expense,2025-10,266954.49
Prime & Co,Other Expense,2025-11,249254.27
Prime & Co,Other Expense,2025-12,262082.3
Prime & Co,Other Expense,2026-01,299116.51
Prime & Co,Other Expense,2026-02,293028.37
Prime & Co,Other Expense,2026-03,280158.52
Prime & Co,Other Expense,2026-04,302214.49
Prime & Co,Other Expense,2026-05,244966.05
Prime & Co,Other Expense,2026-06,301888.18
Prime & Co,Other Expense,2026-07,233350.04
Prime & Co,Raw Materials,2022-01,357052.09
Prime & Co,Raw Materials,2022-02,396623.87
Prime & Co,Raw Materials,2022-03,400024.67
Prime & Co,Raw Materials,2022-04,331093.92
Prime & Co,Raw Materials,2022-05,358462.75
Prime & Co,Raw Materials,2022-06,309361.2
Prime & Co,Raw Materials,2022-07,353126.43
Prime & Co,Raw Materials,2022-08,391000.33
Prime & Co,Raw Materials,2022-09,308848.98
Prime & Co,Raw Materials,2022-10,304617.6
Prime & Co,Raw Materials,2022-11,369711.02
Prime & Co,Raw Materials,2022-12,337562.24
Prime & Co,Raw Materials,2023-01,370838.32
Prime & Co,Raw Materials,2023-02,325733.72
Prime & Co,Raw Materials,2023-03,304696.09
Prime & Co,Raw Materials,2023-04,299878.86
Prime & Co,Raw Materials,2023-05,304591.77
Prime & Co,Raw Materials,2023-06,355626.2
Prime & Co,Raw Materials,2023-07,320420.02
Prime & Co,Raw Materials,2023-08,312291.63
Prime & Co,Raw Materials,2023-09,319242.92
Prime & Co,Raw Materials,2023-10,326691.08
Prime & Co,Raw Materials,2023-11,399710.2
Prime & Co,Raw Materials,2023-12,338242.58
Prime & Co,Raw Materials,2024-01,333131.01
Prime & Co,Raw Materials,2024-02,347085.77
Prime & Co,Raw Materials,2024-03,361179.09
Prime & Co,Raw Materials,2024-04,310969.91
Prime & Co,Raw Materials,2024-05,329046.65
Prime & Co,Raw Materials,2024-06,358533.54
Prime & Co,Raw Materials,2024-07,348458.45
Prime & Co,Raw Materials,2024-08,358222.67
Prime & Co,Raw Materials,2024-09,382739.63
Prime & Co,Raw Materials,2024-10,346097.68
Prime & Co,Raw Materials,2024-11,301132.08
Prime & Co,Raw Materials,2024-12,357414.44
Prime & Co,Raw Materials,2025-01,350210.13
Prime & Co,Raw Materials,2025-02,389462.14
Prime & Co,Raw Materials,2025-03,374577.35
Prime & Co,Raw Materials,2025-04,305985.66
Prime & Co,Raw Materials,2025-05,356384.64
Prime & Co,Raw Materials,2025-06,376389.75
Prime & Co,Raw Materials,2025-07,355454.89
Prime & Co,Raw Materials,2025-08,373589.03
Prime & Co,Raw Materials,2025-09,399170.71
Prime & Co,Raw Materials,2025-10,369215.6
Prime & Co,Raw Materials,2025-11,307739.41
Prime & Co,Raw Materials,2025-12,384559.0
Prime & Co,Raw Materials,2026-01,324797.35
Prime & Co,Raw Materials,2026-02,374143.9
Prime & Co,Raw Materials,2026-03,304889.1
Prime & Co,Raw Materials,2026-04,377154.93
Prime & Co,Raw Materials,2026-05,400415.98
Prime & Co,Raw Materials,2026-06,392348.89
Prime & Co,Raw Materials,2026-07,397974.42
Prime & Co,Equipment Purchase,2022-01,83194.51
Prime & Co,Equipment Purchase,2022-02,84159.24
Prime & Co,Equipment Purchase,2022-03,101511.23
Prime & Co,Equipment Purchase,2022-04,93410.84
Prime & Co,Equipment Purchase,2022-05,92706.58
Prime & Co,Equipment Purchase,2022-06,81400.66
Prime & Co,Equipment Purchase,2022-07,107637.8
Prime & Co,Equipment Purchase,2022-08,105613.34
Prime & Co,Equipment Purchase,2022-09,81320.67
Prime & Co,Equipment Purchase,2022-10,85226.1
Prime & Co,Equipment Purchase,2022-11,92079.7
Prime & Co,Equipment Purchase,2022-12,88761.08
Prime & Co,Equipment Purchase,2023-01,82628.87
Prime & Co,Equipment Purchase,2023-02,80994.9
Prime & Co,Equipment Purchase,2023-03,87883.19
Prime & Co,Equipment Purchase,2023-04,97178.62
Prime & Co,Equipment Purchase,2023-05,94001.23
Prime & Co,Equipment Purchase,2023-06,81358.41
Prime & Co,Equipment Purchase,2023-07,101158.94
Prime & Co,Equipment Purchase,2023-08,95305.13
Prime & Co,Equipment Purchase,2023-09,87332.68
Prime & Co,Equipment Purchase,2023-10,104063.56
Prime & Co,Equipment Purchase,2023-11,91924.11
Prime & Co,Equipment Purchase,2023-12,84880.16
Prime & Co,Equipment Purchase,2024-01,92531.3
Prime & Co,Equipment Purchase,2024-02,105477.86
Prime & Co,Equipment Purchase,2024-03,81854.36
Prime & Co,Equipment Purchase,2024-04,107132.33
Prime & Co,Equipment Purchase,2024-05,100882.88
Prime & Co,Equipment Purchase,2024-06,81944.37
Prime & Co,Equipment Purchase,2024-07,89030.49
Prime & Co,Equipment Purchase,2024-08,105543.92
Prime & Co,Equipment Purchase,2024-09,105159.71
Prime & Co,Equipment Purchase,2024-10,80666.63
Prime & Co,Equipment Purchase,2024-11,81866.7
Prime & Co,Equipment Purchase,2024-12,104537.72
Prime & Co,Equipment Purchase,2025-01,88463.85
Prime & Co,Equipment Purchase,2025-02,103084.1
Prime & Co,Equipment Purchase,2025-03,87758.91
Prime & Co,Equipment Purchase,2025-04,108047.5
Prime & Co,Equipment Purchase,2025-05,103098.22
Prime & Co,Equipment Purchase,2025-06,107526.16
Prime & Co,Equipment Purchase,2025-07,103456.94
Prime & Co,Equipment Purchase,2025-08,106783.24
Prime & Co,Equipment Purchase,2025-09,82749.73
Prime & Co,Equipment Purchase,2025-10,85403.36
Prime & Co,Equipment Purchase,2025-11,95489.08
Prime & Co,Equipment Purchase,2025-12,87512.19
Prime & Co,Equipment Purchase,2026-01,84093.31
Prime & Co,Equipment Purchase,2026-02,105105.17
Prime & Co,Equipment Purchase,2026-03,106972.12
Prime & Co,Equipment Purchase,2026-04,108299.95
Prime & Co,Equipment Purchase,2026-05,96667.67
Prime & Co,Equipment Purchase,2026-06,84420.02
Prime & Co,Equipment Purchase,2026-07,89352.86
Prime & Co,Insurance,2022-01,432626.62
Prime & Co,Insurance,2022-02,371414.59
Prime & Co,Insurance,2022-03,350945.88
Prime & Co,Insurance,2022-04,331115.25
Prime & Co,Insurance,2022-05,374358.84
Prime & Co,Insurance,2022-06,384163.63
Prime & Co,Insurance,2022-07,435793.59
Prime & Co,Insurance,2022-08,430636.9
Prime & Co,Insurance,2022-09,348168.99
Prime & Co,Insurance,2022-10,364962.32
Prime & Co,Insurance,2022-11,424120.33
Prime & Co,Insurance,2022-12,428050.74
Prime & Co,Insurance,2023-01,387568.66
Prime & Co,Insurance,2023-02,380482.2
Prime & Co,Insurance,2023-03,436091.59
Prime & Co,Insurance,2023-04,401799.46
Prime & Co,Insurance,2023-05,390116.47
Prime & Co,Insurance,2023-06,403421.57
Prime & Co,Insurance,2023-07,373252.85
Prime & Co,Insurance,2023-08,433234.69
Prime & Co,Insurance,2023-09,432374.47
Prime & Co,Insurance,2023-10,422625.78
Prime & Co,Insurance,2023-11,435200.24
Prime & Co,Insurance,2023-12,343545.82
Prime & Co,Insurance,2024-01,334531.15
Prime & Co,Insurance,2024-02,338969.28
Prime & Co,Insurance,2024-03,357787.53
Prime & Co,Insurance,2024-04,429214.8
Prime & Co,Insurance,2024-05,353911.29
Prime & Co,Insurance,2024-06,434319.75
Prime & Co,Insurance,2024-07,366144.5
Prime & Co,Insurance,2024-08,383849.26
Prime & Co,Insurance,2024-09,338599.28
Prime & Co,Insurance,2024-10,389043.73
Prime & Co,Insurance,2024-11,422183.33
Prime & Co,Insurance,2024-12,399541.76
Prime & Co,Insurance,2025-01,393377.73
Prime & Co,Insurance,2025-02,338057.49
Prime & Co,Insurance,2025-03,328396.55
Prime & Co,Insurance,2025-04,381450.1
Prime & Co,Insurance,2025-05,426392.04
Prime & Co,Insurance,2025-06,330791.39
Prime & Co,Insurance,2025-07,428693.53
Prime & Co,Insurance,2025-08,369038.56
Prime & Co,Insurance,2025-09,432008.5
Prime & Co,Insurance,2025-10,437450.28
Prime & Co,Insurance,2025-11,346568.06
Prime & Co,Insurance,2025-12,424952.19
Prime & Co,Insurance,2026-01,355285.8
Prime & Co,Insurance,2026-02,382900.61
Prime & Co,Insurance,2026-03,403688.91
Prime & Co,Insurance,2026-04,370484.0
Prime & Co,Insurance,2026-05,377473.8
Prime & Co,Insurance,2026-06,423098.28
Prime & Co,Insurance,2026-07,425424.17
Prime & Co,Repairs & Maintenance,2022-01,94068.06
Prime & Co,Repairs & Maintenance,2022-02,92300.92
Prime & Co,Repairs & Maintenance,2022-03,75258.81
Prime & Co,Repairs & Maintenance,2022-04,85351.76
Prime & Co,Repairs & Maintenance,2022-05,72137.62
Prime & Co,Repairs & Maintenance,2022-06,91516.98
Prime & Co,Repairs & Maintenance,2022-07,74613.96
Prime & Co,Repairs & Maintenance,2022-08,84151.26
Prime & Co,Repairs & Maintenance,2022-09,74884.36
Prime & Co,Repairs & Maintenance,2022-10,76173.99
Prime & Co,Repairs & Maintenance,2022-11,73360.76
Prime & Co,Repairs & Maintenance,2022-12,79795.11
Prime & Co,Repairs & Maintenance,2023-01,72323.28
Prime & Co,Repairs & Maintenance,2023-02,88202.16
Prime & Co,Repairs & Maintenance,2023-03,82848.79
Prime & Co,Repairs & Maintenance,2023-04,92184.84
Prime & Co,Repairs & Maintenance,2023-05,83671.01
Prime & Co,Repairs & Maintenance,2023-06,82895.88
Prime & Co,Repairs & Maintenance,2023-07,85794.68
Prime & Co,Repairs & Maintenance,2023-08,77626.67
Prime & Co,Repairs & Maintenance,2023-09,89169.63
Prime & Co,Repairs & Maintenance,2023-10,87119.86
Prime & Co,Repairs & Maintenance,2023-11,75954.99
Prime & Co,Repairs & Maintenance,2023-12,86928.51
Prime & Co,Repairs & Maintenance,2024-01,82261.83
Prime & Co,Repairs & Maintenance,2024-02,72564.41
Prime & Co,Repairs & Maintenance,2024-03,74821.47
Prime & Co,Repairs & Maintenance,2024-04,94328.65
Prime & Co,Repairs & Maintenance,2024-05,80284.82
Prime & Co,Repairs & Maintenance,2024-06,70721.29
Prime & Co,Repairs & Maintenance,2024-07,89523.48
Prime & Co,Repairs & Maintenance,2024-08,83477.16
Prime & Co,Repairs & Maintenance,2024-09,80059.57
Prime & Co,Repairs & Maintenance,2024-10,89203.11
Prime & Co,Repairs & Maintenance,2024-11,76845.06
Prime & Co,Repairs & Maintenance,2024-12,70782.7
Prime & Co,Repairs & Maintenance,2025-01,83013.34
Prime & Co,Repairs & Maintenance,2025-02,71447.64
Prime & Co,Repairs & Maintenance,2025-03,87606.46
Prime & Co,Repairs & Maintenance,2025-04,71825.31
Prime & Co,Repairs & Maintenance,2025-05,89014.62
Prime & Co,Repairs & Maintenance,2025-06,91718.34
Prime & Co,Repairs & Maintenance,2025-07,93904.14
Prime & Co,Repairs & Maintenance,2025-08,89277.42
Prime & Co,Repairs & Maintenance,2025-09,86288.93
Prime & Co,Repairs & Maintenance,2025-10,70230.7
Prime & Co,Repairs & Maintenance,2025-11,83864.23
Prime & Co,Repairs & Maintenance,2025-12,87018.88
Prime & Co,Repairs & Maintenance,2026-01,70237.15
Prime & Co,Repairs & Maintenance,2026-02,94104.9
Prime & Co,Repairs & Maintenance,2026-03,82627.7
Prime & Co,Repairs & Maintenance,2026-04,71387.3
Prime & Co,Repairs & Maintenance,2026-05,87504.12
Prime & Co,Repairs & Maintenance,2026-06,73496.78
Prime & Co,Repairs & Maintenance,2026-07,72257.6
Skyline Pvt Ltd,Office Supplies,2022-01,103843.27
Skyline Pvt Ltd,Office Supplies,2022-02,97661.79
Skyline Pvt Ltd,Office Supplies,2022-03,111364.88
Skyline Pvt Ltd,Office Supplies,2022-04,91898.65
Skyline Pvt Ltd,Office Supplies,2022-05,110671.04
Skyline Pvt Ltd,Office Supplies,2022-06,92604.43
Skyline Pvt Ltd,Office Supplies,2022-07,107608.3
Skyline Pvt Ltd,Office Supplies,2022-08,111432.02
Skyline Pvt Ltd,Office Supplies,2022-09,89095.46
Skyline Pvt Ltd,Office Supplies,2022-10,90449.14
Skyline Pvt Ltd,Office Supplies,2022-11,108020.98
Skyline Pvt Ltd,Office Supplies,2022-12,106298.16
Skyline Pvt Ltd,Office Supplies,2023-01,100594.57
Skyline Pvt Ltd,Office Supplies,2023-02,93705.45
Skyline Pvt Ltd,Office Supplies,2023-03,100756.15
Skyline Pvt Ltd,Office Supplies,2023-04,88112.01
Skyline Pvt Ltd,Office Supplies,2023-05,109969.77
Skyline Pvt Ltd,Office Supplies,2023-06,103795.64
Skyline Pvt Ltd,Office Supplies,2023-07,100028.84
Skyline Pvt Ltd,Office Supplies,2023-08,104438.64
Skyline Pvt Ltd,Office Supplies,2023-09,100381.37
Skyline Pvt Ltd,Office Supplies,2023-10,104483.59
Skyline Pvt Ltd,Office Supplies,2023-11,94245.65
Skyline Pvt Ltd,Office Supplies,2023-12,91302.44
Skyline Pvt Ltd,Office Supplies,2024-01,91102.6
Skyline Pvt Ltd,Office Supplies,2024-02,96199.64
Skyline Pvt Ltd,Office Supplies,2024-03,110969.97
Skyline Pvt Ltd,Office Supplies,2024-04,101924.23
Skyline Pvt Ltd,Office Supplies,2024-05,83966.24
Skyline Pvt Ltd,Office Supplies,2024-06,89706.1
Skyline Pvt Ltd,Office Supplies,2024-07,100884.41
Skyline Pvt Ltd,Office Supplies,2024-08,107992.94
Skyline Pvt Ltd,Office Supplies,2024-09,104809.08
Skyline Pvt Ltd,Office Supplies,2024-10,109945.45
Skyline Pvt Ltd,Office Supplies,2024-11,85888.85
Skyline Pvt Ltd,Office Supplies,2024-12,98563.36
Skyline Pvt Ltd,Office Supplies,2025-01,107088.72
Skyline Pvt Ltd,Office Supplies,2025-02,107069.53
Skyline Pvt Ltd,Office Supplies,2025-03,85158.02
Skyline Pvt Ltd,Office Supplies,2025-04,105503.37
Skyline Pvt Ltd,Office Supplies,2025-05,101990.3
Skyline Pvt Ltd,Office Supplies,2025-06,90296.79
Skyline Pvt Ltd,Office Supplies,2025-07,86165.5
Skyline Pvt Ltd,Office Supplies,2025-08,107529.25
Skyline Pvt Ltd,Office Supplies,2025-09,90480.8
Skyline Pvt Ltd,Office Supplies,2025-10,84302.16
Skyline Pvt Ltd,Office Supplies,2025-11,96369.85
Skyline Pvt Ltd,Office Supplies,2025-12,95773.61
Skyline Pvt Ltd,Office Supplies,2026-01,109665.82
Skyline Pvt Ltd,Office Supplies,2026-02,85983.72
Skyline Pvt Ltd,Office Supplies,2026-03,93667.04
Skyline Pvt Ltd,Office Supplies,2026-04,92672.0
Skyline Pvt Ltd,Office Supplies,2026-05,89581.03
Skyline Pvt Ltd,Office Supplies,2026-06,92221.99
Skyline Pvt Ltd,Office Supplies,2026-07,88659.6
Skyline Pvt Ltd,Rent,2022-01,343476.97
Skyline Pvt Ltd,Rent,2022-02,307755.72
Skyline Pvt Ltd,Rent,2022-03,275232.59
Skyline Pvt Ltd,Rent,2022-04,268818.53
Skyline Pvt Ltd,Rent,2022-05,291648.37
Skyline Pvt Ltd,Rent,2022-06,353976.38
Skyline Pvt Ltd,Rent,2022-07,304191.1
Skyline Pvt Ltd,Rent,2022-08,359105.77
Skyline Pvt Ltd,Rent,2022-09,276151.75
Skyline Pvt Ltd,Rent,2022-10,280236.2
Skyline Pvt Ltd,Rent,2022-11,300363.0
Skyline Pvt Ltd,Rent,2022-12,341786.95
Skyline Pvt Ltd,Rent,2023-01,337394.59
Skyline Pvt Ltd,Rent,2023-02,284622.5
Skyline Pvt Ltd,Rent,2023-03,355045.51
Skyline Pvt Ltd,Rent,2023-04,296608.36
Skyline Pvt Ltd,Rent,2023-05,319508.23
Skyline Pvt Ltd,Rent,2023-06,343917.22
Skyline Pvt Ltd,Rent,2023-07,349491.1
Skyline Pvt Ltd,Rent,2023-08,278583.5
Skyline Pvt Ltd,Rent,2023-09,328449.25
Skyline Pvt Ltd,Rent,2023-10,299901.1
Skyline Pvt Ltd,Rent,2023-11,303793.93
Skyline Pvt Ltd,Rent,2023-12,303034.09
Skyline Pvt Ltd,Rent,2024-01,292433.32
Skyline Pvt Ltd,Rent,2024-02,276518.77
Skyline Pvt Ltd,Rent,2024-03,327233.0
Skyline Pvt Ltd,Rent,2024-04,271954.07
Skyline Pvt Ltd,Rent,2024-05,299297.24
Skyline Pvt Ltd,Rent,2024-06,288289.15
Skyline Pvt Ltd,Rent,2024-07,356063.42
Skyline Pvt Ltd,Rent,2024-08,297473.74
Skyline Pvt Ltd,Rent,2024-09,333953.61
Skyline Pvt Ltd,Rent,2024-10,273618.26
Skyline Pvt Ltd,Rent,2024-11,289613.09
Skyline Pvt Ltd,Rent,2024-12,293114.17
Skyline Pvt Ltd,Rent,2025-01,352785.96
Skyline Pvt Ltd,Rent,2025-02,302743.3
Skyline Pvt Ltd,Rent,2025-03,307657.11
Skyline Pvt Ltd,Rent,2025-04,300821.86
Skyline Pvt Ltd,Rent,2025-05,281225.53
Skyline Pvt Ltd,Rent,2025-06,307670.38
Skyline Pvt Ltd,Rent,2025-07,334938.5
Skyline Pvt Ltd,Rent,2025-08,316312.4
Skyline Pvt Ltd,Rent,2025-09,296643.35
Skyline Pvt Ltd,Rent,2025-10,355296.71
Skyline Pvt Ltd,Rent,2025-11,272830.48
Skyline Pvt Ltd,Rent,2025-12,289826.91
Skyline Pvt Ltd,Rent,2026-01,360056.85
Skyline Pvt Ltd,Rent,2026-02,286617.85
Skyline Pvt Ltd,Rent,2026-03,282306.78
Skyline Pvt Ltd,Rent,2026-04,274136.92
Skyline Pvt Ltd,Rent,2026-05,313694.14
Skyline Pvt Ltd,Rent,2026-06,290122.49
Skyline Pvt Ltd,Rent,2026-07,267734.68
Skyline Pvt Ltd,Utilities,2022-01,338268.91
Skyline Pvt Ltd,Utilities,2022-02,325122.71
Skyline Pvt Ltd,Utilities,2022-03,265368.2
Skyline Pvt Ltd,Utilities,2022-04,353105.64
Skyline Pvt Ltd,Utilities,2022-05,302614.66
Skyline Pvt Ltd,Utilities,2022-06,284579.86
Skyline Pvt Ltd,Utilities,2022-07,333169.03
Skyline Pvt Ltd,Utilities,2022-08,279093.55
Skyline Pvt Ltd,Utilities,2022-09,284897.01
Skyline Pvt Ltd,Utilities,2022-10,268504.05
Skyline Pvt Ltd,Utilities,2022-11,340311.16
Skyline Pvt Ltd,Utilities,2022-12,290605.45
Skyline Pvt Ltd,Utilities,2023-01,282627.31
Skyline Pvt Ltd,Utilities,2023-02,271056.02
Skyline Pvt Ltd,Utilities,2023-03,269535.6
Skyline Pvt Ltd,Utilities,2023-04,272153.53
Skyline Pvt Ltd,Utilities,2023-05,330961.34
Skyline Pvt Ltd,Utilities,2023-06,298278.61
Skyline Pvt Ltd,Utilities,2023-07,273714.34
Skyline Pvt Ltd,Utilities,2023-08,324008.33
Skyline Pvt Ltd,Utilities,2023-09,279693.12
Skyline Pvt Ltd,Utilities,2023-10,354845.88
Skyline Pvt Ltd,Utilities,2023-11,327023.9
Skyline Pvt Ltd,Utilities,2023-12,301241.89
Skyline Pvt Ltd,Utilities,2024-01,330300.31
Skyline Pvt Ltd,Utilities,2024-02,292039.21
Skyline Pvt Ltd,Utilities,2024-03,299757.15
Skyline Pvt Ltd,Utilities,2024-04,349973.95
Skyline Pvt Ltd,Utilities,2024-05,287460.25
Skyline Pvt Ltd,Utilities,2024-06,272268.44
Skyline Pvt Ltd,Utilities,2024-07,314727.41
Skyline Pvt Ltd,Utilities,2024-08,276987.85
Skyline Pvt Ltd,Utilities,2024-09,276546.65
Skyline Pvt Ltd,Utilities,2024-10,323792.64
Skyline Pvt Ltd,Utilities,2024-11,313311.89
Skyline Pvt Ltd,Utilities,2024-12,297655.56
Skyline Pvt Ltd,Utilities,2025-01,292981.17
Skyline Pvt Ltd,Utilities,2025-02,349280.05
Skyline Pvt Ltd,Utilities,2025-03,267316.98
Skyline Pvt Ltd,Utilities,2025-04,281523.42
Skyline Pvt Ltd,Utilities,2025-05,298864.06
Skyline Pvt Ltd,Utilities,2025-06,353568.6
Skyline Pvt Ltd,Utilities,2025-07,290695.36
Skyline Pvt Ltd,Utilities,2025-08,317067.33
Skyline Pvt Ltd,Utilities,2025-09,296092.34
Skyline Pvt Ltd,Utilities,2025-10,298173.27
Skyline Pvt Ltd,Utilities,2025-11,314595.38
Skyline Pvt Ltd,Utilities,2025-12,276453.54
Skyline Pvt Ltd,Utilities,2026-01,349916.63
Skyline Pvt Ltd,Utilities,2026-02,303210.86
Skyline Pvt Ltd,Utilities,2026-03,281008.36
Skyline Pvt Ltd,Utilities,2026-04,280311.92
Skyline Pvt Ltd,Utilities,2026-05,328576.0
Skyline Pvt Ltd,Utilities,2026-06,267169.42
Skyline Pvt Ltd,Utilities,2026-07,290058.9
Skyline Pvt Ltd,Salaries,2022-01,23537.43
Skyline Pvt Ltd,Salaries,2022-02,25811.06
Skyline Pvt Ltd,Salaries,2022-03,20833.79
Skyline Pvt Ltd,Salaries,2022-04,24963.22
Skyline Pvt Ltd,Salaries,2022-05,23963.21
Skyline Pvt Ltd,Salaries,2022-06,25770.83
Skyline Pvt Ltd,Salaries,2022-07,23005.14
Skyline Pvt Ltd,Salaries,2022-08,26970.42
Skyline Pvt Ltd,Salaries,2022-09,26267.8
Skyline Pvt Ltd,Salaries,2022-10,23968.91
Skyline Pvt Ltd,Salaries,2022-11,27765.64
Skyline Pvt Ltd,Salaries,2022-12,21052.67
Skyline Pvt Ltd,Salaries,2023-01,22542.31
Skyline Pvt Ltd,Salaries,2023-02,21834.28
Skyline Pvt Ltd,Salaries,2023-03,27068.72
Skyline Pvt Ltd,Salaries,2023-04,21595.17
Skyline Pvt Ltd,Salaries,2023-05,25377.47
Skyline Pvt Ltd,Salaries,2023-06,24690.24
Skyline Pvt Ltd,Salaries,2023-07,21239.61
Skyline Pvt Ltd,Salaries,2023-08,27194.12
Skyline Pvt Ltd,Salaries,2023-09,23663.07
Skyline Pvt Ltd,Salaries,2023-10,21160.06
Skyline Pvt Ltd,Salaries,2023-11,24003.62
Skyline Pvt Ltd,Salaries,2023-12,26677.59
Skyline Pvt Ltd,Salaries,2024-01,23803.67
Skyline Pvt Ltd,Salaries,2024-02,26784.98
Skyline Pvt Ltd,Salaries,2024-03,20890.72
Skyline Pvt Ltd,Salaries,2024-04,20858.47
Skyline Pvt Ltd,Salaries,2024-05,23541.37
Skyline Pvt Ltd,Salaries,2024-06,25648.29
Skyline Pvt Ltd,Salaries,2024-07,21062.04
Skyline Pvt Ltd,Salaries,2024-08,22212.62
Skyline Pvt Ltd,Salaries,2024-09,22198.15
Skyline Pvt Ltd,Salaries,2024-10,24558.98
Skyline Pvt Ltd,Salaries,2024-11,21586.1
Skyline Pvt Ltd,Salaries,2024-12,22637.28
Skyline Pvt Ltd,Salaries,2025-01,23107.96
Skyline Pvt Ltd,Salaries,2025-02,23843.15
Skyline Pvt Ltd,Salaries,2025-03,24154.39
Skyline Pvt Ltd,Salaries,2025-04,21030.01
Skyline Pvt Ltd,Salaries,2025-05,22516.11
Skyline Pvt Ltd,Salaries,2025-06,21941.04
Skyline Pvt Ltd,Salaries,2025-07,25415.79
Skyline Pvt Ltd,Salaries,2025-08,26111.17
Skyline Pvt Ltd,Salaries,2025-09,20808.4
Skyline Pvt Ltd,Salaries,2025-10,20679.43
Skyline Pvt Ltd,Salaries,2025-11,21182.64
Skyline Pvt Ltd,Salaries,2025-12,25976.56
Skyline Pvt Ltd,Salaries,2026-01,24881.13
Skyline Pvt Ltd,Salaries,2026-02,24585.92
Skyline Pvt Ltd,Salaries,2026-03,27717.85
Skyline Pvt Ltd,Salaries,2026-04,27228.21
Skyline Pvt Ltd,Salaries,2026-05,21612.05
Skyline Pvt Ltd,Salaries,2026-06,25687.9
Skyline Pvt Ltd,Salaries,2026-07,24151.92
Skyline Pvt Ltd,Travel,2022-01,268421.87
Skyline Pvt Ltd,Travel,2022-02,298169.35
Skyline Pvt Ltd,Travel,2022-03,299972.87
Skyline Pvt Ltd,Travel,2022-04,259947.92
Skyline Pvt Ltd,Travel,2022-05,302614.54
Skyline Pvt Ltd,Travel,2022-06,293353.04
Skyline Pvt Ltd,Travel,2022-07,261876.28
Skyline Pvt Ltd,Travel,2022-08,296728.51
Skyline Pvt Ltd,Travel,2022-09,318384.63
Skyline Pvt Ltd,Travel,2022-10,237977.35
Skyline Pvt Ltd,Travel,2022-11,241580.11
Skyline Pvt Ltd,Travel,2022-12,321544.49
Skyline Pvt Ltd,Travel,2023-01,283557.81
Skyline Pvt Ltd,Travel,2023-02,279996.25
Skyline Pvt Ltd,Travel,2023-03,246256.85
Skyline Pvt Ltd,Travel,2023-04,249994.71
Skyline Pvt Ltd,Travel,2023-05,283145.92
Skyline Pvt Ltd,Travel,2023-06,281858.86
Skyline Pvt Ltd,Travel,2023-07,291464.33
Skyline Pvt Ltd,Travel,2023-08,255641.11
Skyline Pvt Ltd,Travel,2023-09,295189.41
Skyline Pvt Ltd,Travel,2023-10,257321.15
Skyline Pvt Ltd,Travel,2023-11,261615.64
Skyline Pvt Ltd,Travel,2023-12,319434.74
Skyline Pvt Ltd,Travel,2024-01,277941.27
Skyline Pvt Ltd,Travel,2024-02,307394.02
Skyline Pvt Ltd,Travel,2024-03,306322.36
Skyline Pvt Ltd,Travel,2024-04,256755.17
Skyline Pvt Ltd,Travel,2024-05,277930.51
Skyline Pvt Ltd,Travel,2024-06,260400.71
Skyline Pvt Ltd,Travel,2024-07,274526.83
Skyline Pvt Ltd,Travel,2024-08,244816.54
Skyline Pvt Ltd,Travel,2024-09,259829.82
Skyline Pvt Ltd,Travel,2024-10,240809.56
Skyline Pvt Ltd,Travel,2024-11,274854.15
Skyline Pvt Ltd,Travel,2024-12,275795.61
Skyline Pvt Ltd,Travel,2025-01,307771.21
Skyline Pvt Ltd,Travel,2025-02,284350.43
Skyline Pvt Ltd,Travel,2025-03,302128.04
Skyline Pvt Ltd,Travel,2025-04,239830.0
Skyline Pvt Ltd,Travel,2025-05,313050.64
Skyline Pvt Ltd,Travel,2025-06,251708.89
Skyline Pvt Ltd,Travel,2025-07,266625.64
Skyline Pvt Ltd,Travel,2025-08,241982.54
Skyline Pvt Ltd,Travel,2025-09,295906.3
Skyline Pvt Ltd,Travel,2025-10,263445.15
Skyline Pvt Ltd,Travel,2025-11,315956.79
Skyline Pvt Ltd,Travel,2025-12,272963.69
Skyline Pvt Ltd,Travel,2026-01,262744.74
Skyline Pvt Ltd,Travel,2026-02,284234.23
Skyline Pvt Ltd,Travel,2026-03,268911.75
Skyline Pvt Ltd,Travel,2026-04,262879.99
Skyline Pvt Ltd,Travel,2026-05,275488.13
Skyline Pvt Ltd,Travel,2026-06,265320.04
Skyline Pvt Ltd,Travel,2026-07,277453.57
Skyline Pvt Ltd,Marketing,2022-01,320927.5
Skyline Pvt Ltd,Marketing,2022-02,279909.1
Skyline Pvt Ltd,Marketing,2022-03,291447.95
Skyline Pvt Ltd,Marketing,2022-04,302344.26
Skyline Pvt Ltd,Marketing,2022-05,296360.14
Skyline Pvt Ltd,Marketing,2022-06,308957.25
Skyline Pvt Ltd,Marketing,2022-07,335040.37
Skyline Pvt Ltd,Marketing,2022-08,274828.66
Skyline Pvt Ltd,Marketing,2022-09,273911.1
Skyline Pvt Ltd,Marketing,2022-10,318035.52
Skyline Pvt Ltd,Marketing,2022-11,285374.51
Skyline Pvt Ltd,Marketing,2022-12,339616.88
Skyline Pvt Ltd,Marketing,2023-01,255126.38
Skyline Pvt Ltd,Marketing,2023-02,296811.02
Skyline Pvt Ltd,Marketing,2023-03,287038.1
Skyline Pvt Ltd,Marketing,2023-04,337181.33
Skyline Pvt Ltd,Marketing,2023-05,288903.05
Skyline Pvt Ltd,Marketing,2023-06,318258.46
Skyline Pvt Ltd,Marketing,2023-07,324223.21
Skyline Pvt Ltd,Marketing,2023-08,280125.38
Skyline Pvt Ltd,Marketing,2023-09,297688.55
Skyline Pvt Ltd,Marketing,2023-10,259209.89
Skyline Pvt Ltd,Marketing,2023-11,320725.05
Skyline Pvt Ltd,Marketing,2023-12,277061.37
Skyline Pvt Ltd,Marketing,2024-01,259756.42
Skyline Pvt Ltd,Marketing,2024-02,281476.93
Skyline Pvt Ltd,Marketing,2024-03,263514.64
Skyline Pvt Ltd,Marketing,2024-04,280613.07
Skyline Pvt Ltd,Marketing,2024-05,262050.59
Skyline Pvt Ltd,Marketing,2024-06,282345.48
Skyline Pvt Ltd,Marketing,2024-07,286462.27
Skyline Pvt Ltd,Marketing,2024-08,301331.82
Skyline Pvt Ltd,Marketing,2024-09,330163.0
Skyline Pvt Ltd,Marketing,2024-10,259547.61
Skyline Pvt Ltd,Marketing,2024-11,277929.66
Skyline Pvt Ltd,Marketing,2024-12,306423.62
Skyline Pvt Ltd,Marketing,2025-01,332426.79
Skyline Pvt Ltd,Marketing,2025-02,329652.61
Skyline Pvt Ltd,Marketing,2025-03,291738.87
Skyline Pvt Ltd,Marketing,2025-04,294708.09
Skyline Pvt Ltd,Marketing,2025-05,283066.64
Skyline Pvt Ltd,Marketing,2025-06,332517.36
Skyline Pvt Ltd,Marketing,2025-07,332498.96
Skyline Pvt Ltd,Marketing,2025-08,309125.44
Skyline Pvt Ltd,Marketing,2025-09,320484.44
Skyline Pvt Ltd,Marketing,2025-10,314844.7
Skyline Pvt Ltd,Marketing,2025-11,295097.36
Skyline Pvt Ltd,Marketing,2025-12,301498.56
Skyline Pvt Ltd,Marketing,2026-01,329537.37
Skyline Pvt Ltd,Marketing,2026-02,264600.96
Skyline Pvt Ltd,Marketing,2026-03,293038.93
Skyline Pvt Ltd,Marketing,2026-04,313897.76
Skyline Pvt Ltd,Marketing,2026-05,332589.11
Skyline Pvt Ltd,Marketing,2026-06,289247.31
Skyline Pvt Ltd,Marketing,2026-07,335110.84
Skyline Pvt Ltd,Professional Fees,2022-01,318351.93
Skyline Pvt Ltd,Professional Fees,2022-02,329163.72
Skyline Pvt Ltd,Professional Fees,2022-03,367925.57
Skyline Pvt Ltd,Professional Fees,2022-04,323068.78
Skyline Pvt Ltd,Professional Fees,2022-05,272899.33
Skyline Pvt Ltd,Professional Fees,2022-06,323038.78
Skyline Pvt Ltd,Professional Fees,2022-07,355399.01
Skyline Pvt Ltd,Professional Fees,2022-08,347151.02
Skyline Pvt Ltd,Professional Fees,2022-09,346177.57
Skyline Pvt Ltd,Professional Fees,2022-10,282369.35
Skyline Pvt Ltd,Professional Fees,2022-11,357172.35
Skyline Pvt Ltd,Professional Fees,2022-12,325437.28
Skyline Pvt Ltd,Professional Fees,2023-01,317197.79
Skyline Pvt Ltd,Professional Fees,2023-02,336721.84
Skyline Pvt Ltd,Professional Fees,2023-03,329971.21
Skyline Pvt Ltd,Professional Fees,2023-04,286894.82
Skyline Pvt Ltd,Professional Fees,2023-05,289585.0
Skyline Pvt Ltd,Professional Fees,2023-06,284756.97
Skyline Pvt Ltd,Professional Fees,2023-07,316474.83
Skyline Pvt Ltd,Professional Fees,2023-08,366816.05
Skyline Pvt Ltd,Professional Fees,2023-09,320892.84
Skyline Pvt Ltd,Professional Fees,2023-10,320829.74
Skyline Pvt Ltd,Professional Fees,2023-11,357677.41
Skyline Pvt Ltd,Professional Fees,2023-12,279281.5
Skyline Pvt Ltd,Professional Fees,2024-01,288046.91
Skyline Pvt Ltd,Professional Fees,2024-02,301462.63
Skyline Pvt Ltd,Professional Fees,2024-03,331107.29
Skyline Pvt Ltd,Professional Fees,2024-04,303660.08
Skyline Pvt Ltd,Professional Fees,2024-05,303594.07
Skyline Pvt Ltd,Professional Fees,2024-06,282121.59
Skyline Pvt Ltd,Professional Fees,2024-07,309887.7
Skyline Pvt Ltd,Professional Fees,2024-08,286198.12
Skyline Pvt Ltd,Professional Fees,2024-09,303704.76
Skyline Pvt Ltd,Professional Fees,2024-10,281383.22
Skyline Pvt Ltd,Professional Fees,2024-11,350885.44
Skyline Pvt Ltd,Professional Fees,2024-12,280267.58
Skyline Pvt Ltd,Professional Fees,2025-01,277271.41
Skyline Pvt Ltd,Professional Fees,2025-02,336917.55
Skyline Pvt Ltd,Professional Fees,2025-03,327238.67
Skyline Pvt Ltd,Professional Fees,2025-04,296387.95
Skyline Pvt Ltd,Professional Fees,2025-05,291995.31
Skyline Pvt Ltd,Professional Fees,2025-06,276611.89
Skyline Pvt Ltd,Professional Fees,2025-07,299940.4
Skyline Pvt Ltd,Professional Fees,2025-08,320065.92
Skyline Pvt Ltd,Professional Fees,2025-09,304499.23
Skyline Pvt Ltd,Professional Fees,2025-10,272556.57
Skyline Pvt Ltd,Professional Fees,2025-11,272909.72
Skyline Pvt Ltd,Professional Fees,2025-12,330205.98
Skyline Pvt Ltd,Professional Fees,2026-01,329634.79
Skyline Pvt Ltd,Professional Fees,2026-02,354218.53
Skyline Pvt Ltd,Professional Fees,2026-03,279832.88
Skyline Pvt Ltd,Professional Fees,2026-04,351117.71
Skyline Pvt Ltd,Professional Fees,2026-05,349169.78
Skyline Pvt Ltd,Professional Fees,2026-06,328239.15
Skyline Pvt Ltd,Professional Fees,2026-07,296834.52
Skyline Pvt Ltd,Bank Charges,2022-01,67244.01
Skyline Pvt Ltd,Bank Charges,2022-02,88981.31
Skyline Pvt Ltd,Bank Charges,2022-03,73745.98
Skyline Pvt Ltd,Bank Charges,2022-04,83852.53
Skyline Pvt Ltd,Bank Charges,2022-05,76233.46
Skyline Pvt Ltd,Bank Charges,2022-06,78884.67
Skyline Pvt Ltd,Bank Charges,2022-07,67365.1
Skyline Pvt Ltd,Bank Charges,2022-08,78368.9
Skyline Pvt Ltd,Bank Charges,2022-09,71952.02
Skyline Pvt Ltd,Bank Charges,2022-10,81540.8
Skyline Pvt Ltd,Bank Charges,2022-11,83512.86
Skyline Pvt Ltd,Bank Charges,2022-12,75970.21
Skyline Pvt Ltd,Bank Charges,2023-01,72243.35
Skyline Pvt Ltd,Bank Charges,2023-02,72145.58
Skyline Pvt Ltd,Bank Charges,2023-03,71705.83
Skyline Pvt Ltd,Bank Charges,2023-04,86197.78
Skyline Pvt Ltd,Bank Charges,2023-05,83329.53
Skyline Pvt Ltd,Bank Charges,2023-06,83606.16
Skyline Pvt Ltd,Bank Charges,2023-07,71476.05
Skyline Pvt Ltd,Bank Charges,2023-08,72849.01
Skyline Pvt Ltd,Bank Charges,2023-09,88392.02
Skyline Pvt Ltd,Bank Charges,2023-10,66861.38
Skyline Pvt Ltd,Bank Charges,2023-11,86931.23
Skyline Pvt Ltd,Bank Charges,2023-12,68559.58
Skyline Pvt Ltd,Bank Charges,2024-01,88024.53
Skyline Pvt Ltd,Bank Charges,2024-02,73787.25
Skyline Pvt Ltd,Bank Charges,2024-03,67018.23
Skyline Pvt Ltd,Bank Charges,2024-04,81151.74
Skyline Pvt Ltd,Bank Charges,2024-05,82315.89
Skyline Pvt Ltd,Bank Charges,2024-06,81099.12
Skyline Pvt Ltd,Bank Charges,2024-07,66675.21
Skyline Pvt Ltd,Bank Charges,2024-08,88273.39
Skyline Pvt Ltd,Bank Charges,2024-09,84590.43
Skyline Pvt Ltd,Bank Charges,2024-10,80223.27
Skyline Pvt Ltd,Bank Charges,2024-11,82931.16
Skyline Pvt Ltd,Bank Charges,2024-12,82553.55
Skyline Pvt Ltd,Bank Charges,2025-01,68474.41
Skyline Pvt Ltd,Bank Charges,2025-02,68014.37
Skyline Pvt Ltd,Bank Charges,2025-03,75813.4
Skyline Pvt Ltd,Bank Charges,2025-04,83431.23
Skyline Pvt Ltd,Bank Charges,2025-05,74247.62
Skyline Pvt Ltd,Bank Charges,2025-06,75080.66
Skyline Pvt Ltd,Bank Charges,2025-07,74606.43
Skyline Pvt Ltd,Bank Charges,2025-08,79404.92
Skyline Pvt Ltd,Bank Charges,2025-09,82935.28
Skyline Pvt Ltd,Bank Charges,2025-10,77996.96
Skyline Pvt Ltd,Bank Charges,2025-11,72301.32
Skyline Pvt Ltd,Bank Charges,2025-12,79325.6
Skyline Pvt Ltd,Bank Charges,2026-01,75036.32
Skyline Pvt Ltd,Bank Charges,2026-02,89550.48
Skyline Pvt Ltd,Bank Charges,2026-03,77385.29
Skyline Pvt Ltd,Bank Charges,2026-04,87765.27
Skyline Pvt Ltd,Bank Charges,2026-05,68174.79
Skyline Pvt Ltd,Bank Charges,2026-06,86228.68
Skyline Pvt Ltd,Bank Charges,2026-07,80947.07
Skyline Pvt Ltd,Other Expense,2022-01,151645.56
Skyline Pvt Ltd,Other Expense,2022-02,156921.46
Skyline Pvt Ltd,Other Expense,2022-03,145781.61
Skyline Pvt Ltd,Other Expense,2022-04,150413.19
Skyline Pvt Ltd,Other Expense,2022-05,131355.95
Skyline Pvt Ltd,Other Expense,2022-06,165010.32
Skyline Pvt Ltd,Other Expense,2022-07,131183.8
Skyline Pvt Ltd,Other Expense,2022-08,151077.01
Skyline Pvt Ltd,Other Expense,2022-09,158866.44
Skyline Pvt Ltd,Other Expense,2022-10,132178.54
Skyline Pvt Ltd,Other Expense,2022-11,125741.51
Skyline Pvt Ltd,Other Expense,2022-12,157455.1
Skyline Pvt Ltd,Other Expense,2023-01,157964.46
Skyline Pvt Ltd,Other Expense,2023-02,145552.99
Skyline Pvt Ltd,Other Expense,2023-03,165062.05
Skyline Pvt Ltd,Other Expense,2023-04,138285.51
Skyline Pvt Ltd,Other Expense,2023-05,133554.06
Skyline Pvt Ltd,Other Expense,2023-06,155849.05
Skyline Pvt Ltd,Other Expense,2023-07,145008.09
Skyline Pvt Ltd,Other Expense,2023-08,139510.04
Skyline Pvt Ltd,Other Expense,2023-09,156094.1
Skyline Pvt Ltd,Other Expense,2023-10,145027.92
Skyline Pvt Ltd,Other Expense,2023-11,137178.85
Skyline Pvt Ltd,Other Expense,2023-12,156522.09
Skyline Pvt Ltd,Other Expense,2024-01,163190.37
Skyline Pvt Ltd,Other Expense,2024-02,152624.24
Skyline Pvt Ltd,Other Expense,2024-03,143459.94
Skyline Pvt Ltd,Other Expense,2024-04,123884.5
Skyline Pvt Ltd,Other Expense,2024-05,139826.79
Skyline Pvt Ltd,Other Expense,2024-06,124194.09
Skyline Pvt Ltd,Other Expense,2024-07,128655.02
Skyline Pvt Ltd,Other Expense,2024-08,147715.11
Skyline Pvt Ltd,Other Expense,2024-09,140352.79
Skyline Pvt Ltd,Other Expense,2024-10,163999.29
Skyline Pvt Ltd,Other Expense,2024-11,164852.25
Skyline Pvt Ltd,Other Expense,2024-12,147649.83
Skyline Pvt Ltd,Other Expense,2025-01,152644.35
Skyline Pvt Ltd,Other Expense,2025-02,153527.01
Skyline Pvt Ltd,Other Expense,2025-03,139557.72
Skyline Pvt Ltd,Other Expense,2025-04,146020.07
Skyline Pvt Ltd,Other Expense,2025-05,147146.79
Skyline Pvt Ltd,Other Expense,2025-06,158070.73
Skyline Pvt Ltd,Other Expense,2025-07,131226.78
Skyline Pvt Ltd,Other Expense,2025-08,142218.02
Skyline Pvt Ltd,Other Expense,2025-09,161054.55
Skyline Pvt Ltd,Other Expense,2025-10,152237.03
Skyline Pvt Ltd,Other Expense,2025-11,151845.53
Skyline Pvt Ltd,Other Expense,2025-12,157156.7
Skyline Pvt Ltd,Other Expense,2026-01,145632.09
Skyline Pvt Ltd,Other Expense,2026-02,132469.69
Skyline Pvt Ltd,Other Expense,2026-03,132181.6
Skyline Pvt Ltd,Other Expense,2026-04,140937.91
Skyline Pvt Ltd,Other Expense,2026-05,139890.3
Skyline Pvt Ltd,Other Expense,2026-06,166029.45
Skyline Pvt Ltd,Other Expense,2026-07,163907.7
Skyline Pvt Ltd,Raw Materials,2022-01,149052.07
Skyline Pvt Ltd,Raw Materials,2022-02,187903.48
Skyline Pvt Ltd,Raw Materials,2022-03,169526.25
Skyline Pvt Ltd,Raw Materials,2022-04,169648.09
Skyline Pvt Ltd,Raw Materials,2022-05,160283.01
Skyline Pvt Ltd,Raw Materials,2022-06,171345.71
Skyline Pvt Ltd,Raw Materials,2022-07,183005.99
Skyline Pvt Ltd,Raw Materials,2022-08,194233.43
Skyline Pvt Ltd,Raw Materials,2022-09,152658.73
Skyline Pvt Ltd,Raw Materials,2022-10,171538.07
Skyline Pvt Ltd,Raw Materials,2022-11,169884.92
Skyline Pvt Ltd,Raw Materials,2022-12,153656.13
Skyline Pvt Ltd,Raw Materials,2023-01,152272.68
Skyline Pvt Ltd,Raw Materials,2023-02,187322.14
Skyline Pvt Ltd,Raw Materials,2023-03,192954.01
Skyline Pvt Ltd,Raw Materials,2023-04,159795.62
Skyline Pvt Ltd,Raw Materials,2023-05,151279.73
Skyline Pvt Ltd,Raw Materials,2023-06,188184.77
Skyline Pvt Ltd,Raw Materials,2023-07,188765.72
Skyline Pvt Ltd,Raw Materials,2023-08,191769.29
Skyline Pvt Ltd,Raw Materials,2023-09,156507.17
Skyline Pvt Ltd,Raw Materials,2023-10,179701.65
Skyline Pvt Ltd,Raw Materials,2023-11,192044.6
Skyline Pvt Ltd,Raw Materials,2023-12,177360.04
Skyline Pvt Ltd,Raw Materials,2024-01,183901.13
Skyline Pvt Ltd,Raw Materials,2024-02,162835.44
Skyline Pvt Ltd,Raw Materials,2024-03,195241.17
Skyline Pvt Ltd,Raw Materials,2024-04,185653.78
Skyline Pvt Ltd,Raw Materials,2024-05,162003.52
Skyline Pvt Ltd,Raw Materials,2024-06,154536.09
Skyline Pvt Ltd,Raw Materials,2024-07,159554.56
Skyline Pvt Ltd,Raw Materials,2024-08,160352.51
Skyline Pvt Ltd,Raw Materials,2024-09,148044.37
Skyline Pvt Ltd,Raw Materials,2024-10,158237.72
Skyline Pvt Ltd,Raw Materials,2024-11,176608.63
Skyline Pvt Ltd,Raw Materials,2024-12,161868.29
Skyline Pvt Ltd,Raw Materials,2025-01,154382.43
Skyline Pvt Ltd,Raw Materials,2025-02,167933.3
Skyline Pvt Ltd,Raw Materials,2025-03,184484.67
Skyline Pvt Ltd,Raw Materials,2025-04,150636.96
Skyline Pvt Ltd,Raw Materials,2025-05,189694.3
Skyline Pvt Ltd,Raw Materials,2025-06,151684.96
Skyline Pvt Ltd,Raw Materials,2025-07,190550.7
Skyline Pvt Ltd,Raw Materials,2025-08,145528.87
Skyline Pvt Ltd,Raw Materials,2025-09,155131.75
Skyline Pvt Ltd,Raw Materials,2025-10,167332.64
Skyline Pvt Ltd,Raw Materials,2025-11,169959.41
Skyline Pvt Ltd,Raw Materials,2025-12,145593.39
Skyline Pvt Ltd,Raw Materials,2026-01,181969.16
Skyline Pvt Ltd,Raw Materials,2026-02,160147.63
Skyline Pvt Ltd,Raw Materials,2026-03,177522.12
Skyline Pvt Ltd,Raw Materials,2026-04,163936.18
Skyline Pvt Ltd,Raw Materials,2026-05,147030.83
Skyline Pvt Ltd,Raw Materials,2026-06,181693.63
Skyline Pvt Ltd,Raw Materials,2026-07,165639.99
Skyline Pvt Ltd,Equipment Purchase,2022-01,233689.23
Skyline Pvt Ltd,Equipment Purchase,2022-02,255175.66
Skyline Pvt Ltd,Equipment Purchase,2022-03,279886.0
Skyline Pvt Ltd,Equipment Purchase,2022-04,264944.65
Skyline Pvt Ltd,Equipment Purchase,2022-05,250826.74
Skyline Pvt Ltd,Equipment Purchase,2022-06,251717.72
Skyline Pvt Ltd,Equipment Purchase,2022-07,269806.43
Skyline Pvt Ltd,Equipment Purchase,2022-08,260308.97
Skyline Pvt Ltd,Equipment Purchase,2022-09,265861.76
Skyline Pvt Ltd,Equipment Purchase,2022-10,233954.02
Skyline Pvt Ltd,Equipment Purchase,2022-11,242735.58
Skyline Pvt Ltd,Equipment Purchase,2022-12,241940.31
Skyline Pvt Ltd,Equipment Purchase,2023-01,270430.3
Skyline Pvt Ltd,Equipment Purchase,2023-02,255561.03
Skyline Pvt Ltd,Equipment Purchase,2023-03,265554.53
Skyline Pvt Ltd,Equipment Purchase,2023-04,290772.82
Skyline Pvt Ltd,Equipment Purchase,2023-05,294691.63
Skyline Pvt Ltd,Equipment Purchase,2023-06,243989.02
Skyline Pvt Ltd,Equipment Purchase,2023-07,240486.21
Skyline Pvt Ltd,Equipment Purchase,2023-08,246051.06
Skyline Pvt Ltd,Equipment Purchase,2023-09,232655.71
Skyline Pvt Ltd,Equipment Purchase,2023-10,222753.75
Skyline Pvt Ltd,Equipment Purchase,2023-11,267791.38
Skyline Pvt Ltd,Equipment Purchase,2023-12,224248.92
Skyline Pvt Ltd,Equipment Purchase,2024-01,264935.25
Skyline Pvt Ltd,Equipment Purchase,2024-02,278859.79
Skyline Pvt Ltd,Equipment Purchase,2024-03,229261.63
Skyline Pvt Ltd,Equipment Purchase,2024-04,256971.84
Skyline Pvt Ltd,Equipment Purchase,2024-05,280746.66
Skyline Pvt Ltd,Equipment Purchase,2024-06,228761.53
Skyline Pvt Ltd,Equipment Purchase,2024-07,287408.83
Skyline Pvt Ltd,Equipment Purchase,2024-08,285320.2
Skyline Pvt Ltd,Equipment Purchase,2024-09,278498.87
Skyline Pvt Ltd,Equipment Purchase,2024-10,268170.51
Skyline Pvt Ltd,Equipment Purchase,2024-11,275958.95
Skyline Pvt Ltd,Equipment Purchase,2024-12,292355.72
Skyline Pvt Ltd,Equipment Purchase,2025-01,259326.71
Skyline Pvt Ltd,Equipment Purchase,2025-02,253889.61
Skyline Pvt Ltd,Equipment Purchase,2025-03,232021.25
Skyline Pvt Ltd,Equipment Purchase,2025-04,274864.68
Skyline Pvt Ltd,Equipment Purchase,2025-05,292572.78
Skyline Pvt Ltd,Equipment Purchase,2025-06,242787.56
Skyline Pvt Ltd,Equipment Purchase,2025-07,225442.66
Skyline Pvt Ltd,Equipment Purchase,2025-08,258207.96
Skyline Pvt Ltd,Equipment Purchase,2025-09,291060.34
Skyline Pvt Ltd,Equipment Purchase,2025-10,261089.03
Skyline Pvt Ltd,Equipment Purchase,2025-11,254268.44
Skyline Pvt Ltd,Equipment Purchase,2025-12,255913.62
Skyline Pvt Ltd,Equipment Purchase,2026-01,241240.05
Skyline Pvt Ltd,Equipment Purchase,2026-02,271510.25
Skyline Pvt Ltd,Equipment Purchase,2026-03,293708.5
Skyline Pvt Ltd,Equipment Purchase,2026-04,286293.43
Skyline Pvt Ltd,Equipment Purchase,2026-05,289757.02
Skyline Pvt Ltd,Equipment Purchase,2026-06,225647.65
Skyline Pvt Ltd,Equipment Purchase,2026-07,271310.96
Skyline Pvt Ltd,Insurance,2022-01,341433.45
Skyline Pvt Ltd,Insurance,2022-02,288651.66
Skyline Pvt Ltd,Insurance,2022-03,314083.68
Skyline Pvt Ltd,Insurance,2022-04,376084.66
Skyline Pvt Ltd,Insurance,2022-05,299256.03
Skyline Pvt Ltd,Insurance,2022-06,368059.88
Skyline Pvt Ltd,Insurance,2022-07,342281.94
Skyline Pvt Ltd,Insurance,2022-08,316780.44
Skyline Pvt Ltd,Insurance,2022-09,314785.73
Skyline Pvt Ltd,Insurance,2022-10,330149.64
Skyline Pvt Ltd,Insurance,2022-11,375350.29
Skyline Pvt Ltd,Insurance,2022-12,320261.41
Skyline Pvt Ltd,Insurance,2023-01,319652.96
Skyline Pvt Ltd,Insurance,2023-02,292617.59
Skyline Pvt Ltd,Insurance,2023-03,351883.22
Skyline Pvt Ltd,Insurance,2023-04,358205.22
Skyline Pvt Ltd,Insurance,2023-05,339167.58
Skyline Pvt Ltd,Insurance,2023-06,283418.95
Skyline Pvt Ltd,Insurance,2023-07,307446.37
Skyline Pvt Ltd,Insurance,2023-08,314381.26
Skyline Pvt Ltd,Insurance,2023-09,316192.86
Skyline Pvt Ltd,Insurance,2023-10,309378.4
Skyline Pvt Ltd,Insurance,2023-11,311408.28
Skyline Pvt Ltd,Insurance,2023-12,353173.13
Skyline Pvt Ltd,Insurance,2024-01,326722.47
Skyline Pvt Ltd,Insurance,2024-02,319936.66
Skyline Pvt Ltd,Insurance,2024-03,382009.34
Skyline Pvt Ltd,Insurance,2024-04,355179.31
Skyline Pvt Ltd,Insurance,2024-05,345154.14
Skyline Pvt Ltd,Insurance,2024-06,348556.7
Skyline Pvt Ltd,Insurance,2024-07,311103.25
Skyline Pvt Ltd,Insurance,2024-08,357832.02
Skyline Pvt Ltd,Insurance,2024-09,373889.95
Skyline Pvt Ltd,Insurance,2024-10,317287.49
Skyline Pvt Ltd,Insurance,2024-11,332831.84
Skyline Pvt Ltd,Insurance,2024-12,284558.29
Skyline Pvt Ltd,Insurance,2025-01,361160.76
Skyline Pvt Ltd,Insurance,2025-02,344918.38
Skyline Pvt Ltd,Insurance,2025-03,359666.42
Skyline Pvt Ltd,Insurance,2025-04,372295.61
Skyline Pvt Ltd,Insurance,2025-05,298826.56
Skyline Pvt Ltd,Insurance,2025-06,287198.58
Skyline Pvt Ltd,Insurance,2025-07,343145.57
Skyline Pvt Ltd,Insurance,2025-08,294624.25
Skyline Pvt Ltd,Insurance,2025-09,337786.0
Skyline Pvt Ltd,Insurance,2025-10,320056.77
Skyline Pvt Ltd,Insurance,2025-11,376289.77
Skyline Pvt Ltd,Insurance,2025-12,290463.72
Skyline Pvt Ltd,Insurance,2026-01,375727.71
Skyline Pvt Ltd,Insurance,2026-02,340721.64
Skyline Pvt Ltd,Insurance,2026-03,294391.09
Skyline Pvt Ltd,Insurance,2026-04,354879.74
Skyline Pvt Ltd,Insurance,2026-05,363170.0
Skyline Pvt Ltd,Insurance,2026-06,382154.63
Skyline Pvt Ltd,Insurance,2026-07,346528.51
Skyline Pvt Ltd,Repairs & Maintenance,2022-01,179410.78
Skyline Pvt Ltd,Repairs & Maintenance,2022-02,167614.4
Skyline Pvt Ltd,Repairs & Maintenance,2022-03,145240.48
Skyline Pvt Ltd,Repairs & Maintenance,2022-04,172673.05
Skyline Pvt Ltd,Repairs & Maintenance,2022-05,181046.59
Skyline Pvt Ltd,Repairs & Maintenance,2022-06,151804.36
Skyline Pvt Ltd,Repairs & Maintenance,2022-07,149183.24
Skyline Pvt Ltd,Repairs & Maintenance,2022-08,152007.81
Skyline Pvt Ltd,Repairs & Maintenance,2022-09,167637.74
Skyline Pvt Ltd,Repairs & Maintenance,2022-10,161805.19
Skyline Pvt Ltd,Repairs & Maintenance,2022-11,178688.71
Skyline Pvt Ltd,Repairs & Maintenance,2022-12,180843.68
Skyline Pvt Ltd,Repairs & Maintenance,2023-01,147016.82
Skyline Pvt Ltd,Repairs & Maintenance,2023-02,175204.55
Skyline Pvt Ltd,Repairs & Maintenance,2023-03,160786.68
Skyline Pvt Ltd,Repairs & Maintenance,2023-04,143343.35
Skyline Pvt Ltd,Repairs & Maintenance,2023-05,140422.02
Skyline Pvt Ltd,Repairs & Maintenance,2023-06,183084.83
Skyline Pvt Ltd,Repairs & Maintenance,2023-07,153183.82
Skyline Pvt Ltd,Repairs & Maintenance,2023-08,139989.34
Skyline Pvt Ltd,Repairs & Maintenance,2023-09,145488.07
Skyline Pvt Ltd,Repairs & Maintenance,2023-10,145147.0
Skyline Pvt Ltd,Repairs & Maintenance,2023-11,169180.84
Skyline Pvt Ltd,Repairs & Maintenance,2023-12,177603.64
Skyline Pvt Ltd,Repairs & Maintenance,2024-01,171467.95
Skyline Pvt Ltd,Repairs & Maintenance,2024-02,182943.17
Skyline Pvt Ltd,Repairs & Maintenance,2024-03,153254.41
Skyline Pvt Ltd,Repairs & Maintenance,2024-04,174020.29
Skyline Pvt Ltd,Repairs & Maintenance,2024-05,178079.15
Skyline Pvt Ltd,Repairs & Maintenance,2024-06,182095.39
Skyline Pvt Ltd,Repairs & Maintenance,2024-07,139798.52
Skyline Pvt Ltd,Repairs & Maintenance,2024-08,180830.87
Skyline Pvt Ltd,Repairs & Maintenance,2024-09,141266.08
Skyline Pvt Ltd,Repairs & Maintenance,2024-10,157424.98
Skyline Pvt Ltd,Repairs & Maintenance,2024-11,179580.35
Skyline Pvt Ltd,Repairs & Maintenance,2024-12,150293.46
Skyline Pvt Ltd,Repairs & Maintenance,2025-01,142930.24
Skyline Pvt Ltd,Repairs & Maintenance,2025-02,146480.78
Skyline Pvt Ltd,Repairs & Maintenance,2025-03,183089.39
Skyline Pvt Ltd,Repairs & Maintenance,2025-04,172159.46
Skyline Pvt Ltd,Repairs & Maintenance,2025-05,140238.3
Skyline Pvt Ltd,Repairs & Maintenance,2025-06,140171.92
Skyline Pvt Ltd,Repairs & Maintenance,2025-07,184475.76
Skyline Pvt Ltd,Repairs & Maintenance,2025-08,140027.82
Skyline Pvt Ltd,Repairs & Maintenance,2025-09,174023.41
Skyline Pvt Ltd,Repairs & Maintenance,2025-10,180664.46
Skyline Pvt Ltd,Repairs & Maintenance,2025-11,156083.99
Skyline Pvt Ltd,Repairs & Maintenance,2025-12,169523.41
Skyline Pvt Ltd,Repairs & Maintenance,2026-01,164867.82
Skyline Pvt Ltd,Repairs & Maintenance,2026-02,184725.68
Skyline Pvt Ltd,Repairs & Maintenance,2026-03,185552.31
Skyline Pvt Ltd,Repairs & Maintenance,2026-04,168976.52
Skyline Pvt Ltd,Repairs & Maintenance,2026-05,169613.17
Skyline Pvt Ltd,Repairs & Maintenance,2026-06,142476.66
Skyline Pvt Ltd,Repairs & Maintenance,2026-07,164080.05
